-- phpMyAdmin SQL Dump
-- version 5.1.1
-- https://www.phpmyadmin.net/
--
-- Host: localhost
-- Generation Time: Dec 12, 2021 at 01:02 AM
-- Server version: 10.4.21-MariaDB
-- PHP Version: 8.0.12

SET SQL_MODE = "NO_AUTO_VALUE_ON_ZERO";
START TRANSACTION;
SET time_zone = "+00:00";


/*!40101 SET @OLD_CHARACTER_SET_CLIENT=@@CHARACTER_SET_CLIENT */;
/*!40101 SET @OLD_CHARACTER_SET_RESULTS=@@CHARACTER_SET_RESULTS */;
/*!40101 SET @OLD_COLLATION_CONNECTION=@@COLLATION_CONNECTION */;
/*!40101 SET NAMES utf8mb4 */;

--
-- Database: `colorful`
--
CREATE DATABASE IF NOT EXISTS `colorful` DEFAULT CHARACTER SET utf8mb4 COLLATE utf8mb4_general_ci;
USE `colorful`;

-- --------------------------------------------------------

--
-- Table structure for table `admin`
--

DROP TABLE IF EXISTS `admin`;
CREATE TABLE `admin` (
  `admin_id` int(6) UNSIGNED NOT NULL,
  `admin_account` varchar(30) DEFAULT NULL,
  `admin_password` varchar(50) DEFAULT NULL,
  `admin_name` varchar(30) DEFAULT NULL,
  `admin_valid` tinyint(4) NOT NULL DEFAULT 1,
  `admin_hint` varchar(30) NOT NULL
) ENGINE=InnoDB DEFAULT CHARSET=utf8mb4;

--
-- Dumping data for table `admin`
--

INSERT INTO `admin` (`admin_id`, `admin_account`, `admin_password`, `admin_name`, `admin_valid`, `admin_hint`) VALUES
(1, 'colorful', 'abc123', 'Chris', 1, '');

-- --------------------------------------------------------

--
-- Table structure for table `category`
--

DROP TABLE IF EXISTS `category`;
CREATE TABLE `category` (
  `category_id` int(6) UNSIGNED NOT NULL,
  `category_name` varchar(30) NOT NULL,
  `category_description` varchar(30) NOT NULL
) ENGINE=InnoDB DEFAULT CHARSET=utf8mb4;

--
-- Dumping data for table `category`
--

INSERT INTO `category` (`category_id`, `category_name`, `category_description`) VALUES
(1, 'wedding', ''),
(2, 'food', ''),
(3, 'film', ''),
(4, 'scenery', ''),
(5, 'portrait', '');

-- --------------------------------------------------------

--
-- Table structure for table `customer`
--

DROP TABLE IF EXISTS `customer`;
CREATE TABLE `customer` (
  `id` int(6) UNSIGNED NOT NULL,
  `account` varchar(30) CHARACTER SET utf8mb4 COLLATE utf8mb4_unicode_ci DEFAULT NULL,
  `name` varchar(30) CHARACTER SET utf8mb4 COLLATE utf8mb4_unicode_ci NOT NULL,
  `password` varchar(30) CHARACTER SET utf8mb4 COLLATE utf8mb4_unicode_ci DEFAULT NULL,
  `email` varchar(30) CHARACTER SET utf8mb4 COLLATE utf8mb4_unicode_ci NOT NULL,
  `phone` int(20) NOT NULL,
  `created_at` datetime DEFAULT NULL,
  `edit_at` datetime DEFAULT NULL,
  `valid` tinyint(4) DEFAULT NULL
) ENGINE=InnoDB DEFAULT CHARSET=utf8mb4;

--
-- Dumping data for table `customer`
--

INSERT INTO `customer` (`id`, `account`, `name`, `password`, `email`, `phone`, `created_at`, `edit_at`, `valid`) VALUES
(1, '1', 'John', '12345', 'john@test.com', 123456789, '2021-12-02 19:30:52', NULL, 1);

-- --------------------------------------------------------

--
-- Table structure for table `discount`
--

DROP TABLE IF EXISTS `discount`;
CREATE TABLE `discount` (
  `id` int(11) NOT NULL,
  `code` varchar(30) NOT NULL,
  `status` int(11) NOT NULL,
  `amount` int(11) NOT NULL DEFAULT 0
) ENGINE=InnoDB DEFAULT CHARSET=utf8mb4;

--
-- Dumping data for table `discount`
--

INSERT INTO `discount` (`id`, `code`, `status`, `amount`) VALUES
(1, 'XMAS', 1, 3),
(2, 'LOVE', 1, 3),
(3, 'BIRTHDAY', 1, 3);

-- --------------------------------------------------------

--
-- Table structure for table `member`
--

DROP TABLE IF EXISTS `member`;
CREATE TABLE `member` (
  `id` int(11) DEFAULT NULL,
  `account` varchar(50) DEFAULT NULL,
  `name` varchar(50) DEFAULT NULL,
  `birthday` date DEFAULT NULL,
  `discount_id` int(11) DEFAULT NULL,
  `gender` varchar(50) DEFAULT NULL,
  `password` varchar(50) DEFAULT NULL,
  `email` varchar(50) DEFAULT NULL,
  `phone` varchar(50) DEFAULT NULL,
  `subscribe` int(11) DEFAULT NULL,
  `created_at` date DEFAULT NULL,
  `edit_at` date DEFAULT NULL,
  `valid` int(11) DEFAULT NULL,
  `tag_id` int(11) DEFAULT NULL
) ENGINE=InnoDB DEFAULT CHARSET=utf8mb4;

--
-- Dumping data for table `member`
--

INSERT INTO `member` (`id`, `account`, `name`, `birthday`, `discount_id`, `gender`, `password`, `email`, `phone`, `subscribe`, `created_at`, `edit_at`, `valid`, `tag_id`) VALUES
(1, 'mapplegate0', 'Minnaminnie Applegate', '2012-07-26', 2, 'Female', '259ea6b38e2625f3bdaf83d18ee2a54b', 'mapplegate0@usatoday.com', '572-624-2906', 2, '2020-03-18', '2021-05-09', 1, 2),
(2, 'mmassy1', 'Muhammad Massy', '1984-08-12', 2, 'Female', '6ddceed4399fb82b94b8fdd833675c79', 'mmassy1@miitbeian.gov.cn', '562-424-1826', 4, '2021-03-29', '2020-09-07', 1, 1),
(3, 'thurdwell2', 'Tallou Hurdwell', '1993-09-06', 2, 'Male', 'bab2357c584c0ff60eb2dbcc7863c16a', 'thurdwell2@hatena.ne.jp', '645-908-8447', 1, '2021-06-05', '2020-10-18', 1, 1),
(4, 'pmunks3', 'Pete Munks', '2012-03-19', 2, 'Male', 'ba4d508a126e33de7c8959f3f1832a7e', 'pmunks3@nyu.edu', '508-920-6591', 3, '2021-10-24', '2021-10-12', 1, 2),
(5, 'vfollan4', 'Vernor Follan', '1992-10-16', 1, 'Male', 'fd8557e364be41d795563d2118d1e8bb', 'vfollan4@i2i.jp', '924-374-0553', 1, '2021-10-22', '2020-08-06', 1, 1),
(6, 'kedwardes5', 'Kearney Edwardes', '1999-02-27', 1, 'Male', '0ed59147f9ccd4b45da874aca45e456b', 'kedwardes5@phoca.cz', '171-247-6723', 2, '2021-04-05', '2020-08-27', 1, 2),
(7, 'kgeraud6', 'Katerina Geraud', '1986-11-17', 1, 'Female', '8c58637d5e9f4210b0aa7573b8e0d578', 'kgeraud6@amazon.com', '346-590-2491', 3, '2020-01-15', '2021-10-21', 1, 2),
(8, 'uhallowes7', 'Urbanus Hallowes', '1971-05-20', 2, 'Male', '477e791053d8b681f8786cee5370ffb1', 'uhallowes7@indiegogo.com', '877-890-3383', 4, '2021-10-20', '2021-07-26', 1, 2),
(9, 'hodd8', 'Hoebart Odd', '2000-10-27', 3, 'Male', 'f9dccc4f67b97df60dd7c617a9566c49', 'hodd8@youtube.com', '774-616-7235', 3, '2020-10-29', '2020-04-01', 1, 1),
(10, 'mwilbud9', 'Modesta Wilbud', '1983-09-01', 1, 'Female', '6942b3e0249339514e768fb3beab9e18', 'mwilbud9@webs.com', '412-266-4493', 1, '2021-08-23', '2021-06-09', 1, 1),
(11, 'ananglea', 'Algernon Nangle', '1973-11-02', 3, 'Female', '98f5a161830e5f5386e1f77ba9cabfa5', 'ananglea@issuu.com', '642-949-5243', 2, '2019-12-31', '2020-07-16', 1, 2),
(12, 'textallb', 'Torry Extall', '2001-05-13', 1, 'Male', 'cd29e78505fb96e64bff9442d1f585ec', 'textallb@symantec.com', '718-955-8510', 1, '2021-07-24', '2021-05-26', 1, 1),
(13, 'bfrigoutc', 'Bayard Frigout', '1963-09-27', 3, 'Male', '787aac4ad6014aed4aeff5d944b0d057', 'bfrigoutc@forbes.com', '452-194-5970', 4, '2021-07-17', '2021-01-23', 1, 2),
(14, 'drosbothamd', 'Deanne Rosbotham', '1983-08-13', 3, 'Male', 'db925e8f1eda9581f1fd57e2f348ab0b', 'drosbothamd@exblog.jp', '285-301-1188', 1, '2021-07-16', '2020-08-23', 1, 2),
(15, 'gdickee', 'Gypsy Dicke', '2020-09-07', 1, 'Male', 'eeb80ab2d0cb80572034811313609ce0', 'gdickee@howstuffworks.com', '640-538-2391', 3, '2020-10-01', '2021-07-10', 1, 1),
(16, 'jdenricof', 'Jessamine D\'Enrico', '1983-01-06', 3, 'Male', '45807cece02bc9378fd3075705d10e6c', 'jdenricof@cbslocal.com', '800-464-5858', 1, '2021-09-07', '2020-02-06', 1, 1),
(17, 'rpenticootg', 'Reggie Penticoot', '1974-02-20', 3, 'Female', 'a475063a263f2a222b322e1f84d6f181', 'rpenticootg@indiegogo.com', '861-676-4970', 2, '2021-02-28', '2020-04-06', 1, 1),
(18, 'gmcgauhyh', 'Gizela McGauhy', '1979-06-14', 2, 'Female', 'e9ae4a874b3b28d0715df5ae1e41eaf1', 'gmcgauhyh@amazon.co.jp', '794-581-8259', 3, '2020-07-27', '2021-08-02', 1, 1),
(19, 'rcuninghami', 'Risa Cuningham', '1975-10-19', 2, 'Male', '6c999069c86302bb38f1077b3dbec6f5', 'rcuninghami@indiegogo.com', '338-168-5335', 2, '2021-07-26', '2020-05-13', 1, 2),
(20, 'fhymansj', 'Fae Hymans', '2020-03-02', 2, 'Male', '09286cf062cff8f4637bdec6d44941ac', 'fhymansj@boston.com', '210-179-1355', 2, '2021-11-08', '2021-04-30', 1, 2),
(21, 'lyegoshink', 'Leann Yegoshin', '1982-05-18', 1, 'Male', 'b1cdedf1a57249853f70573b68ab6974', 'lyegoshink@wikispaces.com', '595-258-2838', 3, '2021-07-01', '2020-10-18', 1, 2),
(22, 'ddayshl', 'Danit Daysh', '1989-02-10', 2, 'Male', '78acc4d591bbfabb5f77aadf36f70231', 'ddayshl@youtube.com', '113-440-0341', 3, '2021-07-20', '2021-01-07', 1, 1),
(23, 'lhawkinm', 'Lian Hawkin', '1989-07-23', 3, 'Female', '60ef67eb9339d10aa73d094910b6d0c4', 'lhawkinm@quantcast.com', '995-747-5281', 2, '2021-02-14', '2019-12-23', 1, 2),
(24, 'fshillakern', 'Frayda Shillaker', '1981-12-12', 2, 'Female', '7c58aedcfd70710e4f8982d1547def6d', 'fshillakern@drupal.org', '407-594-4253', 3, '2020-05-11', '2021-02-28', 1, 2),
(25, 'vsimono', 'Virginia Simon', '1976-08-14', 3, 'Male', 'a0d267b3841dade2a4552356e510821e', 'vsimono@over-blog.com', '365-955-9102', 2, '2020-10-08', '2021-04-15', 1, 2),
(26, 'cdickensp', 'Cathe Dickens', '1985-01-19', 2, 'Female', 'c7f15d8d7ab0c357ec370f35e5c3062b', 'cdickensp@fastcompany.com', '875-843-2385', 1, '2021-09-13', '2021-08-11', 1, 2),
(27, 'kpouldenq', 'Keene Poulden', '2015-01-10', 3, 'Male', '22fb2eb6aa551e2397a07d4a6575ee0c', 'kpouldenq@admin.ch', '126-696-5073', 4, '2020-09-19', '2020-05-12', 1, 2),
(28, 'mbowickr', 'Melva Bowick', '2016-08-29', 3, 'Female', '7c4efb04784a85eb182dd941a71ea85c', 'mbowickr@adobe.com', '843-319-9194', 2, '2020-07-24', '2021-04-10', 1, 1),
(29, 'gadnams', 'Glad Adnam', '2015-04-24', 2, 'Female', '9166c19cd9ec822fdb953e51ddd544d7', 'gadnams@stanford.edu', '742-491-5302', 4, '2020-07-14', '2021-08-17', 1, 2),
(30, 'bgroartyt', 'Bobinette Groarty', '1977-03-31', 3, 'Male', '6def85bca55605f39289d40cc67ba2b8', 'bgroartyt@stumbleupon.com', '734-230-9452', 4, '2020-12-05', '2020-10-01', 1, 1),
(31, 'ljouningu', 'Larina Jouning', '1994-01-20', 3, 'Female', '69fa5e225711df1b6b81c9c3d73f1e68', 'ljouningu@google.com.hk', '829-295-0476', 3, '2020-02-02', '2020-03-31', 1, 1),
(32, 'kditzelv', 'Kincaid Ditzel', '2008-02-24', 1, 'Female', 'b95e74e3090770f5e685cd1724fff62c', 'kditzelv@chron.com', '610-807-0354', 3, '2021-08-08', '2020-05-06', 1, 1),
(33, 'sbetteneyw', 'Scottie Betteney', '2014-03-06', 1, 'Female', '1c647b4a5b74ddef52675e3ef92d223c', 'sbetteneyw@cloudflare.com', '858-271-9678', 3, '2020-02-20', '2020-12-01', 1, 2),
(34, 'cboigx', 'Carma Boig', '2005-07-29', 1, 'Female', '759aa24f4a5c4562a70acef119fd88bb', 'cboigx@blog.com', '334-831-3556', 1, '2020-02-29', '2020-01-23', 1, 2),
(35, 'mmoukesy', 'Merridie Moukes', '1976-08-23', 1, 'Male', '4dda54768f1d67a89c81aa529d5815e5', 'mmoukesy@cisco.com', '689-168-5882', 2, '2021-08-22', '2020-01-04', 1, 2),
(36, 'sfisbeyz', 'Stan Fisbey', '2020-11-11', 3, 'Female', '336a593eaa237079a28e3c0e7952d513', 'sfisbeyz@hatena.ne.jp', '999-762-6754', 1, '2021-06-25', '2021-12-01', 1, 2),
(37, 'bgowrich10', 'Bridget Gowrich', '2014-04-15', 3, 'Female', '62a30484d1502689c51dc02a0b7e4b3c', 'bgowrich10@facebook.com', '164-944-5006', 3, '2020-06-28', '2021-03-28', 1, 2),
(38, 'rvenour11', 'Robby Venour', '2017-04-01', 2, 'Female', '82665087cceecf463042c3eada295428', 'rvenour11@com.com', '362-528-5783', 4, '2021-03-11', '2021-02-26', 1, 2),
(39, 'mrummin12', 'Marlowe Rummin', '1964-08-17', 2, 'Female', '33ae016d8d78adaf95b3332f7daedc11', 'mrummin12@ucsd.edu', '270-356-2661', 3, '2021-11-19', '2020-11-20', 1, 1),
(40, 'ktumayan13', 'Kaitlyn Tumayan', '2000-07-07', 1, 'Female', 'e82c634ef1fff4169ce8e188c665ffa2', 'ktumayan13@phpbb.com', '578-950-7209', 4, '2020-09-27', '2021-06-13', 1, 1),
(41, 'ade14', 'Ardenia De Bell', '2010-10-02', 1, 'Male', '15308cc75e569c7b8e5dceedd97af6b7', 'ade14@netvibes.com', '598-363-1408', 1, '2021-05-10', '2021-09-18', 1, 1),
(42, 'skinnie15', 'Saxe Kinnie', '1977-05-06', 2, 'Female', '2da98c6ed841c950474399eb1e952742', 'skinnie15@prweb.com', '505-628-3523', 3, '2020-08-23', '2020-11-02', 1, 2),
(43, 'lbrome16', 'Lebbie Brome', '2008-08-05', 2, 'Female', '4a189999356eea68c3457bec6f4badf7', 'lbrome16@statcounter.com', '179-744-8964', 3, '2021-05-14', '2021-02-22', 1, 1),
(44, 'reagleston17', 'Rosmunda Eagleston', '1972-11-13', 3, 'Male', '8568abc686c0860a1e28231596a5166d', 'reagleston17@ovh.net', '340-570-0284', 4, '2020-07-03', '2020-02-19', 1, 2),
(45, 'lhawkett18', 'Lorianna Hawkett', '1966-09-06', 3, 'Male', '1ecfef0f444723c231b4321976fa438f', 'lhawkett18@live.com', '802-512-5186', 4, '2020-06-24', '2020-07-30', 1, 2),
(46, 'bpeat19', 'Bernadene Peat', '2007-02-06', 1, 'Male', 'd6c91d35ca7bc8596c1352b7fa0f121e', 'bpeat19@lulu.com', '658-361-1837', 2, '2021-03-19', '2021-10-30', 1, 1),
(47, 'nforgie1a', 'Nerty Forgie', '1978-06-30', 3, 'Male', '8bfd118f4b6d9a27769bac97a99435db', 'nforgie1a@feedburner.com', '381-995-0949', 4, '2020-09-07', '2021-03-16', 1, 2),
(48, 'gkynman1b', 'Gibby Kynman', '1966-10-22', 3, 'Male', 'c32f00b8b2126b06ebe8d1bb2fd37c23', 'gkynman1b@wikia.com', '130-138-1987', 2, '2021-07-15', '2021-12-01', 1, 1),
(49, 'sgherardi1c', 'Stella Gherardi', '1974-05-04', 1, 'Male', '6f10910ad5fc4163124ce5a6bec146aa', 'sgherardi1c@tinypic.com', '440-277-4390', 1, '2020-06-21', '2020-02-13', 1, 1),
(50, 'bskillings1d', 'Babette Skillings', '2004-06-02', 2, 'Female', 'e81e24c22b744935d90c497e3b407e22', 'bskillings1d@telegraph.co.uk', '435-547-3368', 2, '2021-04-09', '2021-08-31', 1, 2),
(51, 'atomasicchio1e', 'Ansley Tomasicchio', '1964-06-19', 2, 'Male', 'e14f31504797f7cf2de562384eb12bf8', 'atomasicchio1e@hexun.com', '309-858-4228', 4, '2020-09-01', '2021-02-05', 1, 1),
(52, 'eblackman1f', 'El Blackman', '1991-07-12', 2, 'Female', 'a6940cc07f0bb26f59366b5fc0550d58', 'eblackman1f@state.tx.us', '263-971-2730', 1, '2021-06-09', '2021-11-11', 1, 1),
(53, 'amenure1g', 'Alexio Menure', '1995-05-29', 2, 'Female', '5e9526dd68ae5c6eabc1fed6c21de524', 'amenure1g@cargocollective.com', '450-861-9748', 4, '2020-04-18', '2020-09-24', 1, 2),
(54, 'akenchington1h', 'Alexandros Kenchington', '1973-08-15', 1, 'Male', '481946380c61bfaf98645645dae23a28', 'akenchington1h@digg.com', '512-599-2345', 2, '2020-02-10', '2021-06-14', 1, 2),
(55, 'ggrigoriev1i', 'Gregory Grigoriev', '1993-01-22', 2, 'Male', 'a50491166dc2e4e2c601382ff6a49ae1', 'ggrigoriev1i@narod.ru', '458-120-3906', 3, '2020-01-01', '2021-05-04', 1, 1),
(56, 'rbiddleston1j', 'Rriocard Biddleston', '1965-04-23', 2, 'Male', '68b5d52e2f3d2905029d6f051693caed', 'rbiddleston1j@jalbum.net', '579-687-0969', 1, '2019-12-26', '2020-02-27', 1, 2),
(57, 'vbiggin1k', 'Venita Biggin', '1997-11-14', 3, 'Female', '98ed4415d9db2f9b7c8853b8c927d698', 'vbiggin1k@netlog.com', '912-757-0701', 2, '2021-06-19', '2020-08-05', 1, 2),
(58, 'bbianco1l', 'Binny Bianco', '1999-12-09', 3, 'Female', '5e96b7ea2c6a353e88bf628563f94b30', 'bbianco1l@dion.ne.jp', '982-595-5167', 3, '2021-10-21', '2020-01-03', 1, 2),
(59, 'mbruckner1m', 'Mikaela Bruckner', '1989-07-17', 1, 'Female', '345c0bc6e208b2d277f89eeacdb20373', 'mbruckner1m@naver.com', '740-195-0203', 3, '2020-12-12', '2021-08-18', 1, 2),
(60, 'delintune1n', 'Donetta Elintune', '2012-04-27', 2, 'Female', '3e711c94bdaeb205f85ec0088f001a1c', 'delintune1n@apple.com', '404-288-9551', 1, '2021-01-27', '2020-12-07', 1, 2),
(61, 'adriver1o', 'Anson Driver', '2016-05-22', 2, 'Female', '54419eccfe9ad710c5255bde8c65fbf3', 'adriver1o@marketwatch.com', '693-358-8806', 1, '2021-07-29', '2021-08-14', 1, 2),
(62, 'arae1p', 'Alexandrina Rae', '2003-03-11', 1, 'Female', 'bc5cd8136efdcaeaffca3b8ec2273a81', 'arae1p@utexas.edu', '904-183-3433', 3, '2021-08-09', '2020-09-19', 1, 2),
(63, 'troberts1q', 'Tadeo Roberts', '1970-09-04', 2, 'Male', 'af3a44250f6ae67f0351e1c0052e3b8b', 'troberts1q@shareasale.com', '685-606-2682', 3, '2021-08-09', '2021-11-02', 1, 1),
(64, 'jmcgaw1r', 'Justis McGaw', '2017-02-27', 2, 'Male', '4bfdbeecd0ab537f2687edbde47ef4e9', 'jmcgaw1r@imgur.com', '432-363-5637', 1, '2020-12-25', '2020-07-11', 1, 1),
(65, 'kbausor1s', 'Kevin Bausor', '1972-05-24', 1, 'Male', '3c1be1548fa14b71e1e83fb40aa901e9', 'kbausor1s@digg.com', '571-360-5892', 1, '2019-12-13', '2021-05-02', 1, 2),
(66, 'dcoats1t', 'Dianemarie Coats', '1967-05-17', 2, 'Male', '85e204c872ab4b4a1a2452d40abad528', 'dcoats1t@wunderground.com', '376-372-6782', 1, '2021-09-19', '2020-10-07', 1, 1),
(67, 'kbracher1u', 'Kennedy Bracher', '1973-04-11', 3, 'Male', 'e063b3edcdca23fc71bca350d8959cb4', 'kbracher1u@mlb.com', '122-586-2256', 1, '2020-04-02', '2021-11-18', 1, 2),
(68, 'bjosephson1v', 'Brynna Josephson', '1971-08-01', 2, 'Male', '2be91f418a93f41059b16fb624b531ce', 'bjosephson1v@rambler.ru', '748-441-7983', 3, '2020-08-22', '2020-12-14', 1, 1),
(69, 'ogreenly1w', 'Osbert Greenly', '1982-10-24', 3, 'Male', 'daf9793fce1b1f5bdc27301507a6eb28', 'ogreenly1w@nytimes.com', '105-267-9509', 3, '2021-09-28', '2020-05-23', 1, 2),
(70, 'ltevlin1x', 'Livvyy Tevlin', '1998-01-06', 3, 'Female', 'd3fa467fc0bfa425422864bc892bffe5', 'ltevlin1x@ucoz.com', '600-980-0891', 3, '2021-04-25', '2020-10-03', 1, 2),
(71, 'owickins1y', 'Olympe Wickins', '1994-10-19', 1, 'Male', '3f5383788d5b886eebd58a81d0d01275', 'owickins1y@alibaba.com', '754-620-8033', 1, '2020-12-05', '2021-11-30', 1, 1),
(72, 'abateup1z', 'Aida Bateup', '2016-07-24', 2, 'Female', '181124006f852839b8d58d2ce942a1b5', 'abateup1z@technorati.com', '244-636-3353', 4, '2019-12-25', '2021-02-06', 1, 2),
(73, 'hbonellie20', 'Harbert Bonellie', '2011-12-03', 2, 'Male', 'ac96eec87837109dbe7afff6c750f58e', 'hbonellie20@wunderground.com', '881-404-8609', 4, '2021-10-18', '2021-11-01', 1, 2),
(74, 'pthominga21', 'Phil Thominga', '1968-05-23', 2, 'Female', '82fea6f255107706cd4ca2dee75e6867', 'pthominga21@domainmarket.com', '169-999-3820', 3, '2020-10-10', '2020-05-25', 1, 2),
(75, 'rmarlin22', 'Raymund Marlin', '2020-09-30', 1, 'Male', 'd71095d1e463a1101d75cf03cca42c86', 'rmarlin22@senate.gov', '963-695-7537', 4, '2021-07-07', '2021-09-15', 1, 2),
(76, 'ikillcross23', 'Irving Killcross', '2010-12-17', 2, 'Female', '1ceb73ea11f971c91521ce5eeb1a0c00', 'ikillcross23@skype.com', '610-176-5263', 4, '2020-03-17', '2021-03-11', 1, 2),
(77, 'knicholl24', 'Kerk Nicholl', '1969-03-13', 1, 'Male', 'baca8b1a03b6a717c40b4088934e591e', 'knicholl24@oaic.gov.au', '989-665-8653', 3, '2021-01-07', '2020-01-02', 1, 1),
(78, 'tgavigan25', 'Thomas Gavigan', '2014-11-15', 2, 'Female', '27813a47ac704a95fee510b34103253d', 'tgavigan25@toplist.cz', '499-902-3968', 3, '2021-02-14', '2021-11-17', 1, 1),
(79, 'fnapier26', 'Farr Napier', '2021-05-12', 1, 'Female', '8afc861f4dc852bb71693bdc552dec1e', 'fnapier26@eventbrite.com', '538-260-3618', 3, '2020-12-14', '2021-11-01', 1, 1),
(80, 'mpallatina27', 'Marisa Pallatina', '2014-07-18', 3, 'Male', 'd0ac4a35e8ee4168f717823d30f952e4', 'mpallatina27@ucsd.edu', '401-371-0697', 2, '2021-05-23', '2019-12-27', 1, 1),
(81, 'ynelsey28', 'Yurik Nelsey', '1967-09-28', 2, 'Female', 'aa84a8f3167cb86f0818fc2ef6415376', 'ynelsey28@spotify.com', '908-579-1796', 3, '2020-12-22', '2020-10-10', 1, 1),
(82, 'spethybridge29', 'Sybilla Pethybridge', '2020-01-05', 1, 'Male', '0d061a059a22652aa763d82cdd44295a', 'spethybridge29@unc.edu', '803-369-5822', 4, '2020-07-02', '2020-07-14', 1, 1),
(83, 'aboddy2a', 'Aurthur Boddy', '2005-03-26', 3, 'Female', 'f9017798f926d76a9a70ed5c2c63346e', 'aboddy2a@youtube.com', '696-224-4439', 4, '2021-01-28', '2020-06-18', 1, 1),
(84, 'csly2b', 'Carny Sly', '1991-10-18', 2, 'Female', 'c3af5dc6ed43ef01a3b667716f151540', 'csly2b@earthlink.net', '302-136-7277', 3, '2020-10-08', '2021-03-20', 1, 1),
(85, 'cmccawley2c', 'Christophorus McCawley', '2017-05-07', 2, 'Male', '996d9785cd5fc76d30c0aa6c851e0021', 'cmccawley2c@webs.com', '821-342-0861', 1, '2020-10-07', '2020-06-08', 1, 2),
(86, 'psaterthwait2d', 'Philippe Saterthwait', '1979-10-05', 2, 'Female', '58ad291bfa781372d3bc09fa1e2a760d', 'psaterthwait2d@yahoo.com', '213-293-6355', 1, '2020-10-24', '2021-07-26', 1, 2),
(87, 'slanghor2e', 'Sibeal Langhor', '1979-05-04', 1, 'Female', '967ef89fe3b077d2368fb7959e380106', 'slanghor2e@cdc.gov', '134-996-2681', 1, '2020-09-02', '2021-02-16', 1, 1),
(88, 'abeesey2f', 'Alexander Beesey', '1981-01-26', 3, 'Male', '008215e1c22b68a393aab6ce00137bb8', 'abeesey2f@usda.gov', '348-421-5941', 1, '2021-04-12', '2021-10-13', 1, 2),
(89, 'dtwine2g', 'Diane-marie Twine', '2006-02-04', 3, 'Female', '72be992fa469735b4cdde3f9d2eb87b1', 'dtwine2g@seesaa.net', '146-319-1141', 4, '2020-01-23', '2020-07-19', 1, 2),
(90, 'cockleshaw2h', 'Cathe Ockleshaw', '1986-03-19', 1, 'Male', 'b12cd9e82fd5dc29666ec82494c4864b', 'cockleshaw2h@theatlantic.com', '557-517-3095', 3, '2021-02-01', '2021-01-24', 1, 1),
(91, 'jshoubridge2i', 'Jilleen Shoubridge', '1994-09-09', 2, 'Male', '159f8f157cdb22dab4432f6e5ca90930', 'jshoubridge2i@taobao.com', '523-569-0037', 3, '2020-01-05', '2020-05-30', 1, 1),
(92, 'bwestcot2j', 'Brant Westcot', '2017-04-27', 1, 'Male', '932bb428cb157572c4c3410a3bebd306', 'bwestcot2j@wikimedia.org', '464-840-1704', 4, '2020-10-02', '2021-11-24', 1, 1),
(93, 'aburnel2k', 'Audrye Burnel', '1986-06-06', 2, 'Male', 'a59adb9a2bdff516a0039a14f1f26237', 'aburnel2k@sohu.com', '911-505-1318', 2, '2020-12-31', '2020-12-27', 1, 2),
(94, 'plittleton2l', 'Patrizius Littleton', '1967-04-08', 3, 'Female', '1e5c99160b3afd08123bbd448cf47902', 'plittleton2l@shop-pro.jp', '797-105-3736', 3, '2020-09-03', '2021-03-25', 1, 1),
(95, 'mmckeurton2m', 'Murial McKeurton', '2018-07-07', 2, 'Female', 'cc32329bdd737e07ab99963a60d6b958', 'mmckeurton2m@ihg.com', '993-422-0223', 3, '2020-07-11', '2020-07-31', 1, 2),
(96, 'rflanders2n', 'Rab Flanders', '1965-03-02', 1, 'Female', 'c6d9d98200db1d2e91d7c3e430aa9698', 'rflanders2n@auda.org.au', '948-405-2185', 2, '2020-09-19', '2020-01-06', 1, 1),
(97, 'eravenscraft2o', 'Ethelbert Ravenscraft', '2002-01-16', 3, 'Female', 'b9666da49987bed55b4a1d368726f009', 'eravenscraft2o@about.me', '593-292-3406', 2, '2020-04-17', '2020-10-10', 1, 1),
(98, 'gkovelmann2p', 'Golda Kovelmann', '1974-04-08', 1, 'Male', 'b57a2e67d2041de836bd52c1760f72ff', 'gkovelmann2p@blogtalkradio.com', '920-436-3736', 4, '2020-12-14', '2020-01-28', 1, 2),
(99, 'jde2q', 'Joel De Bischop', '1995-06-13', 3, 'Female', 'c9d8a165b5aad122b10ca2db98587b13', 'jde2q@harvard.edu', '113-754-6315', 4, '2021-02-07', '2020-09-04', 1, 1),
(100, 'msibun2r', 'Merry Sibun', '2006-10-23', 1, 'Female', '664ef0dc69438d142b522d70d30928b0', 'msibun2r@google.com.br', '119-364-1024', 2, '2020-11-18', '2021-08-01', 1, 1),
(101, 'ccoupar2s', 'Chelsie Coupar', '2016-07-04', 2, 'Male', '4a8e4cd98a34d76afd3147cde93c112c', 'ccoupar2s@patch.com', '681-511-3461', 1, '2021-01-11', '2020-04-09', 1, 1),
(102, 'smaclice2t', 'Shurwood MacLice', '1969-04-10', 2, 'Female', '6bea28568b021fe304338c2dfc5242d0', 'smaclice2t@networkadvertising.org', '298-163-0208', 1, '2021-04-19', '2021-06-26', 1, 2),
(103, 'mluther2u', 'Merrili Luther', '1984-04-24', 3, 'Female', '2facc6064ad85629c6b33385a66cfcf5', 'mluther2u@creativecommons.org', '741-915-8280', 1, '2021-01-14', '2020-05-22', 1, 1),
(104, 'ljerram2v', 'Lise Jerram', '2004-09-20', 2, 'Male', '7d18e4ddd9d439415c470aa5dd7f5e6b', 'ljerram2v@ask.com', '958-151-3884', 1, '2021-12-06', '2021-10-04', 1, 2),
(105, 'tsimnel2w', 'Town Simnel', '1990-09-14', 3, 'Male', 'e33e5d22056e3b4958a0b5bc1d95afc4', 'tsimnel2w@earthlink.net', '460-626-0657', 2, '2021-01-17', '2021-11-23', 1, 1),
(106, 'fconradsen2x', 'Ferris Conradsen', '2012-07-12', 3, 'Male', '4b97642178ab5583e6af9ea4e36c9d86', 'fconradsen2x@discuz.net', '651-129-7259', 3, '2020-03-08', '2020-03-31', 1, 2),
(107, 'grealph2y', 'Gwenny Realph', '1979-02-16', 2, 'Male', '640aa6455c41428947d6a409b87aecdc', 'grealph2y@indiatimes.com', '830-787-7648', 1, '2020-11-29', '2020-01-10', 1, 1),
(108, 'icouronne2z', 'Irena Couronne', '2010-07-02', 3, 'Male', 'c9d37343f4cefcd4002df3a85ce0b467', 'icouronne2z@blogspot.com', '664-423-2249', 3, '2021-04-03', '2020-03-04', 1, 2),
(109, 'sdomelow30', 'Sara Domelow', '1998-03-30', 1, 'Female', 'dcc81f1befd1f15c6ea77d3ddf7cd68d', 'sdomelow30@ed.gov', '202-156-2988', 3, '2021-08-20', '2019-12-14', 1, 1),
(110, 'kraw31', 'Kalil Raw', '1985-03-26', 2, 'Female', '7d6eae8cf6c03bbb19dfe2a22c55f46f', 'kraw31@nature.com', '474-482-3594', 1, '2020-04-09', '2021-10-02', 1, 1),
(111, 'rstrethill32', 'Rita Strethill', '2013-02-24', 2, 'Female', '5321fdbce15782671b26b93b1deda318', 'rstrethill32@chronoengine.com', '931-530-7080', 2, '2020-04-02', '2020-03-09', 1, 1),
(112, 'lportal33', 'Loella Portal', '1966-11-20', 1, 'Female', '4b8d5933f9537559f36c1e9d833685aa', 'lportal33@webeden.co.uk', '272-182-8639', 1, '2021-09-25', '2020-12-03', 1, 1),
(113, 'bst34', 'Branden St. Ledger', '1994-09-18', 2, 'Male', '78008a2429a70abe871adf3ad80345e9', 'bst34@wordpress.com', '193-405-9922', 4, '2020-09-12', '2020-05-16', 1, 2),
(114, 'kwhyley35', 'Karilynn Whyley', '2017-01-12', 2, 'Male', 'c581efe98e8cc00bcd6adb5f66ea51bd', 'kwhyley35@lulu.com', '206-920-1927', 4, '2021-02-20', '2020-08-13', 1, 1),
(115, 'ngodlee36', 'Nan Godlee', '2017-10-08', 2, 'Female', '4bfe3eb72bc1050e26037f6568374dac', 'ngodlee36@pagesperso-orange.fr', '118-354-0466', 1, '2020-06-22', '2021-05-10', 1, 2),
(116, 'ecosham37', 'Emmalynne Cosham', '2020-08-24', 1, 'Male', '52a604c587cb1587119c02068d5066ca', 'ecosham37@wix.com', '674-988-1581', 2, '2021-03-30', '2021-05-21', 1, 1),
(117, 'elelliott38', 'Errick Lelliott', '1983-09-23', 1, 'Male', '6e43142f0d46a1c975f2aeb7e341936c', 'elelliott38@ycombinator.com', '136-441-2824', 2, '2021-10-18', '2021-09-14', 1, 1),
(118, 'bbuckler39', 'Bax Buckler', '1996-03-17', 2, 'Female', 'bfded3c8dabd085ca4ad6523b10b5c95', 'bbuckler39@exblog.jp', '567-755-6791', 1, '2021-08-08', '2020-06-08', 1, 2),
(119, 'ewebber3a', 'Elfrieda Webber', '2001-09-20', 1, 'Male', '2a4d55b947b22b027b9d322b72bc00c8', 'ewebber3a@deliciousdays.com', '415-735-4966', 3, '2020-03-21', '2020-01-15', 1, 1),
(120, 'grivers3b', 'Giana Rivers', '2005-12-11', 1, 'Female', '93f7d8436b84a780571eed825a501a19', 'grivers3b@indiegogo.com', '405-483-9883', 2, '2020-02-13', '2021-05-26', 1, 1),
(121, 'gchasson3c', 'Gilberta Chasson', '1968-01-13', 1, 'Male', '7887b4f85daf408ba71ea804a24ad90f', 'gchasson3c@shinystat.com', '510-275-7077', 2, '2021-07-26', '2020-03-04', 1, 2),
(122, 'ddelafield3d', 'Daryl DelaField', '1964-04-05', 1, 'Male', '875e23a8758282b13b79ef569ad09820', 'ddelafield3d@wsj.com', '749-668-8233', 1, '2020-03-20', '2021-05-04', 1, 1),
(123, 'jjellyman3e', 'Jaye Jellyman', '1966-06-11', 3, 'Female', 'ac7fc561eaafa38465c6acf4ecb0a353', 'jjellyman3e@engadget.com', '143-476-9818', 4, '2020-04-03', '2021-07-12', 1, 1),
(124, 'kbeadle3f', 'Kendricks Beadle', '2004-10-23', 2, 'Male', '8a6227c9c46d956a55eecd3b8542ae19', 'kbeadle3f@hp.com', '664-831-7833', 3, '2021-11-01', '2020-07-03', 1, 2),
(125, 'alemery3g', 'Adorne Lemery', '1974-12-16', 1, 'Male', 'e5ad9213afc402e60a37e922a35fbb40', 'alemery3g@youtu.be', '530-837-2646', 3, '2019-12-22', '2021-12-06', 1, 2),
(126, 'rverdon3h', 'Raffaello Verdon', '1961-12-13', 2, 'Female', 'f1fdc7969cf3b4efdfc1efb8a76d9475', 'rverdon3h@flavors.me', '301-755-1574', 1, '2020-07-25', '2021-11-04', 1, 2),
(127, 'mwhitland3i', 'Maegan Whitland', '1967-02-26', 1, 'Female', '30377cfa721bf75ee4b12b7048f0db89', 'mwhitland3i@live.com', '591-448-6241', 4, '2020-01-06', '2020-12-10', 1, 1),
(128, 'nbaynes3j', 'Nevins Baynes', '2016-05-19', 3, 'Male', 'bdd6f1ef5409c4177ee743c0c15a8f40', 'nbaynes3j@mapquest.com', '611-818-2004', 3, '2021-07-07', '2020-03-17', 1, 2),
(129, 'kmungin3k', 'Kaleena Mungin', '2005-01-23', 1, 'Female', '9cc38172da638c24721d836980322b25', 'kmungin3k@weibo.com', '626-278-7325', 4, '2020-02-23', '2021-01-01', 1, 1),
(130, 'kwestfrimley3l', 'Karisa West-Frimley', '1980-08-03', 1, 'Female', '24663aec650c42387e1448c8ba4b3d8b', 'kwestfrimley3l@zdnet.com', '382-810-2256', 3, '2021-04-10', '2020-08-25', 1, 2),
(131, 'skilrow3m', 'Sonni Kilrow', '1963-06-16', 2, 'Female', '97ac2ac32f44390afcd7c2df40322d98', 'skilrow3m@go.com', '173-443-8455', 1, '2020-08-30', '2020-04-24', 1, 1),
(132, 'xcrock3n', 'Ximenez Crock', '1980-07-12', 3, 'Female', '16529bacb390ab680e4608d895a9c51f', 'xcrock3n@msu.edu', '957-957-6170', 2, '2020-01-02', '2020-11-15', 1, 1),
(133, 'gbursnall3o', 'Gabriell Bursnall', '2010-03-03', 2, 'Male', '0b1d87f3f7803235e2e6c2a825374ecf', 'gbursnall3o@miitbeian.gov.cn', '562-792-4721', 1, '2021-04-27', '2020-04-05', 1, 2),
(134, 'tmcgriele3p', 'Tannie McGriele', '2015-07-30', 1, 'Female', '4c177a901711e6b17487efc4c00049f4', 'tmcgriele3p@exblog.jp', '290-988-7936', 1, '2020-08-15', '2020-06-06', 1, 1),
(135, 'cwintour3q', 'Celestine Wintour', '2000-08-19', 1, 'Male', 'c0c99bfa2d3c4911ede145851326d52b', 'cwintour3q@hp.com', '391-911-7297', 3, '2020-11-08', '2020-08-28', 1, 1),
(136, 'mdevin3r', 'Marsha Devin', '1992-02-01', 3, 'Female', '5b80cd1ba568458d3f13e60514b7cba7', 'mdevin3r@baidu.com', '821-385-6134', 4, '2021-02-02', '2020-12-07', 1, 1),
(137, 'nsoutham3s', 'Neda Southam', '2012-09-05', 1, 'Male', '026ef3263deed633b256eac9ac1b2f18', 'nsoutham3s@soup.io', '168-262-7253', 1, '2020-09-28', '2020-03-17', 1, 2),
(138, 'dmacdonell3t', 'Dennis MacDonell', '1978-08-17', 3, 'Male', 'd3ff14d64293321ad3eec4500f5d220b', 'dmacdonell3t@t-online.de', '719-267-9205', 1, '2020-02-25', '2020-08-11', 1, 2),
(139, 'gede3u', 'Gauthier Ede', '2001-01-30', 2, 'Female', 'ed94f325504de1abca16048ae0e6b23b', 'gede3u@yandex.ru', '826-867-9546', 1, '2021-02-27', '2021-12-10', 1, 2),
(140, 'abickmore3v', 'Angelico Bickmore', '2011-09-13', 1, 'Male', '6db41ae1a9ce13f1a8af366cae231c02', 'abickmore3v@360.cn', '593-726-9870', 3, '2021-08-20', '2020-07-27', 1, 1),
(141, 'epiesold3w', 'Eli Piesold', '1980-02-02', 2, 'Male', 'd6d5f2a530fabab7e3ac7118b596e2da', 'epiesold3w@mediafire.com', '407-619-2483', 2, '2020-10-14', '2021-05-21', 1, 2),
(142, 'cbrammar3x', 'Chaunce Brammar', '1968-02-19', 1, 'Female', 'cf8ff1def15cd382cec9fa8dd43b605d', 'cbrammar3x@baidu.com', '545-731-1278', 1, '2020-05-28', '2021-10-20', 1, 2),
(143, 'hmorphet3y', 'Hynda Morphet', '1979-05-27', 2, 'Female', '24463cb9cc71c136052bed9854b887c4', 'hmorphet3y@auda.org.au', '193-898-0966', 4, '2021-01-17', '2020-06-03', 1, 1),
(144, 'scattel3z', 'Scarlett Cattel', '1999-09-25', 1, 'Female', 'e4bd4f50674a3af655ced1d18a538464', 'scattel3z@home.pl', '434-244-5267', 2, '2019-12-23', '2021-04-24', 1, 2),
(145, 'yridpath40', 'Yoshiko Ridpath', '1999-07-23', 2, 'Female', '193e8646652027956f8dba2715c7a900', 'yridpath40@businessinsider.com', '465-983-6788', 3, '2021-08-16', '2021-09-27', 1, 1),
(146, 'ddamsell41', 'Dorey Damsell', '1998-08-20', 2, 'Male', 'a7e7e4fa20d51374cade29ffea30e495', 'ddamsell41@webnode.com', '394-547-4433', 2, '2020-11-03', '2020-03-11', 1, 2),
(147, 'htreher42', 'Hobard Treher', '1966-06-09', 3, 'Female', '792419dc8eb425a2e4f299f765d51ce5', 'htreher42@nymag.com', '535-310-6547', 4, '2020-11-17', '2021-06-04', 1, 2),
(148, 'hyesipov43', 'Hodge Yesipov', '1975-05-21', 2, 'Female', 'c74098cb34b48fe0934be016f531dcf8', 'hyesipov43@sfgate.com', '220-911-9753', 4, '2021-06-18', '2021-03-03', 1, 2),
(149, 'fmisk44', 'Francisca Misk', '1973-10-30', 2, 'Male', '4059a97eb86af3c2aec801a80e4066f9', 'fmisk44@1und1.de', '978-801-8341', 4, '2021-01-05', '2020-05-26', 1, 2),
(150, 'tjirick45', 'Terrance Jirick', '2015-07-27', 2, 'Male', '0444444e7dd78fbb3ff6907e25b0f940', 'tjirick45@cam.ac.uk', '938-445-8327', 4, '2021-08-05', '2020-03-28', 1, 2),
(151, 'kclowley46', 'Katerine Clowley', '1984-04-28', 1, 'Male', '0e710e1a3d39b8e1028df503f92e93fd', 'kclowley46@merriam-webster.com', '284-675-6897', 2, '2020-02-24', '2021-10-26', 1, 2),
(152, 'gmckitterick47', 'Gerhard McKitterick', '1984-11-30', 3, 'Female', 'da7c0e356d6c5ef389586002f04d8832', 'gmckitterick47@photobucket.com', '124-997-0057', 3, '2021-02-14', '2020-01-03', 1, 2),
(153, 'cneilan48', 'Courtnay Neilan', '2005-07-12', 1, 'Female', '2b7777abda317ab401bfa67dde1a8365', 'cneilan48@blogspot.com', '718-691-7322', 3, '2021-01-06', '2020-10-16', 1, 1),
(154, 'kdomini49', 'Kristo Domini', '1977-10-31', 1, 'Male', 'adad72516faa5f3fa2c5e8b1367d171c', 'kdomini49@jimdo.com', '764-545-3782', 3, '2021-06-08', '2020-10-01', 1, 1),
(155, 'sswancock4a', 'Shena Swancock', '1983-12-28', 3, 'Female', '5d46f6c0870fb56983dd916f9ac2b229', 'sswancock4a@go.com', '757-490-5525', 2, '2021-09-08', '2021-01-24', 1, 1),
(156, 'rgrovier4b', 'Rahal Grovier', '1979-01-22', 1, 'Male', '53a38f1c11d4aaae8e3474125fa44b68', 'rgrovier4b@wikimedia.org', '736-369-5247', 4, '2021-10-19', '2021-05-27', 1, 1),
(157, 'jghiriardelli4c', 'Jere Ghiriardelli', '1986-12-26', 3, 'Male', 'b8870c6333dfb054aec27646d190f6e6', 'jghiriardelli4c@va.gov', '919-673-6250', 3, '2021-05-13', '2021-06-08', 1, 1),
(158, 'gleopold4d', 'Gretchen Leopold', '2007-02-23', 2, 'Male', '4c4dce9cef693e7c37edab1c2f43aefc', 'gleopold4d@github.io', '954-692-8828', 1, '2021-08-30', '2019-12-18', 1, 2),
(159, 'gtryhorn4e', 'George Tryhorn', '1986-03-14', 2, 'Female', '43c2838e1af88868db7e2441d3a664b8', 'gtryhorn4e@blinklist.com', '781-992-6068', 3, '2021-09-12', '2021-08-06', 1, 2),
(160, 'givers4f', 'Gertrudis Ivers', '2001-05-18', 1, 'Female', 'c170a932bdd1323706f1a6533f6fc028', 'givers4f@stumbleupon.com', '499-749-9732', 3, '2020-06-19', '2021-06-12', 1, 2),
(161, 'rphidgin4g', 'Rhonda Phidgin', '2013-03-05', 3, 'Female', 'f70bb95640c853f0f91cfaefe183c4fa', 'rphidgin4g@forbes.com', '980-210-7065', 4, '2020-11-08', '2020-10-15', 1, 1),
(162, 'tmarfield4h', 'Therine Marfield', '1987-10-09', 3, 'Male', '87fb122e02853a1e9d43a7502eee671c', 'tmarfield4h@shinystat.com', '839-745-9402', 3, '2020-08-22', '2019-12-24', 1, 1),
(163, 'cconaboy4i', 'Cesaro Conaboy', '1980-03-24', 3, 'Male', '2d4664d4fcf0a8d2f4f620597e5dafb4', 'cconaboy4i@imageshack.us', '544-520-9046', 1, '2020-02-16', '2021-05-17', 1, 2),
(164, 'bcolnett4j', 'Beverie Colnett', '1972-07-27', 1, 'Female', '9746b8bdc0d41da75344592340e68a71', 'bcolnett4j@soundcloud.com', '962-585-0894', 2, '2021-11-12', '2020-03-10', 1, 2),
(165, 'mgerger4k', 'Matelda Gerger', '2019-11-16', 2, 'Male', '8103fe0b5aa4032c56f0ac22a2537aca', 'mgerger4k@goo.gl', '575-853-5552', 2, '2021-03-09', '2020-11-07', 1, 2),
(166, 'ewilbor4l', 'Estell Wilbor', '1998-01-11', 3, 'Male', '9868fd2222394bfa81d95a7a112691a6', 'ewilbor4l@house.gov', '725-920-9566', 1, '2021-04-01', '2020-01-03', 1, 1),
(167, 'jmcenteggart4m', 'Jonie McEnteggart', '1999-05-27', 3, 'Male', '3139810de48385117c304b9d971125d5', 'jmcenteggart4m@hugedomains.com', '771-318-5474', 3, '2021-12-10', '2021-01-19', 1, 1),
(168, 'kspearing4n', 'Kassey Spearing', '2014-12-31', 3, 'Male', 'cc3d5ee480f32089a9085d4e945ff6d3', 'kspearing4n@g.co', '378-975-6891', 1, '2021-03-01', '2021-07-01', 1, 2),
(169, 'gshadrach4o', 'Giraud Shadrach', '2012-07-21', 2, 'Female', '6fc56da77d1b2cafe41c902a27fad9cd', 'gshadrach4o@nationalgeographic.com', '898-657-8298', 2, '2021-05-06', '2021-05-28', 1, 1),
(170, 'swyborn4p', 'Sunny Wyborn', '2004-04-08', 2, 'Female', '4570e2dbeeb8c897226b7b561f8d3a51', 'swyborn4p@shareasale.com', '551-382-5130', 3, '2021-09-03', '2019-12-24', 1, 1),
(171, 'gstapforth4q', 'Gena Stapforth', '2004-09-11', 1, 'Male', '47dd62fc725bd80937d70cc061cb2ee6', 'gstapforth4q@ocn.ne.jp', '737-849-8363', 4, '2020-07-17', '2021-10-31', 1, 1),
(172, 'tgillison4r', 'Trueman Gillison', '1966-03-26', 2, 'Male', 'f16b61e856abc1f6fe0ed9e3ffe1ce26', 'tgillison4r@statcounter.com', '474-513-3876', 2, '2020-04-15', '2021-04-10', 1, 1),
(173, 'fjewers4s', 'Flory Jewers', '1981-03-27', 3, 'Male', 'ae5e3d402d4555c41e077ea1075aeb81', 'fjewers4s@goo.ne.jp', '753-130-5209', 3, '2021-08-01', '2020-07-13', 1, 1),
(174, 'akruszelnicki4t', 'Alva Kruszelnicki', '2018-10-07', 3, 'Female', 'd368dddd3e368919c67c9b0939462fcd', 'akruszelnicki4t@angelfire.com', '810-700-2918', 1, '2020-11-23', '2021-12-01', 1, 2),
(175, 'mbake4u', 'Mariellen Bake', '1990-10-07', 1, 'Male', 'b22813d8f8963f2cacdbbabe9d0925bd', 'mbake4u@addthis.com', '732-554-8866', 1, '2021-09-04', '2020-07-03', 1, 2),
(176, 'sprujean4v', 'Sigismondo Prujean', '1963-11-29', 1, 'Female', '683df1b93aab80a8da1c41a5004e41b4', 'sprujean4v@apple.com', '977-913-1727', 3, '2020-04-09', '2021-04-10', 1, 2),
(177, 'rmalyan4w', 'Rikki Malyan', '1975-01-07', 1, 'Female', '1a4a359f116a82ea43f6fcf05be0420a', 'rmalyan4w@example.com', '500-717-6031', 3, '2020-10-29', '2020-02-13', 1, 1),
(178, 'lwyldish4x', 'Lowe Wyldish', '1978-03-14', 1, 'Female', 'cca58db167d4bbea47a778ad1b75d8c4', 'lwyldish4x@psu.edu', '789-237-1277', 1, '2021-02-22', '2021-09-23', 1, 1),
(179, 'amacknockiter4y', 'Ardyce MacKnockiter', '1992-09-26', 2, 'Male', 'd78f1949cdf3d29ba7c7c0f6694021ed', 'amacknockiter4y@ezinearticles.com', '344-721-6964', 4, '2020-04-21', '2021-11-07', 1, 2),
(180, 'vlean4z', 'Vernen Lean', '2003-02-20', 2, 'Male', 'b232b851a2b74c181c3c79b3fca2ebf3', 'vlean4z@youtu.be', '966-583-1221', 1, '2021-04-09', '2020-05-13', 1, 1),
(181, 'wmcglew50', 'Wallie McGlew', '1980-02-29', 3, 'Male', '2455d5b83b6be748532676ee2c4f088d', 'wmcglew50@newsvine.com', '491-566-6573', 4, '2020-01-11', '2021-07-10', 1, 1),
(182, 'pblankley51', 'Pat Blankley', '1995-06-05', 1, 'Male', '8526e07776c522f3091e99ee4d035c44', 'pblankley51@time.com', '955-404-5345', 2, '2019-12-11', '2020-05-05', 1, 1),
(183, 'mwandtke52', 'Maddy Wandtke', '1979-06-08', 3, 'Female', '20ffae10545fc4f93e36047c57f7da6a', 'mwandtke52@sourceforge.net', '615-208-0698', 3, '2020-02-23', '2020-03-07', 1, 1),
(184, 'kpittham53', 'Krystal Pittham', '2015-01-23', 2, 'Female', 'e96071671e8ed87329092d07f7b3bcbb', 'kpittham53@nasa.gov', '815-979-5033', 2, '2020-07-04', '2021-06-23', 1, 1),
(185, 'tscheffler54', 'Tiler Scheffler', '1987-03-03', 3, 'Female', '4bdb9b6ceb1e38181de3ea2dfb77a3a7', 'tscheffler54@who.int', '246-805-8578', 1, '2021-03-11', '2021-05-25', 1, 1),
(186, 'lgrim55', 'Lilli Grim', '1969-10-22', 3, 'Female', '7a18b8ecbc0f60e9271410fcbd86d99a', 'lgrim55@dedecms.com', '976-725-1182', 1, '2021-12-10', '2020-10-26', 1, 1),
(187, 'dnelhams56', 'Dee Nelhams', '1996-07-18', 1, 'Male', 'e88b7d1dfc861d81b0f544e566773aa9', 'dnelhams56@blog.com', '819-526-8421', 1, '2021-08-28', '2021-11-07', 1, 1),
(188, 'hbiggadike57', 'Haven Biggadike', '1976-11-12', 1, 'Female', '7d42a64ca3c8f2eacf7b358ce097862c', 'hbiggadike57@skype.com', '810-790-3522', 3, '2020-05-18', '2021-01-15', 1, 2),
(189, 'habramowitz58', 'Hart Abramowitz', '2018-11-01', 3, 'Female', '48e5e1d2b66a74b039343b8ddc35358c', 'habramowitz58@csmonitor.com', '329-730-5385', 1, '2020-08-17', '2020-11-06', 1, 2),
(190, 'gbrigstock59', 'Gill Brigstock', '2016-03-31', 1, 'Male', '085794f005fd270bb701e6ce98d6dd39', 'gbrigstock59@creativecommons.org', '575-513-0685', 2, '2020-09-07', '2020-02-11', 1, 1),
(191, 'bmchirrie5a', 'Barbi M\'Chirrie', '1988-12-06', 2, 'Female', '445ba64504456862c66e1e6a5b52ec87', 'bmchirrie5a@bing.com', '136-210-3715', 1, '2020-08-23', '2021-01-03', 1, 2),
(192, 'tnorvell5b', 'Torrance Norvell', '1992-11-21', 1, 'Male', '2701df6236bc5fc17c35aaf205d14453', 'tnorvell5b@mysql.com', '178-408-8643', 3, '2020-01-30', '2021-10-28', 1, 1),
(193, 'kdurtnell5c', 'Konstanze Durtnell', '1969-09-24', 3, 'Male', 'c6e82345265224c822b3539af8742454', 'kdurtnell5c@pinterest.com', '703-147-0964', 1, '2021-02-04', '2019-12-15', 1, 2),
(194, 'astockau5d', 'Alfons Stockau', '2011-05-31', 1, 'Male', 'c45957d6e1885566c2b7fa7e404e9c1f', 'astockau5d@nbcnews.com', '173-937-1170', 2, '2020-01-21', '2021-09-21', 1, 1),
(195, 'rwittering5e', 'Richard Wittering', '1963-10-04', 3, 'Male', '1da1b6156f722ffc5c2feb96c46343a0', 'rwittering5e@1und1.de', '974-576-7743', 3, '2021-05-24', '2020-03-15', 1, 1),
(196, 'sbygrave5f', 'Sande Bygrave', '1973-02-09', 1, 'Male', 'f87733cac33072fd2c4432ea9e6dc935', 'sbygrave5f@4shared.com', '739-195-2660', 2, '2020-09-02', '2021-05-08', 1, 2),
(197, 'scrinkley5g', 'Seward Crinkley', '1994-04-28', 3, 'Male', '4da552fe05f4b6ed822701fb5fd26f9b', 'scrinkley5g@sphinn.com', '778-161-6408', 3, '2020-04-16', '2021-03-24', 1, 2),
(198, 'dtoderi5h', 'Dorothee Toderi', '2006-03-16', 3, 'Male', 'aa63c5e916351c3ca0b20a73d6372d88', 'dtoderi5h@sfgate.com', '515-166-5703', 1, '2020-08-15', '2020-05-06', 1, 1),
(199, 'dinder5i', 'Dayle Inder', '2019-10-29', 3, 'Female', '264a2c0f1f612930214a119e208461a6', 'dinder5i@eventbrite.com', '295-225-4382', 1, '2021-08-16', '2020-04-19', 1, 1),
(200, 'oformigli5j', 'Orlan Formigli', '2012-06-13', 3, 'Male', 'b0c65b08313ae4e0e51e1acd071e101f', 'oformigli5j@archive.org', '835-427-6698', 4, '2020-11-20', '2020-07-24', 1, 1),
(201, 'efligg5k', 'Elna Fligg', '2000-03-19', 2, 'Female', '8c1a27bd247a25cf82e777a622ddd357', 'efligg5k@opensource.org', '561-759-5802', 3, '2020-03-26', '2020-03-29', 1, 1),
(202, 'ajelliman5l', 'Abbe Jelliman', '1986-07-08', 2, 'Male', 'b700e3bc1bc7cf35bd0499a109c0c92e', 'ajelliman5l@prnewswire.com', '603-425-9466', 1, '2021-11-07', '2021-05-12', 1, 2),
(203, 'mmela5m', 'Miof mela Ballaam', '2000-05-14', 1, 'Male', '5dde97ee117f0f589059359a28942776', 'mmela5m@bloglines.com', '635-105-1750', 4, '2020-05-31', '2020-01-30', 1, 2),
(204, 'alafford5n', 'Angus Lafford', '1966-06-30', 1, 'Female', '80f840e1bfe9065627bc824e48e54efc', 'alafford5n@sakura.ne.jp', '917-924-3577', 3, '2021-11-02', '2020-04-21', 1, 1),
(205, 'hvynarde5o', 'Haley Vynarde', '2006-02-06', 1, 'Male', '7fc620b392b35786902a18cc24ce6142', 'hvynarde5o@issuu.com', '312-819-1213', 1, '2021-10-11', '2020-09-21', 1, 2),
(206, 'hsteels5p', 'Helen-elizabeth Steels', '1981-09-17', 1, 'Male', '8849af6f95c6e8bc0331c704fabb44a5', 'hsteels5p@4shared.com', '165-439-3449', 1, '2021-05-05', '2020-02-14', 1, 1),
(207, 'begre5q', 'Brianna Egre', '1983-10-10', 3, 'Male', '48de3ef409bbc9e063ff223bac68e92f', 'begre5q@mtv.com', '992-191-4432', 4, '2020-11-19', '2020-07-18', 1, 2),
(208, 'kwinwood5r', 'Korry Winwood', '2021-01-18', 1, 'Male', '5a1f93773660baed73018a1ba5b568ee', 'kwinwood5r@archive.org', '738-323-2274', 3, '2021-08-16', '2020-05-13', 1, 2),
(209, 'sgoodnow5s', 'Sayres Goodnow', '2011-09-11', 2, 'Female', '335db320bed032c448abfd0e576759b9', 'sgoodnow5s@wikispaces.com', '102-959-8622', 3, '2020-03-24', '2021-09-03', 1, 1),
(210, 'hthewless5t', 'Hank Thewless', '2003-03-10', 1, 'Female', 'ba226b7e8080c05637aca46c314269f0', 'hthewless5t@fema.gov', '500-933-7110', 1, '2020-12-06', '2020-07-15', 1, 1),
(211, 'ablakeman5u', 'Ailyn Blakeman', '1975-05-21', 1, 'Female', 'a6e0af1e7399a2903f97d57ae3d18fa5', 'ablakeman5u@dropbox.com', '656-344-8154', 4, '2021-12-05', '2020-07-27', 1, 1),
(212, 'kmancktelow5v', 'Kerwin Mancktelow', '1965-03-26', 1, 'Female', 'cb84fcb281b68f7da06d51b0c1bccb3f', 'kmancktelow5v@usgs.gov', '130-241-3163', 4, '2021-01-19', '2020-10-18', 1, 2),
(213, 'emenezes5w', 'Eyde Menezes', '2014-05-30', 3, 'Female', '99945bdfacf4b35c4c6b0da1c4fd4451', 'emenezes5w@hostgator.com', '789-176-2374', 4, '2020-09-21', '2021-04-28', 1, 2),
(214, 'elidgate5x', 'Evonne Lidgate', '1963-06-09', 2, 'Male', '02c7cde48331f157be2ea3c2d5386645', 'elidgate5x@youtube.com', '293-850-5002', 1, '2020-01-20', '2021-05-12', 1, 1),
(215, 'kcoggell5y', 'Kaine Coggell', '1964-05-23', 3, 'Female', '608874493f1b50af4385c4addde54b74', 'kcoggell5y@ebay.com', '355-322-7621', 3, '2020-06-17', '2020-03-19', 1, 1),
(216, 'bsebrook5z', 'Brion Sebrook', '2003-08-07', 2, 'Male', '4fc46655314fa59729b20899423f3df3', 'bsebrook5z@e-recht24.de', '492-590-5606', 2, '2021-11-26', '2021-01-09', 1, 1),
(217, 'laplin60', 'Laure Aplin', '1977-07-17', 2, 'Male', '11cae8cc60d982af3adb10eabd0ca43b', 'laplin60@admin.ch', '761-555-1590', 2, '2021-09-19', '2020-05-27', 1, 2),
(218, 'slackington61', 'Sondra Lackington', '1984-04-06', 3, 'Male', '658d614d5679d25f0cedce583e5a738f', 'slackington61@twitter.com', '931-657-0869', 3, '2021-09-05', '2020-04-01', 1, 2),
(219, 'jkrelle62', 'Jorge Krelle', '1972-10-28', 2, 'Female', 'b824042fb9047e67f42a483812fe9c24', 'jkrelle62@ucla.edu', '855-158-6985', 3, '2020-11-09', '2021-09-04', 1, 1),
(220, 'ccansdall63', 'Chlo Cansdall', '1980-02-18', 2, 'Female', 'e4394b11b77dad24a46a07859a4d85ef', 'ccansdall63@godaddy.com', '574-376-8129', 1, '2021-05-09', '2020-05-15', 1, 2),
(221, 'sgabbitis64', 'Shaylah Gabbitis', '2004-01-05', 2, 'Female', '3ea7e7d4be201944c78fa03ad72257c9', 'sgabbitis64@t.co', '327-562-5521', 3, '2020-05-27', '2020-05-17', 1, 1),
(222, 'enannetti65', 'Eleanor Nannetti', '1969-11-26', 3, 'Male', 'b0041c5aba0561dd83da1c5eb185af7e', 'enannetti65@cbsnews.com', '229-991-3124', 1, '2020-02-11', '2020-10-23', 1, 2),
(223, 'csimonyi66', 'Charmane Simonyi', '1994-10-04', 1, 'Female', 'd1b8df5e0397477ef3c931ff85d482c4', 'csimonyi66@infoseek.co.jp', '320-982-1037', 3, '2020-11-11', '2021-09-08', 1, 2),
(224, 'htennock67', 'Hodge Tennock', '1973-04-19', 2, 'Male', '2d92dc35f9cc91dca31e9e06a2829bc6', 'htennock67@tmall.com', '951-887-1696', 2, '2021-05-12', '2021-08-10', 1, 1),
(225, 'cdelete68', 'Charmaine Delete', '2001-08-17', 1, 'Female', '0a8518878d89cf10bd19e6bfa3720aaf', 'cdelete68@salon.com', '809-790-7670', 3, '2020-11-11', '2021-09-03', 1, 2),
(226, 'gquimby69', 'Giffard Quimby', '1968-03-14', 1, 'Male', '4c0e33e0114921e77944c83b1d13f0b1', 'gquimby69@a8.net', '242-277-2706', 2, '2021-07-03', '2020-03-18', 1, 2),
(227, 'aendacott6a', 'Adrian Endacott', '1968-12-27', 3, 'Male', '4887d8d71f8b2c0b9fb554c49e3dbd07', 'aendacott6a@feedburner.com', '240-153-3779', 2, '2021-09-13', '2021-05-08', 1, 1),
(228, 'avan6b', 'Ahmed Van Halle', '1994-05-23', 2, 'Female', '3ee33c8a2a84dffcdb85c4b4b14857a9', 'avan6b@over-blog.com', '388-949-9724', 2, '2021-10-18', '2021-03-08', 1, 2),
(229, 'mordidge6c', 'Morry Ordidge', '1968-10-08', 2, 'Female', '40bce649dee9763c40e4dfbb075cb0a0', 'mordidge6c@merriam-webster.com', '691-367-3757', 4, '2020-07-01', '2020-09-15', 1, 1),
(230, 'cburtt6d', 'Chad Burtt', '1990-12-22', 2, 'Female', '1a61aa9b0b6ff396af00da27f20ca49a', 'cburtt6d@cdc.gov', '197-569-9874', 4, '2020-08-14', '2021-12-04', 1, 2),
(231, 'ascudders6e', 'Andie Scudders', '2002-07-10', 2, 'Female', '997f532aca7cdc16582a9151c713cf12', 'ascudders6e@vkontakte.ru', '697-388-9902', 2, '2020-03-30', '2021-05-27', 1, 1),
(232, 'ngooderick6f', 'Neilla Gooderick', '1982-05-29', 3, 'Female', '211171dad840d335e4f6a94526fe72b2', 'ngooderick6f@adobe.com', '635-294-2058', 3, '2021-01-08', '2020-01-21', 1, 2),
(233, 'bvaleri6g', 'Bert Valeri', '1975-12-30', 3, 'Female', '7c496b89fe8671e14462f68b2bf2c59b', 'bvaleri6g@freewebs.com', '436-446-3555', 3, '2020-02-07', '2020-03-01', 1, 1),
(234, 'wsweeney6h', 'Weber Sweeney', '1989-09-30', 2, 'Female', '6655bc51de33bb8dbcc05f1a833df028', 'wsweeney6h@topsy.com', '346-372-0855', 4, '2021-12-05', '2020-04-10', 1, 2),
(235, 'tpatnelli6i', 'Terri-jo Patnelli', '2018-05-16', 1, 'Male', '0787f9531f490baae9a35b7b23066b41', 'tpatnelli6i@examiner.com', '991-185-6761', 3, '2021-06-25', '2021-09-15', 1, 2),
(236, 'csyme6j', 'Cordy Syme', '1986-10-15', 1, 'Male', '40fe9af6c4c321a6ace678d6705b0460', 'csyme6j@hc360.com', '202-948-0718', 1, '2021-05-05', '2020-01-30', 1, 2),
(237, 'gcastletine6k', 'Gan Castletine', '2016-11-01', 1, 'Male', '3e1786b03beb3c1907c3d3369e6297b5', 'gcastletine6k@usa.gov', '600-720-2008', 3, '2021-03-03', '2021-05-25', 1, 2),
(238, 'hhowen6l', 'Henry Howen', '2009-07-31', 3, 'Male', '27737a1ffdd9368c47385d047d673356', 'hhowen6l@vistaprint.com', '857-406-0884', 1, '2020-05-18', '2020-08-13', 1, 2),
(239, 'tlamprey6m', 'Tabbatha Lamprey', '2004-01-03', 1, 'Male', '71634fc6c2e49ae3405bbbb590848495', 'tlamprey6m@vistaprint.com', '303-822-5433', 4, '2020-01-19', '2021-02-10', 1, 1),
(240, 'kusborn6n', 'Kelci Usborn', '2001-10-16', 1, 'Male', 'c348a3eeb18e9326706031a4c4c58308', 'kusborn6n@seesaa.net', '389-335-4563', 1, '2019-12-27', '2021-04-05', 1, 2),
(241, 'fgrimmolby6o', 'Farand Grimmolby', '2004-11-14', 3, 'Female', '01765b335e01392dbacf0f05fcf31567', 'fgrimmolby6o@google.nl', '496-565-0314', 2, '2021-09-18', '2021-04-23', 1, 2),
(242, 'cbidgod6p', 'Cora Bidgod', '2015-09-22', 1, 'Male', 'fad048274c1dc4e834328597d1905446', 'cbidgod6p@icio.us', '284-416-3414', 1, '2020-06-05', '2021-04-23', 1, 2),
(243, 'mcosslett6q', 'Marshall Cosslett', '1996-05-17', 2, 'Female', '12ffba39ada99db7837809c119ebc68f', 'mcosslett6q@flickr.com', '855-119-0049', 2, '2020-10-05', '2020-05-16', 1, 1),
(244, 'swinterflood6r', 'Simon Winterflood', '2009-01-05', 1, 'Female', '860f28986c9f05826b1b8ed9147e3ce9', 'swinterflood6r@dedecms.com', '816-455-8201', 2, '2021-02-13', '2020-12-10', 1, 2),
(245, 'hdunlea6s', 'Hinda Dunlea', '1985-09-25', 3, 'Female', '1c6e51d497c744b6245034327b376c30', 'hdunlea6s@networksolutions.com', '232-694-1153', 3, '2020-07-17', '2020-03-16', 1, 2),
(246, 'hriatt6t', 'Hildy Riatt', '1987-05-28', 2, 'Female', '79da3ae89ce8bf00a792141a830f8fcb', 'hriatt6t@simplemachines.org', '740-412-8324', 1, '2021-03-29', '2021-06-09', 1, 2),
(247, 'nbeddow6u', 'Nataniel Beddow', '1999-05-17', 3, 'Male', '7914249f9ac2e4c8ea462671c7428d96', 'nbeddow6u@discovery.com', '902-255-5485', 4, '2020-03-12', '2021-03-18', 1, 1),
(248, 'lantosch6v', 'Lulu Antosch', '2018-07-08', 1, 'Female', 'c7d5a1e1840d19718b8874d5615d1e76', 'lantosch6v@123-reg.co.uk', '149-446-8109', 4, '2019-12-27', '2019-12-19', 1, 1),
(249, 'ldon6w', 'Lyell Don', '2007-08-11', 3, 'Female', '0a98b980e2daa221509bb0daafd7db0e', 'ldon6w@quantcast.com', '478-788-9290', 1, '2020-01-31', '2020-08-30', 1, 1),
(250, 'awinkell6x', 'Althea Winkell', '1969-07-03', 2, 'Female', 'b462219fc87511cc3fb98e52d67a1b69', 'awinkell6x@dailymail.co.uk', '896-616-2125', 4, '2021-01-06', '2021-10-03', 1, 2),
(251, 'kgullick6y', 'Kahaleel Gullick', '2021-10-16', 1, 'Male', '6d54b5ceccdf90c848468dfa28b091f3', 'kgullick6y@washingtonpost.com', '446-766-9355', 4, '2020-01-02', '2020-01-14', 1, 2),
(252, 'acomi6z', 'Agretha Comi', '2005-07-26', 1, 'Male', '3581b74f83b00d8f46f13176abab8859', 'acomi6z@eepurl.com', '762-540-5749', 2, '2021-10-03', '2020-02-03', 1, 1),
(253, 'hhousby70', 'Hi Housby', '1983-04-27', 3, 'Female', 'da8a43ce428c6f0040d30ee3e2049e17', 'hhousby70@networksolutions.com', '345-664-2893', 2, '2020-07-26', '2020-12-08', 1, 1),
(254, 'nhuckett71', 'Nealon Huckett', '1999-02-07', 1, 'Female', 'e94c6c5eb8312af4818fefc3e7352e10', 'nhuckett71@guardian.co.uk', '748-441-9848', 1, '2021-09-22', '2021-06-09', 1, 2),
(255, 'dprawle72', 'Delcina Prawle', '2001-05-23', 2, 'Female', '55e119d38754ea3cc04d37fe03a84d86', 'dprawle72@nyu.edu', '118-726-0827', 1, '2020-03-05', '2020-10-30', 1, 1),
(256, 'cde73', 'Clemmy De Carolis', '1973-11-20', 1, 'Male', '5010ae73f894c15636f11213d90cc7fd', 'cde73@noaa.gov', '400-901-6700', 2, '2020-05-26', '2021-02-26', 1, 2),
(257, 'flansbury74', 'Forrest Lansbury', '1992-10-30', 1, 'Male', 'ab027149a979525459032a3900613b31', 'flansbury74@wsj.com', '797-456-3024', 2, '2020-03-08', '2021-01-18', 1, 1),
(258, 'kwerrit75', 'Karmen Werrit', '1978-07-02', 3, 'Male', 'c5e81c02c47aea9c4dd83524a1fa5be2', 'kwerrit75@friendfeed.com', '102-734-0679', 4, '2020-06-21', '2020-07-10', 1, 1),
(259, 'jrainsden76', 'Justino Rainsden', '1983-02-27', 1, 'Female', 'a2078645057d5bfad33fd593360534a5', 'jrainsden76@newyorker.com', '573-830-2558', 3, '2020-06-25', '2021-02-12', 1, 2),
(260, 'cmaddocks77', 'Carlye Maddocks', '1965-10-02', 2, 'Female', 'd8ba30c34d918a0ecc87f2c7c5abaf27', 'cmaddocks77@amazon.co.jp', '631-987-2309', 2, '2020-02-06', '2021-02-13', 1, 2),
(261, 'belfe78', 'Bing Elfe', '2005-10-10', 1, 'Male', 'bdc4d01958103a1dcb930a1326b270df', 'belfe78@skype.com', '803-519-3572', 4, '2020-08-06', '2020-05-01', 1, 1),
(262, 'vvenediktov79', 'Vittorio Venediktov', '1981-09-14', 1, 'Male', 'bf822393cc9730ff8f748e34bb066c3c', 'vvenediktov79@umn.edu', '241-348-6265', 3, '2020-01-23', '2020-07-02', 1, 1),
(263, 'dhemeret7a', 'Davidde Hemeret', '2005-03-03', 1, 'Female', '96444d8c3cd8ddf455856b7e5813ab02', 'dhemeret7a@bloglovin.com', '875-254-9409', 1, '2021-04-28', '2021-03-17', 1, 1),
(264, 'eaikett7b', 'Emelen Aikett', '2000-05-15', 3, 'Male', '68964dd2504bc21a71bccf7ce453f3e4', 'eaikett7b@twitter.com', '115-322-3292', 1, '2020-05-27', '2020-02-07', 1, 1),
(265, 'cwellstead7c', 'Charissa Wellstead', '1993-10-27', 3, 'Female', 'fd2008acb806c99a5316970166d4c367', 'cwellstead7c@php.net', '587-273-2363', 4, '2020-04-05', '2021-11-15', 1, 1),
(266, 'tperelli7d', 'Twila Perelli', '1982-07-23', 3, 'Male', '7aef871c855090324a60ef83ef483f20', 'tperelli7d@woothemes.com', '776-913-6537', 4, '2020-09-05', '2020-01-24', 1, 2),
(267, 'lgeorgins7e', 'Lacey Georgins', '1996-10-20', 1, 'Male', '702ebb86e71ade8ee5b0e28fed762259', 'lgeorgins7e@ow.ly', '308-237-9024', 4, '2021-07-18', '2021-01-15', 1, 1),
(268, 'twylie7f', 'Tarah Wylie', '1962-05-26', 1, 'Female', '59cef409fbee96362d74e9303f778744', 'twylie7f@npr.org', '311-407-8046', 4, '2020-07-22', '2020-12-12', 1, 1),
(269, 'kassinder7g', 'Kathrine Assinder', '1991-08-30', 3, 'Male', '6f3cd2209fd18454446c12a394065089', 'kassinder7g@epa.gov', '552-734-4125', 2, '2020-11-24', '2021-09-17', 1, 1),
(270, 'tmapledorum7h', 'Tania Mapledorum', '1979-09-29', 3, 'Male', '4aaf423f5734ad7c8de1fa05edec68e9', 'tmapledorum7h@webeden.co.uk', '612-790-1567', 3, '2020-05-22', '2021-11-02', 1, 2),
(271, 'mkrystof7i', 'Meris Krystof', '1967-02-20', 1, 'Male', '40cbd4d7e48f557d35b32abd055aa50c', 'mkrystof7i@elpais.com', '573-511-3316', 3, '2020-12-31', '2021-04-20', 1, 1),
(272, 'swilletts7j', 'Saunder Willetts', '2009-04-25', 3, 'Male', '1734c8b936eabca4727aba5c71fce245', 'swilletts7j@sohu.com', '729-489-5384', 4, '2021-12-04', '2021-07-08', 1, 2),
(273, 'ahentzeler7k', 'Abba Hentzeler', '1991-01-12', 1, 'Male', '4d4812e68b2facd77642b7177fed46f7', 'ahentzeler7k@wikimedia.org', '903-961-8295', 3, '2020-08-02', '2021-06-27', 1, 2),
(274, 'fairlie7l', 'Frances Airlie', '1967-12-30', 1, 'Male', '339e6f8a40c4a9da5df21b60888f274d', 'fairlie7l@slate.com', '566-901-4959', 1, '2020-03-29', '2021-03-18', 1, 2),
(275, 'pgrose7m', 'Parnell Grose', '1983-12-12', 1, 'Female', '1a3fa5516365503a2fb359b768c5894a', 'pgrose7m@walmart.com', '566-961-0825', 4, '2020-08-23', '2021-10-15', 1, 1),
(276, 'mherion7n', 'Marve Herion', '1964-05-30', 2, 'Male', '49c6d5cbce59a2744bac98a7c935721e', 'mherion7n@digg.com', '128-937-6736', 2, '2021-03-13', '2020-02-02', 1, 2),
(277, 'tredgrove7o', 'Theadora Redgrove', '1962-02-22', 2, 'Female', '91a08ef2afd524c378212ff1a32ca84c', 'tredgrove7o@mozilla.org', '707-416-7360', 2, '2021-02-22', '2021-05-04', 1, 2),
(278, 'adyson7p', 'Adele Dyson', '2007-01-28', 2, 'Male', '3d3183455b2b9a75a2cd4d104cdea9ba', 'adyson7p@addtoany.com', '418-526-5395', 4, '2020-12-18', '2020-02-23', 1, 2),
(279, 'apeetermann7q', 'Albina Peetermann', '2017-09-13', 2, 'Female', 'e5b524ec4957234ddb311ee4a009fc27', 'apeetermann7q@cocolog-nifty.com', '269-918-9210', 4, '2021-10-16', '2021-05-23', 1, 2),
(280, 'bwallen7r', 'Bella Wallen', '1989-04-04', 1, 'Male', '6c7d5d324ac63e6917b387fb7027c9d2', 'bwallen7r@hostgator.com', '128-748-5435', 4, '2021-03-01', '2020-06-09', 1, 2);
INSERT INTO `member` (`id`, `account`, `name`, `birthday`, `discount_id`, `gender`, `password`, `email`, `phone`, `subscribe`, `created_at`, `edit_at`, `valid`, `tag_id`) VALUES
(281, 'pgourlie7s', 'Penelopa Gourlie', '1965-09-11', 1, 'Male', '5df5856d6e034fe7180e22f80e050cde', 'pgourlie7s@timesonline.co.uk', '293-687-4417', 4, '2021-07-06', '2020-10-08', 1, 2),
(282, 'flavies7t', 'Farly Lavies', '2014-05-02', 2, 'Female', '6329cf391dd836d9b93b58ac0ddfa8dc', 'flavies7t@dagondesign.com', '519-625-3345', 1, '2021-04-05', '2021-05-10', 1, 1),
(283, 'floffhead7u', 'Fianna Loffhead', '1994-01-07', 3, 'Male', '1919c50e612e3561281747d5266cde2f', 'floffhead7u@census.gov', '443-751-0161', 3, '2020-01-07', '2020-05-30', 1, 1),
(284, 'cdreschler7v', 'Chuck Dreschler', '1963-02-12', 1, 'Female', 'deec49500273252d1e1ec0b2bb4cd77f', 'cdreschler7v@123-reg.co.uk', '965-440-0536', 3, '2021-07-08', '2020-01-08', 1, 1),
(285, 'aplevey7w', 'Antoine Plevey', '1990-06-04', 1, 'Female', '08b26f502ed64c02ec57ddcb1c3b5a10', 'aplevey7w@google.fr', '156-171-4726', 1, '2021-11-15', '2020-09-11', 1, 1),
(286, 'nvoelker7x', 'Nadya Voelker', '1963-07-13', 3, 'Male', 'c62e26b74d8ab1f252cc4b95cbbe7d1c', 'nvoelker7x@dion.ne.jp', '917-252-2677', 4, '2020-04-25', '2020-08-10', 1, 1),
(287, 'ggrog7y', 'Gretchen Grog', '1980-04-26', 3, 'Male', '2a9be214de408043495c9f8665ddb48d', 'ggrog7y@va.gov', '276-587-2962', 1, '2020-11-20', '2020-04-24', 1, 2),
(288, 'kdressel7z', 'Koressa Dressel', '1978-03-14', 2, 'Male', '8d3f1786bee5904fe2aeb92b79b26b19', 'kdressel7z@nationalgeographic.com', '254-365-6600', 1, '2020-10-30', '2020-01-08', 1, 1),
(289, 'semmison80', 'Shep Emmison', '2006-09-06', 3, 'Male', '8c4734f87d592350f6ce53393095adeb', 'semmison80@wikispaces.com', '843-889-3609', 3, '2021-05-05', '2020-12-18', 1, 2),
(290, 'lquodling81', 'Lenora Quodling', '1969-03-12', 2, 'Female', '9858944b7df7cd568cffa596cbd67b6a', 'lquodling81@cisco.com', '470-856-2767', 3, '2021-02-05', '2021-09-18', 1, 1),
(291, 'swhitland82', 'Sloan Whitland', '2003-11-11', 3, 'Male', 'bf12391f73a94939d2822e4922c3a02f', 'swhitland82@qq.com', '118-783-3556', 2, '2021-04-21', '2021-11-05', 1, 2),
(292, 'ttohill83', 'Thorpe Tohill', '1988-03-03', 3, 'Male', 'e1885bba413d092f6132feeaae265053', 'ttohill83@omniture.com', '768-426-0614', 4, '2020-11-05', '2020-08-15', 1, 2),
(293, 'aelliss84', 'Aube Elliss', '1994-06-15', 1, 'Male', '9398ccc04c2ddd3b9b1882159390953f', 'aelliss84@newsvine.com', '453-593-6194', 1, '2020-12-10', '2020-11-09', 1, 2),
(294, 'dweben85', 'Duff Weben', '2015-12-20', 3, 'Male', '958cb21e44f1be0c61517aab8e056b30', 'dweben85@addthis.com', '850-551-4457', 2, '2020-04-01', '2020-03-01', 1, 2),
(295, 'efortune86', 'Ellie Fortune', '1964-05-05', 3, 'Female', 'e48b3bc5b21d4aa5b2b0fca96ec4a947', 'efortune86@pagesperso-orange.fr', '642-859-9323', 2, '2021-11-12', '2021-04-10', 1, 1),
(296, 'cdraper87', 'Catlee Draper', '1995-06-07', 3, 'Male', '709555b497b04d6b92bf44bdc0e70992', 'cdraper87@e-recht24.de', '671-671-7304', 3, '2020-11-11', '2020-01-15', 1, 2),
(297, 'kreveland88', 'Karylin Reveland', '1974-12-25', 2, 'Male', '7795e59e8d074baea16621e6f95b900f', 'kreveland88@networkadvertising.org', '475-366-8523', 3, '2020-05-02', '2021-01-05', 1, 2),
(298, 'bmatiebe89', 'Bebe Matiebe', '1997-04-04', 3, 'Male', 'ec9d52e733718fa5bf824ecaac8221ae', 'bmatiebe89@mediafire.com', '462-834-5457', 3, '2020-06-16', '2021-01-07', 1, 1),
(299, 'smccumskay8a', 'Samantha McCumskay', '1993-12-16', 2, 'Male', '5825efb63da0020e378ce7fb96da48cc', 'smccumskay8a@biblegateway.com', '889-598-3598', 3, '2021-12-08', '2021-07-20', 1, 2),
(300, 'asmalridge8b', 'Adore Smalridge', '2021-08-06', 2, 'Female', '5164cdb6adbd7704b5dd071d70abc944', 'asmalridge8b@blogger.com', '380-578-4511', 4, '2021-03-18', '2021-01-24', 1, 2),
(301, 'fgoldthorp8c', 'Felicle Goldthorp', '1975-09-23', 2, 'Male', '0ddeb46aa38ff8f70a0042c287d4a400', 'fgoldthorp8c@reference.com', '351-536-0235', 2, '2020-12-17', '2021-09-21', 1, 1),
(302, 'jdivina8d', 'Jermaine Divina', '1983-03-17', 2, 'Male', '0cb1b4f8aa5ec0e2f00401a4f14648e2', 'jdivina8d@paginegialle.it', '516-518-7762', 3, '2021-11-15', '2019-12-26', 1, 2),
(303, 'qlegerwood8e', 'Quincey Legerwood', '1981-01-18', 3, 'Female', 'c16af8ec8394568ccf7019214a2f6db2', 'qlegerwood8e@sina.com.cn', '677-640-4673', 2, '2020-12-21', '2021-03-05', 1, 1),
(304, 'asoal8f', 'Alasteir Soal', '1987-01-01', 2, 'Female', '0602384c8bed75c373e5602ef8f82f81', 'asoal8f@dion.ne.jp', '871-770-8297', 4, '2020-12-18', '2020-03-09', 1, 1),
(305, 'lcullrford8g', 'Liv Cullrford', '1964-08-14', 3, 'Male', '1802ac7ee4a27003370690b2a72ca9c0', 'lcullrford8g@drupal.org', '932-493-1826', 4, '2021-11-27', '2020-02-01', 1, 1),
(306, 'hdodridge8h', 'Haskell Dodridge', '1989-06-29', 2, 'Female', 'd54ab40a82166e6f73328e93a7149aae', 'hdodridge8h@cbsnews.com', '984-888-7884', 2, '2020-01-03', '2021-06-16', 1, 1),
(307, 'cfairbrace8i', 'Cornelle Fairbrace', '1992-04-11', 2, 'Male', '07fb8349d031b2dcf622ca7d71885113', 'cfairbrace8i@google.com.hk', '121-190-8227', 3, '2020-10-01', '2020-02-19', 1, 2),
(308, 'lizchaki8j', 'Linnet Izchaki', '1962-02-21', 3, 'Female', '963b61c22d21415fdc46697d821e2636', 'lizchaki8j@shop-pro.jp', '226-834-3267', 3, '2021-09-29', '2020-05-24', 1, 1),
(309, 'kmongeot8k', 'Kailey Mongeot', '1965-10-12', 2, 'Female', '90d1563a791b9111079121cd96b46088', 'kmongeot8k@marketwatch.com', '121-825-7223', 4, '2020-11-09', '2020-11-19', 1, 1),
(310, 'mosherrin8l', 'Marie-jeanne O\'Sherrin', '1985-08-09', 3, 'Male', '1398dd32ed2943d3077497fb4951a767', 'mosherrin8l@wordpress.org', '724-416-3171', 3, '2021-04-20', '2020-06-21', 1, 1),
(311, 'jwickenden8m', 'Jorie Wickenden', '1965-10-18', 1, 'Female', 'e2a3b87ee4f7fc121c080e11468e1ea8', 'jwickenden8m@jalbum.net', '190-489-2167', 4, '2020-01-12', '2020-04-18', 1, 2),
(312, 'mlescop8n', 'Mab Lescop', '1973-06-13', 3, 'Female', '1f221751be545111dee72276f0d877ef', 'mlescop8n@nasa.gov', '405-144-4013', 4, '2020-07-24', '2020-06-17', 1, 1),
(313, 'wabden8o', 'Whitaker Abden', '2016-08-23', 2, 'Female', '69106cfacf3fded02c768f0eb9d2118d', 'wabden8o@webs.com', '741-985-0612', 2, '2021-02-03', '2020-10-29', 1, 2),
(314, 'hkensit8p', 'Henri Kensit', '1973-07-01', 3, 'Male', '1df523ee134acdf60e29d475e61bc699', 'hkensit8p@ning.com', '831-173-1988', 3, '2021-11-15', '2021-08-08', 1, 2),
(315, 'pbrownsword8q', 'Pierette Brownsword', '1981-01-18', 3, 'Male', '62519e5b7e36b0b069467dd6bcffe8f7', 'pbrownsword8q@oracle.com', '858-136-7457', 1, '2021-04-14', '2020-10-06', 1, 2),
(316, 'smantrip8r', 'Shina Mantrip', '1964-01-07', 3, 'Male', 'aeb3f7fff13f23f4b97fb36d127575c6', 'smantrip8r@google.co.uk', '284-607-9628', 4, '2021-03-28', '2020-06-25', 1, 1),
(317, 'kiddison8s', 'Kristofer Iddison', '1980-11-19', 2, 'Male', 'be07bd573407e23a741516d55085e9f2', 'kiddison8s@sun.com', '176-972-5330', 1, '2020-04-29', '2021-12-10', 1, 2),
(318, 'fbrandel8t', 'Frasco Brandel', '2004-01-10', 1, 'Male', '6599503ba2bbb678320d6027344de87c', 'fbrandel8t@cdc.gov', '626-700-6254', 1, '2021-02-17', '2021-06-21', 1, 1),
(319, 'ewitham8u', 'Eilis Witham', '1989-06-17', 2, 'Male', 'e5aef22bd2f1f4a022aa00bffb2ba28e', 'ewitham8u@photobucket.com', '145-842-6256', 3, '2021-04-29', '2021-08-30', 1, 1),
(320, 'bgerrish8v', 'Brent Gerrish', '2020-03-05', 2, 'Female', '366675bb5c9a4dd272f732407df7aa76', 'bgerrish8v@google.co.jp', '706-597-1836', 1, '2020-02-03', '2021-03-16', 1, 1),
(321, 'acasterou8w', 'Angil Casterou', '1995-10-05', 2, 'Female', '0ea5d42a54e5d44dfd20c895895c0918', 'acasterou8w@dagondesign.com', '903-990-8422', 3, '2020-11-21', '2020-07-08', 1, 1),
(322, 'icrepel8x', 'Ignacio Crepel', '1983-05-31', 3, 'Female', '7a93af4f9f166e764022f21e874e0a88', 'icrepel8x@squarespace.com', '190-460-7525', 2, '2020-05-14', '2020-07-15', 1, 1),
(323, 'htewnion8y', 'Holden Tewnion', '1982-11-21', 1, 'Male', 'd888d5ea396b00302ce70de23e16a0f9', 'htewnion8y@hao123.com', '547-497-8858', 4, '2020-07-08', '2021-02-28', 1, 1),
(324, 'borhtmann8z', 'Brett Orhtmann', '1974-11-03', 1, 'Male', 'cb4c5c61b5cc95127c6d8533d25f7468', 'borhtmann8z@java.com', '774-446-8456', 2, '2020-05-15', '2020-09-05', 1, 1),
(325, 'ymcwhannel90', 'Yvon McWhannel', '1981-03-06', 2, 'Male', 'de536929fd4700b50414a9e86479632c', 'ymcwhannel90@admin.ch', '439-941-0442', 3, '2020-08-24', '2021-01-04', 1, 2),
(326, 'roertzen91', 'Rasia Oertzen', '1992-09-26', 3, 'Female', '42853f90de7f1b8d612807883de9021c', 'roertzen91@eventbrite.com', '329-835-4623', 4, '2021-06-11', '2021-04-05', 1, 1),
(327, 'rehlerding92', 'Ransell Ehlerding', '2020-05-10', 1, 'Female', 'eb13ebf49a77d4c1e168ac8b7e8e494d', 'rehlerding92@columbia.edu', '418-187-4907', 3, '2020-02-18', '2020-10-19', 1, 2),
(328, 'amacallan93', 'Algernon MacAllan', '2001-03-07', 2, 'Male', '216ac47b68e9ce180306379fbed411a0', 'amacallan93@cnbc.com', '468-258-0575', 3, '2021-04-08', '2020-05-19', 1, 1),
(329, 'ctrewhella94', 'Corrianne Trewhella', '2015-09-10', 3, 'Female', 'f9f2f54dfc0bccb2530b2ec1f9732022', 'ctrewhella94@chron.com', '549-501-2528', 4, '2020-08-27', '2020-11-21', 1, 1),
(330, 'beicheler95', 'Berne Eicheler', '2000-03-11', 2, 'Male', '16177de568de45273bfab4f217db1fac', 'beicheler95@bbc.co.uk', '292-119-9826', 2, '2020-05-19', '2020-10-13', 1, 1),
(331, 'cargontt96', 'Cozmo Argontt', '1991-12-25', 2, 'Male', '723b522632db66912455e3d0d106867e', 'cargontt96@blogspot.com', '166-796-0096', 2, '2021-01-27', '2019-12-24', 1, 1),
(332, 'cmcgibbon97', 'Cassie McGibbon', '1970-12-03', 2, 'Male', '1718a1405fb7c03c5b22c5c0c0c83891', 'cmcgibbon97@friendfeed.com', '391-325-5015', 3, '2021-07-20', '2021-01-19', 1, 1),
(333, 'ajebb98', 'Annette Jebb', '1964-08-07', 2, 'Female', 'b5bd64a19ec0f20286cfc5f50b96a0a3', 'ajebb98@alibaba.com', '370-233-1607', 3, '2020-09-19', '2021-06-07', 1, 2),
(334, 'cadamovitch99', 'Cory Adamovitch', '2013-09-29', 1, 'Male', 'a94c22d4926c3cf2661e7a66c78b4a3a', 'cadamovitch99@rakuten.co.jp', '268-698-2929', 2, '2021-06-14', '2020-03-05', 1, 1),
(335, 'zdjordjevic9a', 'Zora Djordjevic', '1980-03-07', 2, 'Female', '32c23da95679f3a41f354328caec62d6', 'zdjordjevic9a@indiatimes.com', '185-604-4030', 3, '2021-07-15', '2020-11-30', 1, 2),
(336, 'amournian9b', 'Andrus Mournian', '2017-01-08', 2, 'Male', 'c27dec55566dc2b9ddb520a0e4cda670', 'amournian9b@slideshare.net', '868-586-0294', 4, '2021-04-10', '2020-09-14', 1, 1),
(337, 'acaillou9c', 'Alard Caillou', '1980-02-23', 3, 'Male', 'ac6b88db9158135ebcceab51285c08cc', 'acaillou9c@yandex.ru', '829-545-1815', 3, '2021-12-03', '2021-02-12', 1, 1),
(338, 'ywyldes9d', 'Yank Wyldes', '1981-06-06', 3, 'Male', '9242c729973290398cfacafff57dfe19', 'ywyldes9d@wikia.com', '449-597-8700', 1, '2021-02-06', '2020-03-07', 1, 2),
(339, 'labdy9e', 'Lonnard Abdy', '2010-03-05', 1, 'Female', '85285d8fbea5a058b35a1f5822276fea', 'labdy9e@smugmug.com', '116-811-6571', 3, '2020-02-05', '2021-04-22', 1, 1),
(340, 'jdeam9f', 'Jamill Deam', '2000-07-04', 2, 'Male', '0bac746438b5e40a89820c0d5ec66b32', 'jdeam9f@friendfeed.com', '263-811-6414', 1, '2021-08-25', '2020-03-20', 1, 1),
(341, 'rseefus9g', 'Ronalda Seefus', '1964-12-06', 2, 'Female', '5714536aef62e4b7eee131527d4858d0', 'rseefus9g@disqus.com', '684-671-3414', 4, '2020-08-28', '2021-01-02', 1, 1),
(342, 'sbetjeman9h', 'Slade Betjeman', '1977-06-07', 2, 'Male', '44941f07a01b10f3b10a60fa104bef26', 'sbetjeman9h@github.io', '402-426-2754', 1, '2020-03-11', '2020-11-07', 1, 1),
(343, 'rfuxman9i', 'Rich Fuxman', '2003-04-29', 3, 'Female', 'c2936c10f07ac52e7e70be492437d661', 'rfuxman9i@mayoclinic.com', '432-732-4228', 1, '2020-12-31', '2020-06-27', 1, 1),
(344, 'ko9j', 'Kai O\' Hanvey', '2020-12-02', 1, 'Male', 'e4b2315d5051bb46e6e8dff1bc39a80c', 'ko9j@state.gov', '158-240-1391', 3, '2021-05-03', '2020-02-28', 1, 2),
(345, 'bdavidovici9k', 'Bel Davidovici', '2006-11-09', 2, 'Male', 'f6319fc4dea17c0de72525cb182a8423', 'bdavidovici9k@naver.com', '769-511-1087', 3, '2021-06-18', '2021-02-14', 1, 2),
(346, 'yhackford9l', 'Yvette Hackford', '1973-04-05', 1, 'Female', '9b287297be03fadc71cbfea26c04af53', 'yhackford9l@unc.edu', '230-233-2869', 2, '2021-10-14', '2020-10-22', 1, 1),
(347, 'jescale9m', 'Joice Escale', '2017-11-03', 1, 'Female', '88741a205dcf9fcc6cd919a02380ece4', 'jescale9m@soup.io', '163-625-5520', 3, '2020-12-02', '2020-02-20', 1, 1),
(348, 'lavramovich9n', 'Lisbeth Avramovich', '1981-01-20', 2, 'Male', '6880281ac42a09cd9e426e3afdb79b04', 'lavramovich9n@i2i.jp', '674-349-8125', 4, '2020-01-01', '2021-09-06', 1, 1),
(349, 'ajeavon9o', 'Ariel Jeavon', '2021-03-05', 3, 'Female', 'd42f075330a8ef3504961fc94406235d', 'ajeavon9o@jalbum.net', '896-457-0613', 3, '2019-12-11', '2020-09-18', 1, 1),
(350, 'sfosdike9p', 'Selina Fosdike', '2000-09-14', 3, 'Male', 'c709769e018845c81bc41b10d698e504', 'sfosdike9p@disqus.com', '736-975-2463', 4, '2021-03-03', '2021-04-23', 1, 1),
(351, 'gphilippou9q', 'Griselda Philippou', '2001-01-06', 3, 'Male', '4b69fb8facd7f6cf42430044e2db820a', 'gphilippou9q@wikimedia.org', '503-847-5723', 3, '2021-01-10', '2020-08-08', 1, 2),
(352, 'bmeneely9r', 'Bil Meneely', '1989-01-24', 3, 'Male', '0b2f186704d80ca1713fef35ce1e3fa9', 'bmeneely9r@github.com', '135-656-9368', 2, '2021-10-28', '2020-12-11', 1, 2),
(353, 'cvelasquez9s', 'Chantal Velasquez', '1972-12-19', 3, 'Male', '0dcaff3ef9b04121ba09dd6f5ab0eae9', 'cvelasquez9s@ycombinator.com', '451-162-2869', 2, '2020-12-15', '2019-12-22', 1, 1),
(354, 'dsmickle9t', 'Deane Smickle', '1982-09-20', 2, 'Female', 'd06e7aded0256b18f11e6f02d8273f5c', 'dsmickle9t@psu.edu', '215-480-6143', 1, '2021-09-17', '2020-02-10', 1, 1),
(355, 'aboutcher9u', 'Alonzo Boutcher', '1970-07-10', 3, 'Female', 'd72c72dc631fbd1f7c91f298969688cc', 'aboutcher9u@blogspot.com', '351-904-2308', 2, '2020-04-13', '2021-10-27', 1, 2),
(356, 'tgronaver9v', 'Traci Gronaver', '2009-02-03', 2, 'Female', '8c3d33e8c609faa6fbdc3841642b9bf4', 'tgronaver9v@behance.net', '224-802-5402', 3, '2021-08-10', '2021-04-11', 1, 1),
(357, 'dtowersey9w', 'Dov Towersey', '1984-02-15', 2, 'Male', '0faa1d1fda59a48557f0abb7ecef3b6f', 'dtowersey9w@mozilla.org', '283-523-1302', 4, '2021-02-10', '2021-10-03', 1, 1),
(358, 'adaine9x', 'Augustus Daine', '1986-06-01', 1, 'Male', '98d9c62ad9df6fca18fdc7f17622628d', 'adaine9x@miibeian.gov.cn', '985-553-7670', 1, '2021-03-10', '2020-11-13', 1, 1),
(359, 'rbockman9y', 'Rube Bockman', '1991-07-20', 3, 'Female', '954b7f2de834f9967f6f163e18d92b19', 'rbockman9y@prnewswire.com', '382-492-0910', 1, '2021-02-03', '2021-06-26', 1, 1),
(360, 'ewadly9z', 'Evvy Wadly', '1976-09-17', 3, 'Female', '95f90024042cc472ee28d153fe7f2c74', 'ewadly9z@phpbb.com', '221-710-9834', 1, '2020-09-08', '2021-06-16', 1, 2),
(361, 'teasta0', 'Tammy East', '2008-05-20', 2, 'Male', 'af19788825d44e637e3c6f5a39f96e9c', 'teasta0@irs.gov', '678-250-1796', 1, '2021-09-24', '2021-10-30', 1, 2),
(362, 'byounga1', 'Brannon Young', '1968-01-03', 3, 'Female', 'f3e9e598ab13cdcf173ec795408ca5a4', 'byounga1@amazon.de', '490-854-5908', 3, '2020-03-27', '2020-04-30', 1, 1),
(363, 'ctortisa2', 'Cally Tortis', '1970-05-09', 1, 'Female', '24cc13f23f248b515694b0a5a04e55b8', 'ctortisa2@mozilla.org', '853-803-6151', 4, '2021-05-15', '2021-03-27', 1, 1),
(364, 'msunshinea3', 'Maxy Sunshine', '1967-03-09', 1, 'Female', 'd27b0963e3200f2244d88f90219dd482', 'msunshinea3@paginegialle.it', '286-841-4047', 2, '2020-08-10', '2020-03-07', 1, 1),
(365, 'sheadforda4', 'Shea Headford', '1986-06-21', 3, 'Female', 'd64218d4890acc550c8c8db2dfc731da', 'sheadforda4@elpais.com', '242-599-3207', 2, '2020-06-07', '2020-03-08', 1, 2),
(366, 'cnestera5', 'Celka Nester', '1972-05-24', 2, 'Male', 'e209a5fef95fe9b1c47361371aa8d631', 'cnestera5@aol.com', '950-781-5166', 1, '2019-12-27', '2020-10-03', 1, 1),
(367, 'lgrahamslawa6', 'Lynea Grahamslaw', '1968-04-18', 1, 'Female', '3a9540dedb93acca3a7cf61a1a3e3de4', 'lgrahamslawa6@tripadvisor.com', '567-838-2141', 3, '2021-10-07', '2020-02-09', 1, 1),
(368, 'mstanninga7', 'Martie Stanning', '2003-06-22', 1, 'Male', 'ee5dfc314633b5bfe1543acbb54bb77b', 'mstanninga7@dropbox.com', '414-651-8269', 3, '2020-04-03', '2021-10-22', 1, 2),
(369, 'temmetta8', 'Torre Emmett', '1975-10-22', 2, 'Male', 'e0a5418221f0bb23313ca7bd52c4b5e1', 'temmetta8@alexa.com', '797-832-8982', 4, '2020-08-27', '2021-05-13', 1, 1),
(370, 'hpurcella9', 'Hannis Purcell', '1962-04-23', 1, 'Male', '11a5f6c307d99e5f92cb1c79e4f24085', 'hpurcella9@quantcast.com', '612-476-4490', 1, '2020-09-30', '2019-12-16', 1, 1),
(371, 'sendrizziaa', 'Sholom Endrizzi', '1970-03-06', 1, 'Male', '97393c46f9baa3494c9eda8b8a2388be', 'sendrizziaa@psu.edu', '279-581-9691', 2, '2020-01-16', '2020-06-12', 1, 1),
(372, 'cetteridgeab', 'Cyndia Etteridge', '1966-11-07', 3, 'Female', 'de0e26122845d7092989f45a09726415', 'cetteridgeab@slate.com', '233-614-9936', 1, '2020-03-21', '2020-11-27', 1, 1),
(373, 'jwonhamac', 'Jorie Wonham', '2013-04-25', 3, 'Female', 'ecb6514283774af87d1126493d7fe5e8', 'jwonhamac@example.com', '136-852-7951', 1, '2020-10-15', '2020-12-17', 1, 1),
(374, 'jbernardad', 'Judie Bernard', '1973-02-23', 2, 'Male', 'd09a7fb8bfee40a0997d1c7134896276', 'jbernardad@cyberchimps.com', '126-963-6525', 2, '2020-11-08', '2020-07-15', 1, 2),
(375, 'dmonksfieldae', 'Denise Monksfield', '1988-08-01', 2, 'Female', '1ba5f65e0d69ba7c7bb7f2bad64c052c', 'dmonksfieldae@vkontakte.ru', '633-226-0950', 1, '2021-06-14', '2021-12-06', 1, 2),
(376, 'kseegeraf', 'Keary Seeger', '1994-12-12', 2, 'Male', '9cf16cc46a2be958c0607ca4701e8d75', 'kseegeraf@edublogs.org', '721-386-8866', 4, '2020-06-18', '2021-03-20', 1, 2),
(377, 'amelmoreag', 'Armstrong Melmore', '1992-11-07', 3, 'Male', 'f46174c710c9b36578c16a98f4550d89', 'amelmoreag@opera.com', '400-216-7878', 2, '2020-10-02', '2019-12-23', 1, 1),
(378, 'breganah', 'Benn Regan', '2001-05-11', 2, 'Female', '3d7ae1c464ad235b159072a36927c0eb', 'breganah@amazon.de', '422-547-8822', 3, '2021-06-17', '2020-10-11', 1, 2),
(379, 'ewynrahameai', 'Elwira Wynrahame', '1996-11-16', 3, 'Female', '94b7a032e5fc377d57f6384a6b222711', 'ewynrahameai@desdev.cn', '257-913-4002', 1, '2021-11-10', '2021-10-26', 1, 1),
(380, 'plasteaj', 'Patrica Laste', '2000-03-06', 2, 'Female', 'adc5687a395a6cf27553e48b3e71b37d', 'plasteaj@tiny.cc', '267-710-1793', 2, '2020-07-27', '2021-10-03', 1, 1),
(381, 'kgittisak', 'Kaleb Gittis', '1962-11-20', 2, 'Male', 'fe8800d775df8ef24b678e7e0a63893f', 'kgittisak@comcast.net', '324-809-4833', 4, '2021-05-28', '2020-12-09', 1, 2),
(382, 'lawmackal', 'Lilyan Awmack', '2000-04-26', 2, 'Female', '136b10c2d35171fec7fa472b52ba1676', 'lawmackal@yellowpages.com', '321-720-7658', 4, '2020-03-16', '2020-10-29', 1, 1),
(383, 'imostinam', 'Idell Mostin', '1993-08-12', 1, 'Male', '895b6362b75060d5b84fd487dd5675b5', 'imostinam@lycos.com', '859-706-1651', 1, '2020-07-18', '2021-08-22', 1, 2),
(384, 'bblackbornan', 'Bobbie Blackborn', '2014-05-27', 1, 'Male', '2ae9a01a39d8ba8601152a025cbc7a6a', 'bblackbornan@fema.gov', '708-495-1856', 1, '2021-03-01', '2020-08-21', 1, 1),
(385, 'bfellowao', 'Benjie Fellow', '1967-10-26', 2, 'Male', '38b1d9f6fcaa4958a215e796ab98ca81', 'bfellowao@flavors.me', '517-255-4344', 1, '2021-06-24', '2021-02-12', 1, 2),
(386, 'rfloriap', 'Raddie Flori', '1989-11-16', 3, 'Female', '29c6d3c005c1a2b3f6805a1030f6ee94', 'rfloriap@ezinearticles.com', '760-775-7690', 1, '2021-11-23', '2020-05-11', 1, 2),
(387, 'bsoigouxaq', 'Burnaby Soigoux', '1964-11-30', 1, 'Male', '850c0303f099148e42870fce8ac60153', 'bsoigouxaq@wikimedia.org', '512-697-9418', 1, '2020-05-12', '2020-11-18', 1, 2),
(388, 'rkornousekar', 'Reuven Kornousek', '1984-07-28', 3, 'Male', 'f754ba78ea860da1f6649d78836b5216', 'rkornousekar@ucsd.edu', '406-401-0298', 3, '2021-03-24', '2021-11-22', 1, 1),
(389, 'broseamanas', 'Berthe Roseaman', '2007-01-10', 3, 'Male', 'ab964353dd39259c30b6b044ad58fb10', 'broseamanas@about.com', '362-845-3858', 3, '2020-11-19', '2021-11-15', 1, 1),
(390, 'dprescotat', 'Demetria Prescot', '1985-08-17', 3, 'Female', '8dba6dd2727d7092286248e5d50ec0bc', 'dprescotat@jiathis.com', '656-584-5881', 4, '2021-11-03', '2021-09-07', 1, 1),
(391, 'msheasbyau', 'Myca Sheasby', '1970-05-21', 2, 'Male', 'd5c89ca2d70485c18f8f7edd4a7b9e1f', 'msheasbyau@ifeng.com', '561-705-3983', 3, '2021-05-09', '2021-11-03', 1, 1),
(392, 'hhaenselav', 'Honey Haensel', '2014-02-18', 3, 'Male', '9d83e3b04543f16c71d7c84de474cf0e', 'hhaenselav@alexa.com', '438-278-4769', 2, '2020-03-07', '2020-05-31', 1, 2),
(393, 'gpavicaw', 'Guendolen Pavic', '1968-10-17', 2, 'Male', '7ba722fc6a51b34e446b3fca13002a8b', 'gpavicaw@homestead.com', '533-293-5366', 4, '2020-11-23', '2020-12-12', 1, 1),
(394, 'cackrillax', 'Chadwick Ackrill', '2001-11-12', 2, 'Male', '1c4cf278c966b27bdc884b8ec30f259d', 'cackrillax@hugedomains.com', '367-377-3782', 4, '2020-07-28', '2020-01-11', 1, 2),
(395, 'qcorrieay', 'Quint Corrie', '1982-12-03', 2, 'Female', '652c5ce6b72b3d4868bfd42d24b9fe93', 'qcorrieay@pagesperso-orange.fr', '179-700-1492', 1, '2021-06-01', '2021-12-06', 1, 2),
(396, 'abogeysaz', 'Aura Bogeys', '1983-12-15', 3, 'Male', '26f655e1ff479bae324991a03dc19e11', 'abogeysaz@digg.com', '215-151-1300', 1, '2020-09-02', '2021-04-06', 1, 2),
(397, 'lblankenshipb0', 'Luci Blankenship', '2021-10-29', 3, 'Male', '4dfdb37db5bb50ea94ef60b9a417e262', 'lblankenshipb0@marriott.com', '423-359-6467', 2, '2020-08-12', '2021-05-04', 1, 1),
(398, 'hmilliereb1', 'Harwilll Milliere', '1971-03-08', 1, 'Female', '075ac0e958630f1036299f274a94e9cc', 'hmilliereb1@springer.com', '848-854-4006', 3, '2021-02-04', '2020-10-07', 1, 1),
(399, 'llaurenceb2', 'Lee Laurence', '1979-06-18', 3, 'Female', '32382ea5d5e672e274b82805659f8f43', 'llaurenceb2@europa.eu', '562-160-8164', 4, '2020-06-03', '2021-03-22', 1, 1),
(400, 'agaskillb3', 'Allianora Gaskill', '1966-06-23', 2, 'Male', '1056f5c8ebd26fe9966bd4190ea144b7', 'agaskillb3@pcworld.com', '571-244-4214', 4, '2021-01-20', '2021-08-20', 1, 1),
(401, 'jcantillonb4', 'Jemima Cantillon', '2016-03-15', 2, 'Female', 'f0ee0ab3d85609ac0d6b921cdf2ec69e', 'jcantillonb4@dagondesign.com', '760-174-9710', 2, '2021-02-09', '2021-08-21', 1, 1),
(402, 'bwalesb5', 'Boigie Wales', '1968-09-03', 3, 'Female', 'e17a1988e383fb59997d9470922057d1', 'bwalesb5@topsy.com', '323-325-5948', 1, '2019-12-26', '2020-11-30', 1, 1),
(403, 'crichardsonb6', 'Coleen Richardson', '1973-05-05', 3, 'Female', '1ad86e86a3bb08ff2654bd99e7d75f8e', 'crichardsonb6@1688.com', '486-343-8713', 1, '2021-06-03', '2021-09-03', 1, 1),
(404, 'mhaughtonb7', 'Mella Haughton', '2016-06-22', 1, 'Male', 'e0f23bd44174b80e4ee89d6a02d15412', 'mhaughtonb7@shareasale.com', '868-296-4523', 4, '2020-08-09', '2021-04-24', 1, 1),
(405, 'cseyb8', 'Cherilyn Sey', '1995-01-18', 2, 'Female', '2a91e0263d4f769da2fb1ec607c1e5af', 'cseyb8@vk.com', '199-793-3841', 3, '2020-07-31', '2020-02-11', 1, 2),
(406, 'hupfoldb9', 'Hortensia Upfold', '2020-09-19', 3, 'Male', '3cf5817941a2c384b04c9442e8ab1da2', 'hupfoldb9@histats.com', '345-126-2530', 1, '2021-06-26', '2020-02-28', 1, 2),
(407, 'kverdieba', 'Killian Verdie', '1993-07-17', 2, 'Male', '9f839378a8a69662866cad851633b0c8', 'kverdieba@typepad.com', '810-820-4471', 3, '2021-11-04', '2021-02-24', 1, 1),
(408, 'rsmothbb', 'Ramsey Smoth', '1974-01-04', 3, 'Male', '3aeb493337fb1ca6aaa018d6dc0d7feb', 'rsmothbb@independent.co.uk', '612-648-1183', 1, '2020-03-01', '2021-04-18', 1, 2),
(409, 'jhellicarbc', 'Jedidiah Hellicar', '1965-09-10', 3, 'Male', '318fa214b6aa45abb8c9fa6956e22ca6', 'jhellicarbc@cloudflare.com', '220-644-7124', 1, '2021-07-01', '2020-04-18', 1, 2),
(410, 'rguarnierbd', 'Rodi Guarnier', '2021-01-04', 1, 'Male', '7be2c5e4cc257110f8abc89a1842495a', 'rguarnierbd@epa.gov', '688-237-7587', 4, '2021-04-03', '2020-01-11', 1, 1),
(411, 'ohubbockbe', 'Odey Hubbock', '1992-06-03', 3, 'Male', 'c87485d8f5048be61b8584be8f11336c', 'ohubbockbe@networksolutions.com', '487-427-5477', 2, '2020-09-06', '2020-09-09', 1, 1),
(412, 'mkellochbf', 'Minette Kelloch', '1988-12-17', 1, 'Male', '372207cf30c85abbaec9d87b90535380', 'mkellochbf@shinystat.com', '694-332-4402', 3, '2021-11-04', '2021-06-11', 1, 1),
(413, 'ksicklingbg', 'Kincaid Sickling', '1970-03-25', 1, 'Female', 'bdb908eecada21c7d96597d865719541', 'ksicklingbg@cnn.com', '582-287-3497', 2, '2021-05-27', '2021-10-16', 1, 1),
(414, 'tthornhillbh', 'Tremaine Thornhill', '2001-10-18', 2, 'Male', '9335e7791fcf3a6069629753b63d6d4f', 'tthornhillbh@nih.gov', '866-912-2614', 3, '2021-01-11', '2020-04-28', 1, 1),
(415, 'jaspybi', 'Jarrid Aspy', '1993-03-16', 2, 'Male', '47b5b348ebf1ad4fe32c0f724bad8e7c', 'jaspybi@bbc.co.uk', '630-174-4171', 1, '2020-06-04', '2020-01-21', 1, 2),
(416, 'acrossgrovebj', 'Artie Crossgrove', '1994-02-19', 2, 'Female', '8b5b0828927699495cd16db80abe3450', 'acrossgrovebj@usatoday.com', '595-926-2261', 1, '2021-01-21', '2020-06-29', 1, 2),
(417, 'hrebichonbk', 'Herschel Rebichon', '1998-11-29', 3, 'Female', '188064bbf3968738c88fa3b0ba067313', 'hrebichonbk@mysql.com', '331-352-3283', 1, '2021-11-24', '2020-09-24', 1, 2),
(418, 'yhallwardbl', 'Yoshiko Hallward', '2004-05-01', 1, 'Female', 'c5b5423c9a11fc0fbc402de63555a21c', 'yhallwardbl@nifty.com', '202-740-9824', 2, '2020-08-03', '2020-08-11', 1, 2),
(419, 'tmatchambm', 'Travis Matcham', '2010-06-16', 2, 'Female', '1cebebe03d50028d04c20dd54e641752', 'tmatchambm@technorati.com', '956-827-5222', 3, '2021-05-24', '2021-05-10', 1, 2),
(420, 'swiddupbn', 'Starr Widdup', '1985-10-28', 2, 'Female', '278c8ed1c30a7834eab2f96a5b8e3eaf', 'swiddupbn@tripod.com', '896-204-2585', 1, '2020-01-04', '2020-06-18', 1, 2),
(421, 'miianonbo', 'Mordecai Iianon', '1980-03-15', 1, 'Female', '88e0b9d0ea654fe0874fd986e65343e6', 'miianonbo@illinois.edu', '355-623-2717', 2, '2021-11-08', '2021-10-14', 1, 2),
(422, 'lbeynonbp', 'Liuka Beynon', '1976-02-08', 1, 'Female', 'e27ec6636471df75da379067d9864a4f', 'lbeynonbp@washingtonpost.com', '335-350-9363', 3, '2021-04-23', '2020-12-29', 1, 1),
(423, 'kwhittletonbq', 'Koren Whittleton', '2000-12-09', 3, 'Male', '463f90f0cc9a34c1171de5204c5329b9', 'kwhittletonbq@stanford.edu', '420-649-1119', 3, '2021-11-01', '2021-02-10', 1, 1),
(424, 'zglenfieldbr', 'Zelma Glenfield', '2015-05-17', 2, 'Female', '016adcd54fba6e09cdad79b8498a0029', 'zglenfieldbr@nba.com', '812-458-5764', 1, '2021-05-09', '2020-09-28', 1, 1),
(425, 'abeaubs', 'Aggy Beau', '2002-04-30', 2, 'Male', '1d55ae20591f81a382687020fa06068c', 'abeaubs@buzzfeed.com', '198-940-0992', 1, '2021-10-19', '2020-10-09', 1, 1),
(426, 'cnizetbt', 'Clea Nizet', '1991-09-04', 3, 'Female', 'd9498688e5156dff90701d3ff5e8683f', 'cnizetbt@usnews.com', '942-283-6407', 4, '2021-12-05', '2021-10-02', 1, 2),
(427, 'rrosserbu', 'Reggy Rosser', '2011-02-06', 3, 'Female', 'abd05b2837f58552a36c726d3a73e50c', 'rrosserbu@biglobe.ne.jp', '135-652-5218', 3, '2020-02-28', '2020-02-17', 1, 2),
(428, 'bcollefordbv', 'Bradly Colleford', '1979-03-20', 1, 'Female', 'c5c0268808d7b84f54e6701c1aa4cf88', 'bcollefordbv@about.com', '724-476-1715', 1, '2021-09-13', '2020-04-13', 1, 2),
(429, 'apentercostbw', 'Alfie Pentercost', '1977-05-23', 1, 'Female', '6868ca5a5e3fc369bb3f827d72ad70ec', 'apentercostbw@php.net', '668-337-4015', 4, '2020-01-22', '2020-08-22', 1, 2),
(430, 'mrenodenbx', 'Miguel Renoden', '2003-01-04', 1, 'Female', 'd1e7d33d8c8a240472fb96d679440aa1', 'mrenodenbx@howstuffworks.com', '355-158-3312', 2, '2020-08-25', '2020-11-19', 1, 2),
(431, 'klanstonby', 'Kala Lanston', '2021-08-02', 1, 'Male', '230aea56f5df0929f7bae562a7ae70ca', 'klanstonby@samsung.com', '486-958-3867', 2, '2021-05-03', '2020-02-02', 1, 2),
(432, 'ipitrollobz', 'Ilyse Pitrollo', '1990-06-18', 2, 'Female', 'db8e2cd34455f9cad44c2f249664a344', 'ipitrollobz@netlog.com', '827-802-8691', 2, '2020-08-28', '2021-11-12', 1, 2),
(433, 'detonc0', 'Darbee Eton', '1986-03-20', 3, 'Female', '51098b50657f00e3c4706ba2904f9141', 'detonc0@google.com.au', '335-448-8264', 2, '2020-03-04', '2020-05-01', 1, 2),
(434, 'lgierokc1', 'Lorin Gierok', '1992-01-01', 3, 'Male', '86afcbbad9abb21c80fa44584ff5df00', 'lgierokc1@51.la', '691-313-3938', 4, '2020-01-14', '2019-12-26', 1, 2),
(435, 'rgaraghanc2', 'Ryley Garaghan', '1986-07-23', 3, 'Female', 'b0278215b5cb79248c23e4caad44432c', 'rgaraghanc2@fc2.com', '140-844-3754', 4, '2021-11-12', '2021-03-07', 1, 1),
(436, 'edouglassc3', 'Ellwood Douglass', '1964-10-15', 1, 'Male', 'dcac2b8054b59ca18ad050cafc18778f', 'edouglassc3@ucoz.ru', '168-880-7811', 2, '2020-03-08', '2020-09-26', 1, 2),
(437, 'dkubicekc4', 'Daniela Kubicek', '2015-02-28', 2, 'Female', '1ac66fed83d93caab705be281196a535', 'dkubicekc4@wordpress.org', '202-969-6123', 4, '2020-07-14', '2020-04-25', 1, 2),
(438, 'cbellowsc5', 'Chandra Bellows', '1972-12-06', 3, 'Male', '5a50a76784e01474b9e921fb7c4ec3de', 'cbellowsc5@naver.com', '311-825-2857', 1, '2020-01-05', '2020-01-22', 1, 2),
(439, 'mscotchmoorc6', 'Mariann Scotchmoor', '2009-02-06', 3, 'Male', '48e6598a93c33786f7dc0a5ca0608a07', 'mscotchmoorc6@google.cn', '698-709-1486', 2, '2020-10-12', '2021-10-01', 1, 2),
(440, 'dmoultriec7', 'Dedie Moultrie', '2004-01-23', 2, 'Male', '826c7f4439f6bf6e8e9bfd684cf35f29', 'dmoultriec7@java.com', '284-328-1586', 1, '2020-09-26', '2020-01-05', 1, 2),
(441, 'lbettanayc8', 'Lorine Bettanay', '1990-02-16', 1, 'Female', '41b96211677f0ccc0c52b7ec82f7a08d', 'lbettanayc8@intel.com', '870-996-8396', 3, '2021-12-03', '2021-10-02', 1, 2),
(442, 'weldridc9', 'Walt Eldrid', '2005-01-14', 1, 'Male', 'e5cf436dd35c54bb950c8eefcdf91095', 'weldridc9@lulu.com', '863-987-9448', 1, '2020-11-08', '2021-10-01', 1, 2),
(443, 'bberrisfordca', 'Barny Berrisford', '1997-10-18', 3, 'Female', 'fcaa8ed0415b17b47f8f315945c0c4ef', 'bberrisfordca@adobe.com', '287-339-0956', 3, '2020-04-02', '2021-02-04', 1, 2),
(444, 'bglendzercb', 'Bonni Glendzer', '1973-11-12', 3, 'Female', '1b659373b0ff842eee1878e7f62a4dfd', 'bglendzercb@examiner.com', '691-733-4479', 3, '2020-07-28', '2021-06-10', 1, 2),
(445, 'dpanyercc', 'Dame Panyer', '2005-01-20', 2, 'Female', '76224132b5aa68159043168cad779143', 'dpanyercc@symantec.com', '462-910-9143', 2, '2020-06-18', '2019-12-15', 1, 1),
(446, 'dmowdaycd', 'Dorrie Mowday', '1964-11-16', 2, 'Female', '94400d6a58acd2a81c4f2a8915f69655', 'dmowdaycd@alexa.com', '160-451-6631', 3, '2021-06-14', '2021-10-14', 1, 1),
(447, 'bsalzburgce', 'Brandy Salzburg', '1997-12-19', 2, 'Male', '9c8b7adc927bdaf01dd88bfdac934b88', 'bsalzburgce@facebook.com', '647-487-5278', 1, '2020-10-06', '2019-12-11', 1, 2),
(448, 'shaslumcf', 'Shirley Haslum', '1971-08-11', 3, 'Female', 'c28110c4f94445e14a44b069f1873c9f', 'shaslumcf@hugedomains.com', '830-674-4805', 3, '2021-02-14', '2020-01-10', 1, 2),
(449, 'jlimmingcg', 'Julee Limming', '1971-04-07', 2, 'Female', '2b499ddeacf62ecbc2c1afc0cb6f8735', 'jlimmingcg@shinystat.com', '905-824-6197', 3, '2021-07-17', '2020-07-04', 1, 2),
(450, 'mdoreech', 'Milton Doree', '1991-09-30', 2, 'Female', 'ac413ba983ff3436f87c9653aa86ab7b', 'mdoreech@springer.com', '465-910-5018', 3, '2020-04-29', '2020-09-04', 1, 2),
(451, 'loci', 'Lucita O\' Driscoll', '1996-08-15', 2, 'Female', 'f0d04021c548aca835908325c9f27aa4', 'loci@earthlink.net', '225-310-5247', 3, '2020-09-03', '2020-05-13', 1, 2),
(452, 'ahumescj', 'Adrianne Humes', '1973-08-20', 3, 'Male', '7c38cc4c7c77848046957dfbb81ac34b', 'ahumescj@sakura.ne.jp', '560-899-6380', 2, '2020-02-26', '2019-12-26', 1, 2),
(453, 'sgrubeck', 'Sydelle Grube', '2007-01-07', 3, 'Male', '28d6a35cd9455ae5c234194262205293', 'sgrubeck@vinaora.com', '433-815-8460', 3, '2021-07-11', '2021-07-03', 1, 1),
(454, 'pscholzcl', 'Phillipe Scholz', '1997-10-13', 1, 'Male', '44b89365895874ab34b93d70bd0b6ac2', 'pscholzcl@time.com', '974-661-6603', 2, '2020-01-13', '2020-05-27', 1, 1),
(455, 'jteallcm', 'Jacquie Teall', '1986-04-27', 3, 'Male', '7cd8f7ac2850d5bd9a263dbe6411a187', 'jteallcm@dot.gov', '590-878-4849', 3, '2021-07-26', '2021-10-17', 1, 2),
(456, 'bfaulkescn', 'Barn Faulkes', '2010-07-06', 1, 'Male', '51bf9ff0df7885a36b2acf9a0cb95925', 'bfaulkescn@elegantthemes.com', '942-736-9436', 2, '2020-06-06', '2020-12-23', 1, 1),
(457, 'ovanichkinco', 'Orrin Vanichkin', '1994-08-16', 3, 'Female', '61a2a83db7958885d8e2396ba3364dca', 'ovanichkinco@rediff.com', '287-203-4249', 3, '2021-01-16', '2020-08-29', 1, 1),
(458, 'rphettiscp', 'Rebeca Phettis', '2012-12-29', 1, 'Female', '03c9efbe83b460b52d424cf8c2726ec6', 'rphettiscp@phoca.cz', '309-990-9523', 3, '2020-11-02', '2021-10-17', 1, 2),
(459, 'baxtencq', 'Brana Axten', '2005-11-06', 3, 'Female', 'bc41307b306de5a5c5536353c85eeb21', 'baxtencq@cisco.com', '628-415-8200', 1, '2021-05-18', '2020-04-14', 1, 2),
(460, 'cvarvaracr', 'Celeste Varvara', '2019-11-17', 2, 'Female', 'f016f4a3486cf566d8c2f72069700c04', 'cvarvaracr@desdev.cn', '142-749-5057', 4, '2021-02-02', '2020-04-06', 1, 2),
(461, 'sgrutcs', 'Sol Grut', '1968-06-17', 3, 'Female', 'a4c236d479584a960f45570802e8b968', 'sgrutcs@rediff.com', '563-418-7061', 1, '2021-08-01', '2020-04-30', 1, 2),
(462, 'atomensonct', 'Alasteir Tomenson', '1966-12-10', 3, 'Male', '9b3c978a8a533af01c40bb93d783dd81', 'atomensonct@wordpress.org', '273-599-5694', 4, '2020-02-15', '2021-03-01', 1, 2),
(463, 'btrudgioncu', 'Bridgette Trudgion', '2003-01-19', 1, 'Male', '5ed45f5c89afb29d91236093dfc6df57', 'btrudgioncu@ucsd.edu', '540-704-2587', 2, '2020-05-22', '2021-05-15', 1, 2),
(464, 'bshearsbycv', 'Broderick Shearsby', '1999-05-17', 1, 'Male', 'a9cd6ca8cbc65f3737cef8c12ac2e0df', 'bshearsbycv@princeton.edu', '722-734-3503', 2, '2020-09-29', '2020-10-08', 1, 2),
(465, 'tparemancw', 'Terry Pareman', '1998-12-05', 2, 'Male', '0903179d0fbc354e3148055a36192361', 'tparemancw@elegantthemes.com', '890-370-5374', 4, '2020-09-30', '2020-02-26', 1, 2),
(466, 'bmerrgencx', 'Bondon Merrgen', '1971-02-22', 3, 'Female', '493b975d93c0574207cbc7a4ce0c328b', 'bmerrgencx@newyorker.com', '367-346-6093', 1, '2020-04-10', '2020-03-30', 1, 1),
(467, 'wselwaycy', 'Willi Selway', '2014-12-16', 3, 'Male', 'f817f5307cb941ab3044e9be0469090e', 'wselwaycy@lycos.com', '198-120-8072', 4, '2021-04-22', '2020-09-19', 1, 1),
(468, 'gconerdingcz', 'Gil Conerding', '1971-01-24', 3, 'Female', 'b84764e2777369d343e82c8b711dd950', 'gconerdingcz@hhs.gov', '701-741-8991', 2, '2021-10-30', '2021-06-06', 1, 2),
(469, 'apeplerd0', 'Ashlan Pepler', '1971-10-28', 2, 'Female', '0a5aa69cb9b4b461ff8c199a604a58ea', 'apeplerd0@yale.edu', '871-256-9862', 1, '2021-03-25', '2020-07-23', 1, 1),
(470, 'mheadingtond1', 'Mora Headington', '1993-06-06', 2, 'Female', 'e3e48277399c4d6c054fc66af53fdf56', 'mheadingtond1@arizona.edu', '304-968-1002', 1, '2021-07-15', '2020-10-01', 1, 1),
(471, 'mmaylerd2', 'Micheil Mayler', '1962-07-25', 3, 'Male', 'c00ad7b0bc9bcaf6d920c504f687b2fa', 'mmaylerd2@usnews.com', '467-570-8948', 3, '2020-01-26', '2020-10-22', 1, 1),
(472, 'rvinaud3', 'Rhodie Vinau', '2005-10-08', 2, 'Male', '23d95cebb6a15a5fe318d05e6b74a56c', 'rvinaud3@hud.gov', '242-496-4976', 1, '2021-08-14', '2020-06-10', 1, 2),
(473, 'cwollerd4', 'Calv Woller', '1974-08-22', 1, 'Male', '91ef4b32353a796338415e1f5305d105', 'cwollerd4@webs.com', '281-107-2242', 1, '2020-05-25', '2021-01-04', 1, 2),
(474, 'lodonovand5', 'Lock O\'Donovan', '1986-05-31', 2, 'Male', '9953ab7ae95d7af8d4563763825532b0', 'lodonovand5@shutterfly.com', '455-148-4351', 4, '2021-05-08', '2019-12-20', 1, 2),
(475, 'fheimannd6', 'Frederico Heimann', '1999-12-15', 3, 'Female', '78726204366009c0d26392467b88ccdc', 'fheimannd6@oaic.gov.au', '289-114-9852', 4, '2021-02-04', '2020-07-23', 1, 1),
(476, 'clidgertwoodd7', 'Cacilia Lidgertwood', '2004-04-22', 1, 'Female', 'a2c987e5303a9798aff7ae8c5d8edad1', 'clidgertwoodd7@globo.com', '630-534-5625', 1, '2021-05-19', '2021-04-01', 1, 1),
(477, 'tallsepd8', 'Thorstein Allsep', '1986-08-21', 2, 'Male', '365d2eaf9c290a186474d15a69ce3128', 'tallsepd8@ovh.net', '694-480-6836', 4, '2020-01-18', '2021-04-18', 1, 2),
(478, 'ehalsteadd9', 'Eddy Halstead', '2017-01-21', 2, 'Female', '8b354026c31ad233bcaa335b67be55d2', 'ehalsteadd9@theatlantic.com', '916-757-3250', 1, '2021-11-11', '2021-08-04', 1, 1),
(479, 'slayda', 'Stacia Lay', '1992-10-01', 1, 'Male', 'b83117dea5ccee8b27b88ad328ccf2e2', 'slayda@marriott.com', '168-993-0678', 1, '2021-03-29', '2021-01-02', 1, 2),
(480, 'rcluerdb', 'Rafi Cluer', '1971-02-03', 1, 'Female', 'cb2e09ad4583e09cf9ca6029d629d159', 'rcluerdb@thetimes.co.uk', '413-211-8323', 2, '2021-03-21', '2021-07-19', 1, 1),
(481, 'sadenetdc', 'Sada Adenet', '1977-09-18', 3, 'Male', 'b8aec8608546d118789be90bb43da85d', 'sadenetdc@networkadvertising.org', '979-884-7872', 3, '2019-12-19', '2021-05-12', 1, 2),
(482, 'btilliarddd', 'Bone Tilliard', '1990-02-22', 3, 'Male', '68d07f8704aa10f2ef55616c938e1731', 'btilliarddd@walmart.com', '349-194-9404', 1, '2021-07-07', '2021-12-08', 1, 2),
(483, 'supjohnde', 'Sonny Upjohn', '1986-05-05', 3, 'Male', 'aeba9c065ba1131712df1e65f39fc0c5', 'supjohnde@homestead.com', '725-313-2705', 4, '2020-11-21', '2021-09-05', 1, 2),
(484, 'igoanedf', 'Ilysa Goane', '2004-05-13', 1, 'Female', '8ef605575f597a86aeb22a6575e46c79', 'igoanedf@multiply.com', '491-417-0789', 4, '2021-05-12', '2020-06-11', 1, 1),
(485, 'hlentdg', 'Heida Lent', '2001-08-09', 2, 'Female', '2cbd7be82f275fc23c0ca9175f05fc64', 'hlentdg@house.gov', '564-702-8571', 1, '2020-08-28', '2021-05-07', 1, 2),
(486, 'tpumphreysdh', 'Terry Pumphreys', '2017-09-01', 1, 'Male', 'a994acc6f903000380149a687f42646f', 'tpumphreysdh@mail.ru', '390-237-1550', 4, '2020-11-02', '2020-10-20', 1, 2),
(487, 'dingermandi', 'Daisy Ingerman', '1999-12-26', 3, 'Male', '537534187f412f0b1ad36f8557b0906c', 'dingermandi@quantcast.com', '804-968-5787', 3, '2020-05-15', '2020-07-22', 1, 1),
(488, 'gkilcullendj', 'Gian Kilcullen', '2000-05-14', 2, 'Male', 'c3d2e74cb0d05a3467c314653beb57e2', 'gkilcullendj@bizjournals.com', '125-758-4693', 1, '2020-05-20', '2021-07-31', 1, 2),
(489, 'vskymedk', 'Valerie Skyme', '1994-11-11', 3, 'Male', '6517b78a90829298ad2d51c8401ea317', 'vskymedk@mtv.com', '525-700-0309', 1, '2021-11-10', '2019-12-19', 1, 2),
(490, 'clumbersdl', 'Cory Lumbers', '2016-07-06', 2, 'Female', '653dc9acae2d4d7ab6bec95dcaea432b', 'clumbersdl@wp.com', '901-678-0575', 3, '2021-10-16', '2021-06-20', 1, 2),
(491, 'bcornbelldm', 'Beryl Cornbell', '1962-11-27', 2, 'Male', 'c1ef54160223d47833bba19a197edc2d', 'bcornbelldm@elegantthemes.com', '538-353-4762', 2, '2020-04-03', '2021-09-02', 1, 1),
(492, 'pmatussovdn', 'Pasquale Matussov', '2003-05-31', 3, 'Male', '2166a84d338b2a5a904a1a0a5e6e5f90', 'pmatussovdn@naver.com', '685-680-3552', 2, '2021-03-25', '2021-11-02', 1, 2),
(493, 'rgreenmondo', 'Rhea Greenmon', '2013-10-26', 1, 'Male', 'b255dbbb13f676a8383bbcaf9f3fe5f6', 'rgreenmondo@discuz.net', '406-834-0968', 4, '2020-09-12', '2020-09-28', 1, 1),
(494, 'swilkindp', 'Shirl Wilkin', '2017-09-07', 2, 'Male', '6307cec9a4a93584f176c697bfcb52a7', 'swilkindp@typepad.com', '346-814-3136', 3, '2021-11-29', '2020-03-17', 1, 1),
(495, 'akendalldq', 'Alix Kendall', '1983-11-06', 2, 'Female', '24080afd6f59b0333232193eabb061cc', 'akendalldq@geocities.jp', '127-833-3232', 4, '2020-12-18', '2021-04-10', 1, 1),
(496, 'cdeinharddr', 'Cliff Deinhard', '1994-08-08', 2, 'Female', '293a7be5bc0557ca3e0946c71f7af2a1', 'cdeinharddr@purevolume.com', '245-618-8880', 3, '2020-12-31', '2020-02-08', 1, 1),
(497, 'rmessengerds', 'Rana Messenger', '2013-03-06', 3, 'Female', 'f075e2dbaf95933ae2648baa3fe0c8ba', 'rmessengerds@com.com', '442-301-4068', 2, '2021-03-14', '2021-10-03', 1, 2),
(498, 'remlindt', 'Robinson Emlin', '1969-05-30', 1, 'Female', 'c71409b26da6c756958442dcb9b8aa02', 'remlindt@hp.com', '399-331-5687', 1, '2021-02-25', '2021-02-12', 1, 1),
(499, 'horbondu', 'Harmon Orbon', '1979-10-27', 1, 'Male', '6e0a8fe4c6e0d2884b3ad7dd7457278c', 'horbondu@gizmodo.com', '200-182-2855', 2, '2021-04-23', '2020-10-13', 1, 1),
(500, 'ekilfedderdv', 'Edwina Kilfedder', '1971-09-22', 3, 'Female', '4552bd9f527597d7a58cfc4c9e95fcbe', 'ekilfedderdv@fc2.com', '333-640-7516', 3, '2020-04-27', '2021-02-14', 1, 2),
(501, 'lgatchelldw', 'Leonanie Gatchell', '2006-02-08', 1, 'Male', '00e6fd1242f6d8e8dbe8170f9f26ccef', 'lgatchelldw@diigo.com', '173-854-1886', 3, '2020-10-11', '2020-01-29', 1, 2),
(502, 'dnendickdx', 'Dorita Nendick', '1998-08-13', 2, 'Male', 'de9a7a4ec8cefe74e145318273bf3ea0', 'dnendickdx@cbslocal.com', '913-354-9781', 2, '2020-04-09', '2021-04-26', 1, 2),
(503, 'hbewdy', 'Hy Bew', '1973-10-10', 2, 'Female', 'dd0a32a1be7dd648fd84dcae6e5f5489', 'hbewdy@opensource.org', '328-597-8517', 2, '2020-05-16', '2020-02-23', 1, 2),
(504, 'ovasnetsovdz', 'Otha Vasnetsov', '1980-06-15', 3, 'Male', 'bcc2e7ee8a6e7330dc1cf6bc8d759c2e', 'ovasnetsovdz@tumblr.com', '446-336-4047', 3, '2021-03-27', '2020-12-02', 1, 2),
(505, 'emethingame0', 'Ezekiel Methingam', '1965-09-06', 2, 'Male', '604e5921bd95b115b457a23f680e60b5', 'emethingame0@nbcnews.com', '111-145-4791', 2, '2020-12-23', '2021-01-03', 1, 1),
(506, 'delame1', 'Dorey Elam', '2001-12-12', 3, 'Male', '71bc46dcfbea57e88209e20e828e0202', 'delame1@sitemeter.com', '175-617-0213', 2, '2020-09-23', '2020-06-04', 1, 1),
(507, 'nkirtleye2', 'Norine Kirtley', '1984-07-08', 2, 'Female', '0ba2ab320ba9e93790be1df89a42cffd', 'nkirtleye2@google.nl', '456-106-4381', 1, '2020-02-23', '2020-04-22', 1, 1),
(508, 'cgildersleevee3', 'Calli Gildersleeve', '1968-04-20', 1, 'Male', '6e59124ea98734644c6dfddc8212fa86', 'cgildersleevee3@bigcartel.com', '766-391-7432', 4, '2021-09-04', '2020-05-16', 1, 1),
(509, 'isoutharde4', 'Issy Southard', '1970-12-18', 3, 'Male', 'f1c4a015e61127d8d8a9d1b3727bcb69', 'isoutharde4@icio.us', '700-978-4001', 4, '2021-04-26', '2020-09-20', 1, 2),
(510, 'opontere5', 'Ogdan Ponter', '1991-09-01', 1, 'Female', '815fabd4c40f0c3d8f606f12d705b946', 'opontere5@slashdot.org', '621-768-7347', 2, '2021-06-11', '2020-01-29', 1, 1),
(511, 'smaphame6', 'Sal Mapham', '1964-06-09', 3, 'Female', 'b06a4acbdfd793b9562b0704e1b9eb24', 'smaphame6@surveymonkey.com', '998-348-5215', 3, '2020-11-16', '2019-12-21', 1, 2),
(512, 'pbittlestonee7', 'Peyter Bittlestone', '1986-02-07', 3, 'Male', '210e521892f45d854e4e5593d1f46644', 'pbittlestonee7@hc360.com', '620-449-8135', 4, '2020-07-28', '2021-10-30', 1, 2),
(513, 'hsparrowhawke8', 'Hanny Sparrowhawk', '2017-03-13', 3, 'Female', 'c2adf1994b0ba27fbdf7dd1a690f761e', 'hsparrowhawke8@dell.com', '151-984-4372', 2, '2020-10-16', '2021-05-24', 1, 1),
(514, 'ghortope9', 'Gregorius Hortop', '1964-10-18', 2, 'Male', '87d5e88580a9cbc4b4f3aa72dcb8dccb', 'ghortope9@whitehouse.gov', '472-730-1649', 1, '2020-11-08', '2020-12-08', 1, 1),
(515, 'kheditchea', 'Kissiah Heditch', '1987-08-02', 1, 'Male', '1db2eb68a9adf8b5edcb0c923f887550', 'kheditchea@amazon.de', '165-222-8898', 3, '2021-03-10', '2021-11-02', 1, 2),
(516, 'itealeeb', 'Isadore Teale', '1970-01-10', 2, 'Female', 'af8d40a5a296f13ea9cac4de8489fd4c', 'itealeeb@1688.com', '276-936-2380', 2, '2019-12-11', '2021-06-06', 1, 1),
(517, 'pfergieec', 'Petunia Fergie', '1983-03-25', 3, 'Female', 'fc4bcf25b0167fb558402f646c66a9d2', 'pfergieec@lycos.com', '163-416-1222', 1, '2021-08-31', '2020-01-22', 1, 1),
(518, 'mbetchleyed', 'Maressa Betchley', '1980-07-01', 3, 'Male', 'ced97a720944f8a7a392b32f612dd5d0', 'mbetchleyed@gov.uk', '657-724-4269', 4, '2021-05-02', '2020-10-20', 1, 2),
(519, 'aminardsee', 'Algernon Minards', '1964-12-04', 1, 'Male', '91f7cc7fd483d80c121d32510e2f2eea', 'aminardsee@twitpic.com', '977-976-1254', 1, '2020-07-23', '2021-05-29', 1, 1),
(520, 'crodearef', 'Camille Rodear', '1969-04-07', 3, 'Male', '6a7d0476482a42ace45bab689d2acb07', 'crodearef@miitbeian.gov.cn', '658-547-0212', 4, '2021-07-04', '2020-09-12', 1, 1),
(521, 'cvyeleg', 'Carrissa Vyel', '1973-06-20', 1, 'Male', 'f0520dc84b94f0365887fb59e094709f', 'cvyeleg@chronoengine.com', '844-319-3350', 2, '2020-05-20', '2020-11-13', 1, 1),
(522, 'sreidshaweh', 'Sorcha Reidshaw', '2011-06-10', 1, 'Male', '9cc65f07a9de38506b9b3be836e0d9dd', 'sreidshaweh@live.com', '769-473-9531', 1, '2020-05-27', '2021-07-08', 1, 1),
(523, 'rpaolacciei', 'Rozalie Paolacci', '1981-10-09', 2, 'Female', '4ab298d64532effa322f07b9bdfcfa4c', 'rpaolacciei@networksolutions.com', '343-159-3108', 2, '2021-11-17', '2021-12-01', 1, 2),
(524, 'mvarnesej', 'Maible Varnes', '1975-09-14', 1, 'Female', '5f968febd87785f66ced70653664c0cb', 'mvarnesej@jalbum.net', '621-157-4516', 1, '2021-06-18', '2021-05-11', 1, 1),
(525, 'rgraemeek', 'Rhonda Graeme', '1978-10-20', 3, 'Male', '867710157bd3cdf5424b7ccab5a48098', 'rgraemeek@cafepress.com', '997-992-0897', 3, '2021-04-10', '2021-03-04', 1, 2),
(526, 'proslenel', 'Port Roslen', '1994-06-27', 2, 'Female', 'db11f72843b06ec7b72f646865ca9370', 'proslenel@amazon.co.uk', '163-328-0129', 2, '2020-01-22', '2020-07-20', 1, 1),
(527, 'ajansonem', 'Amil Janson', '1966-08-01', 2, 'Female', '32ec1f44ad9bb4260ee6c054e7714bf2', 'ajansonem@theglobeandmail.com', '473-800-2356', 1, '2021-07-11', '2020-07-10', 1, 2),
(528, 'smarmionen', 'Shannon Marmion', '2001-08-24', 2, 'Male', 'dce09a6f7ced61117528ef9049f99ef1', 'smarmionen@techcrunch.com', '998-914-0293', 4, '2021-05-03', '2020-05-02', 1, 1),
(529, 'apietruschkaeo', 'Ainslee Pietruschka', '1974-04-21', 2, 'Male', '50572254fd2315eb0af4beaa04de14b6', 'apietruschkaeo@prnewswire.com', '286-771-5793', 1, '2021-02-19', '2021-03-02', 1, 2),
(530, 'kvauterep', 'Kittie Vauter', '1991-05-28', 1, 'Female', '981d929b1a230b247ae77b5ba9d627e7', 'kvauterep@state.tx.us', '267-393-7202', 4, '2020-08-26', '2020-01-17', 1, 2),
(531, 'afilyukoveq', 'Anastassia Filyukov', '1964-02-28', 1, 'Female', 'a86048e9f6c947415e05a30211563d8f', 'afilyukoveq@so-net.ne.jp', '919-804-4440', 2, '2020-03-02', '2020-01-21', 1, 1),
(532, 'cmarkovicher', 'Costanza Markovich', '1996-04-07', 1, 'Male', 'e8f47d70ba09551c8b15412c9b49b4bb', 'cmarkovicher@comcast.net', '505-566-8582', 3, '2020-12-26', '2020-05-14', 1, 1),
(533, 'rsansomes', 'Roby Sansom', '1963-09-28', 1, 'Female', 'c58d8f0cad3af7a0a1e7162c880d40b3', 'rsansomes@csmonitor.com', '206-803-9934', 4, '2020-09-15', '2021-04-05', 1, 1),
(534, 'mchaineyet', 'Menard Chainey', '2007-08-12', 2, 'Female', '8c18c3cfaf8b63306c5eb3ca5ea497b5', 'mchaineyet@flickr.com', '227-359-5749', 2, '2021-04-01', '2021-06-05', 1, 1),
(535, 'gkirtlaneu', 'Gabbey Kirtlan', '1991-07-05', 1, 'Male', '9efa3a8d41432b835f58902673b9f517', 'gkirtlaneu@ucla.edu', '825-938-0329', 2, '2020-11-30', '2021-04-28', 1, 1),
(536, 'speegremev', 'Shirline Peegrem', '1991-02-18', 2, 'Female', '081bcb554282b24088ccc9501a7f8328', 'speegremev@cpanel.net', '498-500-1968', 4, '2020-08-18', '2021-03-19', 1, 1),
(537, 'kbrambleew', 'Kathy Bramble', '1981-09-17', 1, 'Female', 'f53ec876ea8122ac63cd795c30178c9d', 'kbrambleew@jigsy.com', '472-806-7050', 4, '2020-10-16', '2020-10-16', 1, 1),
(538, 'lwinnisterex', 'Lydia Winnister', '2014-05-02', 3, 'Male', 'f21625a00da011465760a028e03f32f8', 'lwinnisterex@oaic.gov.au', '484-478-9134', 4, '2020-07-26', '2021-05-23', 1, 2),
(539, 'abadmaney', 'Ado Badman', '1968-12-10', 2, 'Female', '02761ca240561f453759c66ef5a89b18', 'abadmaney@a8.net', '399-653-7953', 1, '2021-08-07', '2020-08-04', 1, 2),
(540, 'sdessonez', 'Saunderson Desson', '1976-10-28', 3, 'Female', '1aa59d16946761f787f1b34e6dfeca17', 'sdessonez@google.de', '183-739-4144', 4, '2021-05-06', '2020-06-24', 1, 1),
(541, 'ginottf0', 'Gayel Inott', '1993-07-26', 3, 'Male', '305d1a55dc6ff3856b7a00e7f0561931', 'ginottf0@examiner.com', '145-975-7311', 2, '2020-04-20', '2020-09-05', 1, 1),
(542, 'kthirlwellf1', 'Kane Thirlwell', '1987-04-22', 2, 'Female', 'e4379d2ebe8e7fb2d8f2fa094a06a5df', 'kthirlwellf1@abc.net.au', '932-741-8138', 3, '2020-08-26', '2021-07-05', 1, 1),
(543, 'lgrinikhinf2', 'Louis Grinikhin', '1991-02-18', 1, 'Female', 'ad62efb391436d8c8e44eeb7a3791fc6', 'lgrinikhinf2@oakley.com', '270-275-9202', 3, '2021-03-21', '2021-05-04', 1, 2),
(544, 'jfinneyf3', 'Johannah Finney', '1985-08-08', 2, 'Female', '39c005add0dee706d9619635983f383b', 'jfinneyf3@bluehost.com', '326-487-2422', 1, '2020-09-14', '2020-02-22', 1, 2),
(545, 'cdarrowf4', 'Cati Darrow', '1962-04-04', 2, 'Female', '0bdfcf86ec312dbfcb3ebe1943bb2f93', 'cdarrowf4@indiatimes.com', '392-696-9980', 3, '2020-04-05', '2020-09-09', 1, 2),
(546, 'mgravyf5', 'Marcos Gravy', '1984-07-19', 1, 'Female', 'bc63af4188fc065ef333132d45836ed7', 'mgravyf5@forbes.com', '264-851-6328', 2, '2021-03-21', '2020-05-07', 1, 1),
(547, 'mmenhenittf6', 'Margit Menhenitt', '1986-05-11', 1, 'Female', 'cbeea527fe1e8e52d7f57150dc18135c', 'mmenhenittf6@privacy.gov.au', '509-169-4422', 3, '2020-02-23', '2020-11-10', 1, 2),
(548, 'mlocheadf7', 'Marna Lochead', '2001-06-30', 2, 'Female', '3b57bbeecb9b30d2f8bcf5c166a2f18a', 'mlocheadf7@comsenz.com', '226-981-3956', 1, '2021-09-01', '2020-08-28', 1, 1),
(549, 'llambkinf8', 'Leroy Lambkin', '1965-11-07', 1, 'Female', '27f3b03867517fa63e154bea3aa6ed73', 'llambkinf8@nytimes.com', '415-944-7496', 2, '2021-07-06', '2020-09-24', 1, 2),
(550, 'jsafhillf9', 'Jessie Safhill', '1996-07-14', 3, 'Male', '95e15016f908009ecc486eb725939c10', 'jsafhillf9@friendfeed.com', '327-514-0325', 2, '2021-08-18', '2020-09-04', 1, 2),
(551, 'ascogginfa', 'Adriane Scoggin', '1972-03-20', 1, 'Female', '73a5e9a9bd0ea700d45bc12e5daa897b', 'ascogginfa@yale.edu', '925-147-9994', 2, '2021-10-23', '2021-07-18', 1, 2),
(552, 'nadsheadfb', 'Nell Adshead', '1973-10-19', 3, 'Female', 'b144f9d37e6501ca63ff519fb8d8ab7b', 'nadsheadfb@facebook.com', '387-618-1986', 4, '2020-05-03', '2021-05-30', 1, 1),
(553, 'rmacardfc', 'Rahal MacArd', '1995-11-06', 2, 'Male', 'd237939e07a47ae780de77a93295eea8', 'rmacardfc@twitter.com', '826-606-5831', 1, '2020-03-16', '2021-02-11', 1, 1),
(554, 'adyhousefd', 'Ainslee Dyhouse', '1970-01-23', 3, 'Male', 'c4a5321240648dc510e2497ac4248a65', 'adyhousefd@cafepress.com', '761-778-4171', 3, '2021-07-13', '2020-04-24', 1, 1),
(555, 'cwohlerfe', 'Connie Wohler', '2017-10-18', 3, 'Female', '573bd67ad0523de98127ddb55161d276', 'cwohlerfe@google.nl', '486-270-0563', 2, '2021-07-12', '2020-02-29', 1, 2),
(556, 'fzanniniff', 'Fredek Zannini', '2001-02-15', 1, 'Male', 'b16583ad2a4a411076235563744d06c9', 'fzanniniff@blogger.com', '493-340-2161', 1, '2021-03-18', '2021-04-21', 1, 1),
(557, 'sbalkefg', 'Stanislas Balke', '2001-10-20', 3, 'Male', '9dba3b1d56a8f2ed7867181c9ffa0ae5', 'sbalkefg@nyu.edu', '434-689-9253', 3, '2020-12-27', '2021-01-31', 1, 1),
(558, 'ccroncheyfh', 'Camey Cronchey', '1972-11-03', 3, 'Female', '2207740ee7cd64b7b749f8e22089a514', 'ccroncheyfh@skyrock.com', '128-344-0620', 2, '2020-02-26', '2020-12-11', 1, 2),
(559, 'iholdronfi', 'Izak Holdron', '1964-08-08', 1, 'Male', '1921014163e27d86747c4952a6a527d5', 'iholdronfi@geocities.jp', '254-521-8616', 3, '2021-05-14', '2020-11-09', 1, 2);
INSERT INTO `member` (`id`, `account`, `name`, `birthday`, `discount_id`, `gender`, `password`, `email`, `phone`, `subscribe`, `created_at`, `edit_at`, `valid`, `tag_id`) VALUES
(560, 'proyansfj', 'Payton Royans', '1980-10-29', 2, 'Male', '57cdcd75be6bcbc189416a9576e732e9', 'proyansfj@bigcartel.com', '394-475-8049', 4, '2020-03-22', '2021-05-04', 1, 1),
(561, 'mloundfk', 'Marysa Lound', '1981-12-16', 2, 'Male', 'cd7f8ccc10e0177a1ec55dbf3fa84847', 'mloundfk@mozilla.com', '375-670-3442', 2, '2021-09-04', '2020-08-24', 1, 2),
(562, 'lhullyerfl', 'Leontine Hullyer', '2018-03-27', 3, 'Female', '808d3ab5d3a5c52d4765609d32d96d5b', 'lhullyerfl@posterous.com', '650-997-4863', 4, '2020-07-26', '2020-07-21', 1, 1),
(563, 'osummersettfm', 'Otho Summersett', '1999-10-26', 3, 'Male', '51d4a6b10942a072275019dfe2ca0945', 'osummersettfm@myspace.com', '778-235-2975', 2, '2021-06-10', '2020-11-14', 1, 1),
(564, 'jaldissfn', 'Jo Aldiss', '2014-11-24', 3, 'Male', '76b46120f0aaa6efd13b7d968a63ca5d', 'jaldissfn@sitemeter.com', '511-200-6090', 3, '2021-08-29', '2019-12-13', 1, 2),
(565, 'gsheekeyfo', 'Grete Sheekey', '1999-12-23', 3, 'Male', 'c9eeb787e3f020fae2550bcca5d833f6', 'gsheekeyfo@weebly.com', '379-243-0774', 3, '2020-08-08', '2020-06-27', 1, 2),
(566, 'bcobsonfp', 'Barrett Cobson', '2021-08-30', 3, 'Male', 'ed684d726208f3ddaf98a6155a04f5fb', 'bcobsonfp@mlb.com', '557-578-9027', 2, '2021-04-25', '2021-07-03', 1, 1),
(567, 'hivachyovfq', 'Hedda Ivachyov', '2013-06-17', 3, 'Female', '685dd7801754e7fea304e636f919d24a', 'hivachyovfq@macromedia.com', '857-675-4720', 3, '2021-10-14', '2020-02-07', 1, 1),
(568, 'jbuffyfr', 'Janine Buffy', '2017-05-23', 1, 'Female', '103184f17501bd9423741083e3e8c7de', 'jbuffyfr@economist.com', '643-321-4153', 1, '2020-03-18', '2020-06-15', 1, 1),
(569, 'ghaldenfs', 'Garwood Halden', '1987-02-24', 2, 'Female', 'd1334e27443cf4c5d532b876eafa4739', 'ghaldenfs@reference.com', '514-830-1710', 4, '2020-11-07', '2020-06-03', 1, 2),
(570, 'afilsonft', 'Amble Filson', '1977-09-13', 3, 'Male', '7a29bcf60e4aec4a91e9a31e7248315a', 'afilsonft@imgur.com', '111-479-3512', 2, '2020-12-04', '2021-05-23', 1, 1),
(571, 'ctatfordfu', 'Codee Tatford', '1995-08-20', 3, 'Male', 'eef5876dbd83afddfba6aa31377cf7c6', 'ctatfordfu@wikia.com', '174-542-4971', 4, '2020-09-06', '2020-02-04', 1, 2),
(572, 'jwoofendellfv', 'Jorrie Woofendell', '2011-07-07', 1, 'Female', '545885498b39300e770738fb30996ae6', 'jwoofendellfv@ucsd.edu', '973-849-1263', 4, '2020-01-17', '2020-09-01', 1, 1),
(573, 'fhungerfordfw', 'Farand Hungerford', '2013-04-10', 2, 'Female', 'f17cb01a2dae8aa6a8aa27f5c4bcfcbd', 'fhungerfordfw@ning.com', '402-380-3953', 2, '2021-03-07', '2020-09-05', 1, 1),
(574, 'barbuckelfx', 'Brody Arbuckel', '1970-02-15', 1, 'Female', '7246fd90e9437d7382be6bcf700b7626', 'barbuckelfx@naver.com', '751-571-3693', 3, '2020-04-22', '2021-01-30', 1, 1),
(575, 'abuttrickfy', 'Anthea Buttrick', '2018-05-26', 1, 'Male', 'e250cd47e7aa2090174eaa951f412253', 'abuttrickfy@house.gov', '464-398-0243', 3, '2020-09-14', '2020-05-03', 1, 2),
(576, 'eclyantfz', 'Enriqueta Clyant', '1974-01-31', 1, 'Female', '566824c924e3f25d1efb2c625b11225e', 'eclyantfz@desdev.cn', '953-104-5301', 1, '2020-08-11', '2021-02-04', 1, 2),
(577, 'erossg0', 'Elfie Ross', '1965-12-05', 1, 'Male', '540c8edd700cacb303fcdd123055929c', 'erossg0@nasa.gov', '831-926-2073', 4, '2020-08-27', '2020-10-13', 1, 2),
(578, 'sdorrog1', 'Shem Dorro', '2016-07-08', 3, 'Male', 'c1eb1ec3ebcb3d89f95cde2042222759', 'sdorrog1@ebay.co.uk', '663-210-6323', 4, '2021-01-07', '2020-02-05', 1, 1),
(579, 'lblaydong2', 'Lynn Blaydon', '1989-12-09', 2, 'Female', '75fde31cde8e8fb21e89b0ae52582805', 'lblaydong2@posterous.com', '443-881-0538', 4, '2020-03-24', '2021-08-11', 1, 1),
(580, 'ijahndelg3', 'Inger Jahndel', '2008-05-03', 2, 'Male', '760d89e556e6928a8b9cecd33d81f0a3', 'ijahndelg3@addthis.com', '320-717-2597', 2, '2021-10-03', '2020-07-07', 1, 1),
(581, 'madamskyg4', 'Martie Adamsky', '2010-11-25', 1, 'Female', '6f1f0b95e0afd1b3d65cc1840e68f920', 'madamskyg4@homestead.com', '603-479-8184', 3, '2021-10-20', '2020-09-12', 1, 2),
(582, 'dscoltsg5', 'Dagny Scolts', '1973-02-04', 2, 'Male', '6ce32545961d10525019e24a97a8e407', 'dscoltsg5@xing.com', '451-630-3054', 1, '2020-09-03', '2020-03-31', 1, 2),
(583, 'bcastagnoneg6', 'Binny Castagnone', '2012-10-01', 2, 'Female', 'd1ad2727e97039e9b13b8d170b4bc7a3', 'bcastagnoneg6@apple.com', '866-766-7384', 4, '2020-05-13', '2021-06-14', 1, 2),
(584, 'awittyg7', 'Aubrey Witty', '1986-05-26', 3, 'Female', '34cf8854e8235330d923a5f93ce0967c', 'awittyg7@indiatimes.com', '731-816-7229', 2, '2020-01-04', '2021-04-17', 1, 2),
(585, 'jjancyg8', 'Jefferson Jancy', '1975-03-15', 3, 'Male', '5f494849b4634b94f47b983be5edc492', 'jjancyg8@wordpress.org', '988-145-0044', 1, '2020-05-22', '2021-10-18', 1, 2),
(586, 'glattieg9', 'Gage Lattie', '2013-06-10', 2, 'Female', 'ad63c54d35fa4f6aa0eee5697127925a', 'glattieg9@google.ca', '315-264-3460', 3, '2020-12-04', '2021-11-17', 1, 1),
(587, 'scurdga', 'Salome Curd', '1986-12-23', 3, 'Male', '9410a07e5fa8967a8599ec51031acf50', 'scurdga@t-online.de', '587-320-3681', 4, '2020-05-01', '2021-05-10', 1, 1),
(588, 'ckroingb', 'Cathe Kroin', '2009-03-22', 3, 'Male', '80ddbc4ae172862668bb79808b1a51c6', 'ckroingb@hatena.ne.jp', '864-355-0690', 3, '2021-03-08', '2020-01-10', 1, 2),
(589, 'mashworthgc', 'Matteo Ashworth', '1998-11-06', 1, 'Female', '0abab3766d47fbb61e6135349ec5e52c', 'mashworthgc@fema.gov', '394-549-1211', 2, '2020-10-22', '2020-10-08', 1, 1),
(590, 'jbladergd', 'Josiah Blader', '1982-08-26', 1, 'Male', '26c4d458cb16369ace716dc0ff54ef92', 'jbladergd@alibaba.com', '288-972-1985', 1, '2020-12-15', '2020-09-02', 1, 1),
(591, 'tdalbeyge', 'Theresita Dalbey', '2006-07-01', 1, 'Female', '2182939c50689dba97a1d20d29498545', 'tdalbeyge@mapy.cz', '402-760-6772', 4, '2021-12-01', '2020-08-19', 1, 2),
(592, 'blantrygf', 'Brandon Lantry', '1974-09-21', 3, 'Female', 'fac568f86babebb59ee386d6f505b9df', 'blantrygf@ft.com', '938-864-7294', 4, '2021-05-06', '2021-01-14', 1, 2),
(593, 'dscimonelligg', 'Debi Scimonelli', '1979-07-13', 2, 'Male', 'deca187ce49d61cf568eeab5dc939679', 'dscimonelligg@liveinternet.ru', '275-872-9680', 4, '2020-07-09', '2021-11-11', 1, 2),
(594, 'mvinkgh', 'Merci Vink', '2004-12-18', 3, 'Male', '9ef35e1c79e187fc30aab94eaa9426d9', 'mvinkgh@umn.edu', '316-317-9466', 1, '2021-09-01', '2020-04-01', 1, 1),
(595, 'rdaubneygi', 'Rafa Daubney', '1964-09-19', 1, 'Female', 'f33b43f2c89f0d86c5311dc91c088329', 'rdaubneygi@dion.ne.jp', '624-622-2690', 2, '2020-11-28', '2020-08-25', 1, 2),
(596, 'gsabbengj', 'Garrik Sabben', '1988-11-18', 3, 'Male', '1d0c70e6c7a500d6d6f469cccfe274c0', 'gsabbengj@naver.com', '192-297-8131', 3, '2020-08-08', '2020-02-17', 1, 2),
(597, 'ecroisiergk', 'Ezequiel Croisier', '1983-07-16', 3, 'Male', '9a75339cbec820603695d415035b1813', 'ecroisiergk@japanpost.jp', '420-500-7465', 1, '2020-09-19', '2021-09-27', 1, 1),
(598, 'cilivegl', 'Caddric Ilive', '1976-02-02', 1, 'Male', 'db40e4b84bc7b97225b60cc6e09072dd', 'cilivegl@a8.net', '867-365-1842', 1, '2020-01-11', '2020-11-02', 1, 2),
(599, 'obeadlegm', 'Opaline Beadle', '1992-06-22', 1, 'Male', '7f321ea9ea1a75b2353828c9021b113e', 'obeadlegm@statcounter.com', '119-810-3160', 3, '2021-05-16', '2021-05-22', 1, 1),
(600, 'gobeegn', 'Graham Obee', '2018-12-10', 3, 'Female', '641ea118e1fae5ed3a88fffc37b74e38', 'gobeegn@wikispaces.com', '971-658-6351', 2, '2020-01-19', '2021-03-16', 1, 1),
(601, 'rierlandgo', 'Rufe Ierland', '1968-03-02', 2, 'Female', 'aa2c03319f9201480e4d1cdd3039881c', 'rierlandgo@youtube.com', '509-719-4284', 3, '2020-05-29', '2021-08-19', 1, 2),
(602, 'tbroschkegp', 'Toddy Broschke', '2006-04-27', 3, 'Male', 'd4cac32966382d2fea1b992873a01fed', 'tbroschkegp@shinystat.com', '266-827-1968', 1, '2021-11-17', '2020-04-06', 1, 2),
(603, 'scresergq', 'Sianna Creser', '2006-06-17', 2, 'Female', '83d113a7c717367bf327ab4d4930db6f', 'scresergq@cnet.com', '892-645-5071', 1, '2020-11-07', '2021-02-27', 1, 2),
(604, 'pleckygr', 'Pattie Lecky', '1973-05-14', 1, 'Female', '1049d3433adbb81294a87e327363b907', 'pleckygr@wikia.com', '430-188-1958', 1, '2020-10-23', '2019-12-31', 1, 1),
(605, 'ldurniangs', 'Libbi Durnian', '2011-02-09', 2, 'Male', '3dfcdd6d0f4560e4f277a69eb3adf907', 'ldurniangs@deviantart.com', '974-111-4395', 2, '2020-10-14', '2020-04-26', 1, 1),
(606, 'hfetherbygt', 'Haskell Fetherby', '2020-03-14', 1, 'Male', 'c6e0778576078798b0cb3cb531124883', 'hfetherbygt@people.com.cn', '477-570-3792', 4, '2021-05-22', '2021-03-25', 1, 1),
(607, 'aquinlangu', 'Annadiana Quinlan', '1976-05-05', 1, 'Female', '537292a6bfabd591cc04c2327483e6a4', 'aquinlangu@noaa.gov', '435-108-0351', 4, '2020-01-02', '2020-07-02', 1, 1),
(608, 'sjustungv', 'Stanly Justun', '1985-12-29', 1, 'Male', 'a5e77a631242a21793e01514b221ab4e', 'sjustungv@comcast.net', '965-103-8883', 1, '2020-04-20', '2021-06-14', 1, 2),
(609, 'dmccrainorgw', 'Dory McCrainor', '2011-10-25', 2, 'Female', '33f71b5100424d3f52deffc3d421ccdd', 'dmccrainorgw@si.edu', '299-614-5174', 3, '2021-08-11', '2020-09-23', 1, 2),
(610, 'dgrahlmansgx', 'Danna Grahlmans', '1985-03-21', 1, 'Male', '5b505a77e32cef465f42bd906a8b84dd', 'dgrahlmansgx@shareasale.com', '895-145-4296', 2, '2021-03-10', '2020-09-21', 1, 1),
(611, 'ewickliffegy', 'Ellette Wickliffe', '1984-11-28', 3, 'Male', '5eea080fe4212c1a392c1a9da9d57f10', 'ewickliffegy@sakura.ne.jp', '472-604-6336', 1, '2021-03-07', '2020-01-18', 1, 2),
(612, 'oabbesgz', 'Odelinda Abbes', '1995-03-11', 1, 'Female', '81e3bdc66bab0bc8d965400b6267feeb', 'oabbesgz@typepad.com', '641-160-2263', 1, '2021-11-22', '2021-10-06', 1, 1),
(613, 'lcullenh0', 'Lindie Cullen', '1978-02-04', 2, 'Female', 'b76ccd403e40c9e6afd308d4fcf58877', 'lcullenh0@oaic.gov.au', '535-977-6203', 2, '2020-10-01', '2021-03-26', 1, 2),
(614, 'fmccrieh1', 'Feliza McCrie', '1987-01-28', 1, 'Male', '17494f3d10a552783e647b462235b128', 'fmccrieh1@multiply.com', '304-864-5788', 4, '2020-10-10', '2020-08-02', 1, 1),
(615, 'smerryfieldh2', 'Sayer Merryfield', '2009-04-07', 3, 'Female', 'be68bad66cb76a1ea947ab80a7c66e37', 'smerryfieldh2@mit.edu', '677-970-9291', 3, '2021-09-01', '2020-09-22', 1, 1),
(616, 'amclernonh3', 'Arliene McLernon', '2003-10-08', 1, 'Female', '8c14206a09e33101a87089211ac25265', 'amclernonh3@washington.edu', '162-672-0773', 3, '2021-03-29', '2021-10-18', 1, 1),
(617, 'eamdohrh4', 'Eberto Amdohr', '2006-09-09', 3, 'Male', '94fa1f13a6c17b2de549d4a0b72d192d', 'eamdohrh4@meetup.com', '643-749-3479', 1, '2021-09-12', '2020-10-13', 1, 2),
(618, 'bboustredh5', 'Blondy Boustred', '1978-11-22', 1, 'Male', 'e3598fec452f6841a0339cb7250d16ee', 'bboustredh5@reuters.com', '795-725-9534', 4, '2020-09-14', '2021-05-24', 1, 2),
(619, 'dvalentimh6', 'Derwin Valentim', '2018-02-09', 1, 'Female', '8e1a98e8ff8a9a9062922df260c73d56', 'dvalentimh6@irs.gov', '292-780-7662', 4, '2020-10-21', '2020-11-20', 1, 2),
(620, 'kurwinh7', 'Kendricks Urwin', '1980-08-01', 2, 'Female', '4796f0dcf0e8f094af099126ffca7eb1', 'kurwinh7@merriam-webster.com', '568-591-0964', 2, '2021-08-09', '2019-12-17', 1, 2),
(621, 'caingelh8', 'Coleen Aingel', '1962-05-23', 1, 'Male', 'e4135947c747a49f6b9ef108cfab0df1', 'caingelh8@jiathis.com', '267-940-8043', 3, '2020-12-17', '2021-04-14', 1, 1),
(622, 'brameleth9', 'Bertine Ramelet', '2019-09-16', 3, 'Male', '106f8e53a3281e538dc492d0d1ff4c05', 'brameleth9@patch.com', '527-178-4266', 2, '2021-04-05', '2020-03-01', 1, 1),
(623, 'kheywardha', 'Katheryn Heyward', '2016-11-16', 2, 'Male', '167b2bf3bf343ad2782e6350d4f823aa', 'kheywardha@imdb.com', '484-536-3265', 3, '2021-06-05', '2021-07-19', 1, 1),
(624, 'bkirkuphb', 'Baryram Kirkup', '1981-04-18', 3, 'Male', '7b7f76b23f8f9fd4f4d828903d0bca3f', 'bkirkuphb@virginia.edu', '755-973-5372', 3, '2020-07-14', '2021-08-03', 1, 2),
(625, 'kringehc', 'Kane Ringe', '1998-01-08', 2, 'Female', '68b645ea30e82c3a8fb64a46bd922525', 'kringehc@nbcnews.com', '438-968-7104', 2, '2021-10-06', '2021-02-07', 1, 1),
(626, 'cbouleshd', 'Courtnay Boules', '1974-11-13', 1, 'Female', '0629a17e79595a93ca52abb81d45b115', 'cbouleshd@ezinearticles.com', '520-556-8113', 3, '2020-03-19', '2021-03-10', 1, 2),
(627, 'cskelbeckhe', 'Carmelle Skelbeck', '1967-02-18', 1, 'Female', 'a8b0602d3b6a1d81baaa9c54fcd403e2', 'cskelbeckhe@paypal.com', '986-377-1988', 2, '2021-07-08', '2021-07-07', 1, 2),
(628, 'sjowlinghf', 'Seamus Jowling', '1980-05-16', 2, 'Female', 'c15c0a2cbf23d0c974fba611d65fe0dd', 'sjowlinghf@is.gd', '475-109-8593', 2, '2021-03-03', '2020-01-22', 1, 2),
(629, 'mebsworthhg', 'Maxwell Ebsworth', '1977-09-30', 3, 'Male', '395344915e7cfa8803681ffe058c75ce', 'mebsworthhg@wikispaces.com', '638-268-2324', 2, '2021-07-06', '2019-12-30', 1, 1),
(630, 'sklugehh', 'Salvador Kluge', '1993-03-25', 3, 'Male', '738d6007b4214aa9a8a3315f480fe3a3', 'sklugehh@histats.com', '469-845-6407', 1, '2020-05-13', '2020-07-05', 1, 1),
(631, 'rgarlettehi', 'Robin Garlette', '1983-04-22', 2, 'Male', '5668394e0af7324aef7891ddc4ab1e3d', 'rgarlettehi@dell.com', '996-906-8269', 3, '2020-09-07', '2020-02-25', 1, 2),
(632, 'lmateushj', 'Lock Mateus', '1983-04-19', 2, 'Female', '149b18716b70358fef0348e6b7a871c9', 'lmateushj@zdnet.com', '950-766-8852', 2, '2020-05-01', '2020-06-04', 1, 1),
(633, 'hyarnoldhk', 'Humberto Yarnold', '1976-08-30', 1, 'Female', '19ee1297b2201e90b867060781d2ccb9', 'hyarnoldhk@alexa.com', '654-845-6228', 2, '2020-09-24', '2021-08-31', 1, 1),
(634, 'cjanhl', 'Christophorus Jan', '1997-04-16', 3, 'Female', 'fdda294edae1fb0aad27f2c77565503f', 'cjanhl@stumbleupon.com', '836-440-2925', 1, '2021-05-24', '2019-12-13', 1, 1),
(635, 'edallisonhm', 'Eugenie Dallison', '1988-08-17', 1, 'Male', '0bad1a5ec95c045b2328f2c425a27b04', 'edallisonhm@mediafire.com', '129-487-3457', 3, '2020-09-18', '2021-08-25', 1, 1),
(636, 'hmccloughenhn', 'Hebert McCloughen', '2001-09-22', 3, 'Female', 'ba0040d9393904137c5cb69c7039dac5', 'hmccloughenhn@sakura.ne.jp', '989-948-6897', 3, '2021-11-18', '2021-08-20', 1, 1),
(637, 'acomstyho', 'Andris Comsty', '1963-04-12', 3, 'Male', '1030d2b8966428431f40a93ced284448', 'acomstyho@umich.edu', '990-788-7410', 1, '2020-12-18', '2021-07-14', 1, 1),
(638, 'lduchateauhp', 'Lionello Duchateau', '1985-06-15', 1, 'Female', '6075d4b42c8421489cdbd2aa927de34b', 'lduchateauhp@examiner.com', '298-668-5749', 1, '2020-12-03', '2020-07-24', 1, 1),
(639, 'goaklyhq', 'Gabi Oakly', '1965-12-24', 2, 'Female', '28e8e47f68f14aa47d2fa31911731aaf', 'goaklyhq@technorati.com', '954-329-2337', 2, '2021-01-06', '2021-04-13', 1, 1),
(640, 'irodenhursthr', 'Isidoro Rodenhurst', '1970-09-03', 2, 'Male', 'b7941c721cb96f970194567e41b84e50', 'irodenhursthr@time.com', '426-821-6466', 1, '2020-02-17', '2021-05-28', 1, 1),
(641, 'saxelbeehs', 'Sydney Axelbee', '2013-01-01', 1, 'Male', 'c8b4365aa41849674b27f6ccd8e33040', 'saxelbeehs@indiatimes.com', '416-791-9645', 1, '2021-04-01', '2020-03-20', 1, 2),
(642, 'emccrostieht', 'Emlynn McCrostie', '2003-03-01', 3, 'Male', '7c1df78f3b8f9bc511e1e228c1f32ee8', 'emccrostieht@miitbeian.gov.cn', '386-566-5582', 4, '2020-02-27', '2021-09-28', 1, 2),
(643, 'klererhu', 'Kyrstin Lerer', '2000-01-29', 1, 'Female', '29ec8a729941cad5c67da92f24fc3fb9', 'klererhu@bloomberg.com', '800-319-6058', 4, '2020-06-09', '2020-12-28', 1, 2),
(644, 'amogfordhv', 'Annalee Mogford', '1995-06-21', 3, 'Male', '16f872be95ee728aa29c12277fbcc579', 'amogfordhv@yandex.ru', '249-920-9469', 4, '2021-01-02', '2020-03-29', 1, 1),
(645, 'dpadrickhw', 'Dianna Padrick', '2013-03-06', 2, 'Female', '3da3210b9be70f5e6485289d7ab40452', 'dpadrickhw@mashable.com', '307-817-1152', 1, '2020-04-24', '2020-07-24', 1, 1),
(646, 'mberthelmothx', 'Marcia Berthelmot', '2004-07-05', 1, 'Female', 'f67003824d0f141e9fc658df9d33205c', 'mberthelmothx@bravesites.com', '369-574-0782', 2, '2020-07-18', '2019-12-27', 1, 2),
(647, 'jgoodliffhy', 'Joan Goodliff', '2004-12-14', 2, 'Male', '6171a578a3d62913e1f5af0bbb7f4f9b', 'jgoodliffhy@prweb.com', '323-173-8988', 2, '2020-07-16', '2020-09-05', 1, 1),
(648, 'fsturridgehz', 'Fran Sturridge', '1997-04-11', 2, 'Female', '6b7201e4d67934e4a6549b3eb91adc12', 'fsturridgehz@phpbb.com', '698-393-5606', 1, '2020-12-14', '2020-04-16', 1, 2),
(649, 'bdethloffi0', 'Barthel Dethloff', '1994-05-19', 1, 'Female', 'a03ae191170fa678deda41f0703b0ce1', 'bdethloffi0@bluehost.com', '824-596-6223', 1, '2021-09-27', '2020-04-02', 1, 2),
(650, 'mharmani1', 'Matthew Harman', '2016-12-16', 2, 'Female', '34cbf7f1b8dce27170d81ccb9e3c583e', 'mharmani1@psu.edu', '494-808-1352', 2, '2020-07-27', '2020-01-25', 1, 2),
(651, 'dmartineti2', 'Dari Martinet', '2006-12-27', 1, 'Female', 'b2638de28a9573c6c7dd023bfcad240c', 'dmartineti2@ebay.co.uk', '348-924-0228', 2, '2020-12-30', '2020-02-06', 1, 2),
(652, 'nbruinemanni3', 'Neille Bruinemann', '1982-01-31', 2, 'Female', '3e1dab7fb7bbc1dfe49dfa286ea97811', 'nbruinemanni3@cargocollective.com', '911-733-5611', 2, '2020-10-28', '2021-06-03', 1, 1),
(653, 'ccholertoni4', 'Charla Cholerton', '2004-02-03', 3, 'Female', 'bb499a3026959edf75389ed78e5e347f', 'ccholertoni4@state.tx.us', '648-178-5611', 4, '2020-01-29', '2021-01-30', 1, 2),
(654, 'mmobleyi5', 'Madonna Mobley', '2006-01-22', 2, 'Female', '3a6566dcce512f7f1dfdee8880e7d4e0', 'mmobleyi5@ehow.com', '319-907-5042', 2, '2020-10-20', '2021-06-25', 1, 2),
(655, 'mantoonsi6', 'Mag Antoons', '1992-06-13', 2, 'Male', 'd14e719e47da43bc8f6fde8a4d81eaa8', 'mantoonsi6@latimes.com', '800-379-7438', 2, '2020-12-03', '2020-02-23', 1, 1),
(656, 'sbragancai7', 'Shaylah Braganca', '1964-03-29', 2, 'Female', '3899ae35fc4cec4a5a511643546b6595', 'sbragancai7@china.com.cn', '429-725-7748', 1, '2020-08-18', '2021-02-15', 1, 1),
(657, 'rstendelli8', 'Renae Stendell', '1984-06-25', 2, 'Female', 'f17336e3dbb3d45b9e5db7db7b5349b2', 'rstendelli8@studiopress.com', '786-806-8828', 4, '2021-06-15', '2021-03-07', 1, 2),
(658, 'operryni9', 'Oswald Perryn', '1968-04-30', 3, 'Female', '0c52f22387086696c5a41d75ef37d48a', 'operryni9@guardian.co.uk', '564-623-2004', 2, '2020-11-04', '2021-01-06', 1, 1),
(659, 'ecastellaniia', 'Ernesto Castellani', '2009-07-19', 1, 'Female', '4a919dc233a46360b6e19056f14b9d4c', 'ecastellaniia@wordpress.org', '437-184-3568', 2, '2021-02-13', '2020-09-25', 1, 1),
(660, 'kschraderib', 'Kerk Schrader', '2001-04-10', 1, 'Female', '645d2f165ccbab6301a91028285327e3', 'kschraderib@stanford.edu', '699-573-3621', 2, '2021-09-19', '2020-06-27', 1, 1),
(661, 'gtrenowethic', 'Gill Trenoweth', '2001-06-09', 1, 'Female', 'ec299893ade9739d79e6c4fe316e74ef', 'gtrenowethic@istockphoto.com', '464-325-7394', 4, '2020-06-14', '2021-02-27', 1, 1),
(662, 'ikedslieid', 'Iain Kedslie', '2016-02-10', 2, 'Female', 'e6ed7f0d0dbc002534329239cca7dc70', 'ikedslieid@yellowbook.com', '611-177-4126', 1, '2021-03-04', '2021-02-28', 1, 1),
(663, 'rmurneyie', 'Rowney Murney', '1995-08-28', 3, 'Female', 'da4d0251d0f7f9ad1dce3c7b23acdd06', 'rmurneyie@prweb.com', '984-106-0846', 1, '2021-09-27', '2021-08-23', 1, 2),
(664, 'rramelotif', 'Rice Ramelot', '1999-10-23', 2, 'Male', 'cdd7604331c7b0988cb42a67955f621f', 'rramelotif@samsung.com', '668-616-0161', 1, '2020-08-16', '2020-08-31', 1, 1),
(665, 'cmaghullig', 'Clerkclaude Maghull', '1985-01-10', 2, 'Male', '466fa223d5832f603efd2cb79043ff8c', 'cmaghullig@shinystat.com', '873-485-4092', 2, '2021-05-22', '2021-04-23', 1, 1),
(666, 'aturbernih', 'Adolphus Turbern', '1970-12-20', 1, 'Female', '32f0d11fd8983b8b6be8b4b12423cff2', 'aturbernih@quantcast.com', '177-697-3250', 1, '2020-12-04', '2021-10-20', 1, 2),
(667, 'jtalbyii', 'Jordan Talby', '2013-07-02', 2, 'Female', 'fa9ccba81634e7b1d663ec9a58d7684d', 'jtalbyii@unblog.fr', '915-726-2532', 4, '2021-03-21', '2021-06-18', 1, 2),
(668, 'dsimonyij', 'Donn Simony', '1974-02-01', 2, 'Male', 'e56b0f96a0060eafa62ce16f4078d843', 'dsimonyij@list-manage.com', '806-403-2903', 2, '2020-01-13', '2021-03-04', 1, 2),
(669, 'xperellik', 'Xena Perell', '1978-12-13', 2, 'Male', 'f4936a3399beb2b6e6750b066f0eb5eb', 'xperellik@friendfeed.com', '313-201-2574', 4, '2021-07-06', '2021-08-02', 1, 1),
(670, 'bwalcaril', 'Beret Walcar', '2008-03-31', 3, 'Female', 'f9b1be0402eafc09cf6f5199818d3be2', 'bwalcaril@msn.com', '471-631-9272', 1, '2021-10-15', '2021-05-12', 1, 2),
(671, 'geilhartim', 'Gal Eilhart', '1979-05-20', 2, 'Male', 'adefa2052e20de02b77cd8b578e75a3a', 'geilhartim@soundcloud.com', '923-757-3101', 1, '2021-01-31', '2021-02-07', 1, 1),
(672, 'acounihanin', 'Alissa Counihan', '1966-12-01', 2, 'Male', '8f7ec4667b5f00375deb55a401387556', 'acounihanin@list-manage.com', '281-845-0518', 3, '2021-02-11', '2021-04-09', 1, 2),
(673, 'sbondyio', 'Stefano Bondy', '1994-05-18', 1, 'Female', 'c26a9921d1ca06cb13444fc15f25e0b0', 'sbondyio@taobao.com', '113-257-1213', 2, '2021-04-30', '2021-10-06', 1, 2),
(674, 'alampertip', 'Antoine Lampert', '2001-05-11', 3, 'Female', 'ce93e6020016c20f9c568c84bbf9cb4d', 'alampertip@unblog.fr', '278-683-3968', 1, '2019-12-11', '2020-03-10', 1, 2),
(675, 'eilyinykhiq', 'Emmaline Ilyinykh', '2010-06-05', 3, 'Female', 'a89259cc54c44d153f0122ff3cad91c9', 'eilyinykhiq@google.ru', '253-361-1362', 1, '2020-06-21', '2021-05-02', 1, 2),
(676, 'jendicottir', 'Jordan Endicott', '2015-11-07', 2, 'Male', '1c5dc271e37abc1e677ba252fe828bb1', 'jendicottir@hugedomains.com', '181-243-8994', 2, '2021-04-04', '2020-10-14', 1, 1),
(677, 'ltytleris', 'Leah Tytler', '1986-08-02', 1, 'Female', '3c610e854a665cdd7729cd156e0ae43e', 'ltytleris@cdbaby.com', '196-939-2270', 2, '2020-05-06', '2020-02-28', 1, 1),
(678, 'bpetrolit', 'Bea Petrol', '1991-11-03', 1, 'Male', 'ca827114301e8075bee51137cac19dfa', 'bpetrolit@godaddy.com', '354-612-2910', 2, '2021-07-27', '2020-09-27', 1, 1),
(679, 'rebbottsiu', 'Rosco Ebbotts', '1977-04-03', 1, 'Female', 'f75a455da2552208737de3bf581426c7', 'rebbottsiu@yahoo.com', '920-775-1572', 4, '2021-10-31', '2021-11-10', 1, 2),
(680, 'cerroweiv', 'Corrie Errowe', '1964-08-31', 2, 'Male', 'd0e680b13e31a6f81b06352bbb88c245', 'cerroweiv@princeton.edu', '881-866-0129', 1, '2021-02-09', '2020-12-18', 1, 1),
(681, 'spemberyiw', 'Steffie Pembery', '2012-01-17', 1, 'Female', 'a5a74f98b90f74903e373c6286bdcfaf', 'spemberyiw@parallels.com', '877-628-9263', 4, '2021-02-26', '2021-07-27', 1, 1),
(682, 'spatridgeix', 'Sonnie Patridge', '2010-10-17', 2, 'Male', '1eec7f343ecf91a34cf48b7b21567e55', 'spatridgeix@answers.com', '961-439-3086', 4, '2021-10-01', '2020-03-13', 1, 1),
(683, 'aatlingiy', 'Asa Atling', '2017-02-02', 1, 'Female', '50f070f5fb007977f48211ef21ebc8e3', 'aatlingiy@archive.org', '225-976-9031', 1, '2021-03-02', '2020-03-30', 1, 2),
(684, 'frodwayiz', 'Fletch Rodway', '2008-05-31', 1, 'Female', 'bd2a7ba5adf0fefc13dbb35ff5f5ccdf', 'frodwayiz@pinterest.com', '362-120-2603', 1, '2020-01-04', '2019-12-11', 1, 1),
(685, 'yspurdenj0', 'Yoshiko Spurden', '1965-03-16', 3, 'Male', 'cab1d7b41808d09bd31ecc862882fa60', 'yspurdenj0@state.tx.us', '232-805-8858', 3, '2021-05-14', '2021-06-25', 1, 2),
(686, 'jdominecj1', 'Janaye Dominec', '1995-12-09', 3, 'Male', '158ebb5de64ae2fbf70110c48efe685f', 'jdominecj1@sfgate.com', '669-175-6532', 1, '2020-02-21', '2020-01-24', 1, 2),
(687, 'dbobaschj2', 'Doy Bobasch', '2009-09-16', 2, 'Male', 'edb6a2b9881e68fe4c90cafec581f880', 'dbobaschj2@meetup.com', '816-744-4458', 1, '2020-03-25', '2020-10-06', 1, 2),
(688, 'etimmisj3', 'Estevan Timmis', '1989-07-01', 1, 'Female', '3b98de89986857a493305c5cc4bef3ff', 'etimmisj3@wikia.com', '724-139-7764', 2, '2020-03-13', '2021-10-04', 1, 2),
(689, 'fcapesj4', 'Ferrell Capes', '2003-01-19', 3, 'Male', '8d9b27c588dbf9c03a43f36e06ce0881', 'fcapesj4@hud.gov', '286-860-5137', 4, '2021-03-27', '2020-10-19', 1, 2),
(690, 'egoldsburyj5', 'Evelin Goldsbury', '1983-11-05', 2, 'Female', '0c5c9ee42da5924d8ef6560bd6c1b1ec', 'egoldsburyj5@gravatar.com', '850-325-9421', 4, '2021-01-29', '2020-06-11', 1, 1),
(691, 'rbairnsfatherj6', 'Robyn Bairnsfather', '1990-05-06', 1, 'Female', 'fd6d17c099584f393554ecd9e7e4855f', 'rbairnsfatherj6@miitbeian.gov.cn', '272-176-7095', 1, '2020-10-11', '2020-01-17', 1, 2),
(692, 'pcaslettj7', 'Patsy Caslett', '1986-03-17', 2, 'Female', '9e775a6f8200813f20b125f68a959f9f', 'pcaslettj7@pcworld.com', '544-608-4043', 2, '2020-08-07', '2020-10-02', 1, 2),
(693, 'emablestonej8', 'Egon Mablestone', '1967-06-08', 2, 'Male', '38a8ac703b6b468965820e59be7127b2', 'emablestonej8@networkadvertising.org', '908-512-1850', 4, '2021-07-31', '2021-06-16', 1, 1),
(694, 'istapfordj9', 'Iosep Stapford', '2011-10-23', 2, 'Female', '5866b8c88d58bea471af6cdb2d2d389a', 'istapfordj9@csmonitor.com', '606-833-7944', 1, '2020-03-08', '2020-09-28', 1, 2),
(695, 'tglavinja', 'Tam Glavin', '1996-01-26', 1, 'Female', '5f5b1d37d5cb9dd24f401c28a5f154f6', 'tglavinja@google.de', '133-925-0969', 2, '2020-01-04', '2020-01-05', 1, 1),
(696, 'jbraddockjb', 'Jeffy Braddock', '1986-02-11', 3, 'Female', '48081e112269bd8235b1ccf96bd938e6', 'jbraddockjb@ask.com', '886-379-5447', 4, '2020-12-21', '2020-11-07', 1, 1),
(697, 'usaulljc', 'Ula Saull', '1978-01-22', 3, 'Female', '4756bc55337f6a7f61b661878b72e4b4', 'usaulljc@mail.ru', '512-742-7071', 1, '2019-12-15', '2021-09-29', 1, 2),
(698, 'eocalleranjd', 'Emilee O\'Calleran', '1987-03-24', 1, 'Male', 'b6e824e13fdf534f185430bad5564acb', 'eocalleranjd@github.com', '149-206-7120', 4, '2021-04-04', '2021-11-04', 1, 2),
(699, 'nwyattje', 'Nerti Wyatt', '1967-07-19', 2, 'Female', 'ca496d78c4c6be6e26a76b33cccd5a01', 'nwyattje@purevolume.com', '662-431-1839', 4, '2021-10-03', '2020-11-08', 1, 1),
(700, 'zwhitcherjf', 'Zena Whitcher', '1973-01-31', 3, 'Female', '54498e78a681bad7093898362382758e', 'zwhitcherjf@posterous.com', '297-646-1342', 4, '2021-07-24', '2020-02-01', 1, 1),
(701, 'dwittjg', 'De witt Pragnall', '1990-05-29', 1, 'Female', '30d5a563a59b95e5213182d57958cb85', 'dwittjg@hud.gov', '152-658-1250', 1, '2020-05-29', '2021-09-08', 1, 1),
(702, 'iangeljh', 'Ilise Angel', '1982-02-07', 1, 'Male', 'f2059770fe84f37a8874f85573455f0b', 'iangeljh@eepurl.com', '500-378-4216', 4, '2020-03-20', '2021-12-04', 1, 1),
(703, 'boldallji', 'Beatrisa Oldall', '1974-12-12', 3, 'Male', 'dc0b9f2561381578ef21a8361cc96863', 'boldallji@multiply.com', '379-198-5770', 3, '2020-11-21', '2021-11-24', 1, 1),
(704, 'cgallenjj', 'Cammy Gallen', '2004-11-09', 2, 'Female', 'b2103dd87ab259a943e56682db0aa55a', 'cgallenjj@epa.gov', '138-744-6825', 2, '2020-02-23', '2021-02-17', 1, 2),
(705, 'jloaderjk', 'Juli Loader', '1995-05-02', 1, 'Male', 'c21ff8128d818725bf16cd09fd6b3044', 'jloaderjk@state.tx.us', '726-851-4543', 3, '2021-02-24', '2021-05-21', 1, 1),
(706, 'ospurwayjl', 'Orly Spurway', '1976-06-15', 2, 'Male', '2dc25837e0e69691cd7ba9c8cc659770', 'ospurwayjl@sphinn.com', '573-389-2119', 3, '2021-08-17', '2020-03-11', 1, 1),
(707, 'dfyrthjm', 'Domingo Fyrth', '1998-07-04', 3, 'Female', '1e718cbbffa977ea978198d5a8c78968', 'dfyrthjm@cdc.gov', '765-294-6310', 1, '2021-12-07', '2020-10-31', 1, 1),
(708, 'dhearejn', 'Daron Heare', '1997-04-20', 3, 'Male', '95023184e974693a56b2fddd4c65b449', 'dhearejn@sfgate.com', '162-524-7602', 1, '2021-02-04', '2020-05-17', 1, 2),
(709, 'fdorbonjo', 'Felizio Dorbon', '1995-08-24', 3, 'Male', '7541e263aebba0dec9cdf590a60e8f57', 'fdorbonjo@ed.gov', '335-568-4469', 4, '2020-08-04', '2021-07-14', 1, 2),
(710, 'bgaskinjp', 'Bastian Gaskin', '2003-08-11', 3, 'Female', '0abae3352893a1d8cfb782c4457fb9ab', 'bgaskinjp@whitehouse.gov', '836-351-5491', 2, '2020-10-02', '2021-04-30', 1, 2),
(711, 'sbrammalljq', 'Sigismund Brammall', '1974-03-07', 2, 'Male', '0f16691cbb0583774dc15978d878b620', 'sbrammalljq@amazon.de', '298-694-1689', 1, '2021-01-30', '2021-09-18', 1, 1),
(712, 'jgostridgejr', 'Jenny Gostridge', '1998-01-06', 3, 'Male', '62521dbdb20206507bfdf4deb630474f', 'jgostridgejr@unicef.org', '655-512-3514', 2, '2021-02-11', '2020-08-20', 1, 1),
(713, 'dpaintenjs', 'Darrin Painten', '1968-04-17', 1, 'Male', 'c4b36dd0a336dbd29b8401ebe43e9f0a', 'dpaintenjs@loc.gov', '494-365-7858', 4, '2021-03-19', '2020-09-15', 1, 1),
(714, 'wcudihyjt', 'Willdon Cudihy', '1970-01-08', 3, 'Male', '73fbb28cebea36b41b59ba5aceea86fb', 'wcudihyjt@illinois.edu', '402-760-9801', 3, '2020-03-24', '2021-01-07', 1, 2),
(715, 'bgerredju', 'Barnett Gerred', '1998-04-01', 1, 'Male', '686abca5ad282e08852c25cb80fee572', 'bgerredju@thetimes.co.uk', '700-417-8772', 4, '2020-02-16', '2020-03-01', 1, 1),
(716, 'tculterjv', 'Tonie Culter', '1968-04-16', 1, 'Female', '9aec270f703190aabc76856c88755df2', 'tculterjv@unicef.org', '809-901-5337', 2, '2020-07-25', '2021-04-08', 1, 2),
(717, 'lmcculloghjw', 'Lucine McCullogh', '2005-05-12', 1, 'Male', 'a64204f28b46fe5239fa4c9b3c5bc122', 'lmcculloghjw@alibaba.com', '760-188-7722', 2, '2020-10-17', '2021-09-14', 1, 2),
(718, 'zreekjx', 'Zea Reek', '1998-02-12', 2, 'Male', '4efa67bebff0983f4925544cade357b4', 'zreekjx@marketwatch.com', '384-639-3453', 2, '2021-02-09', '2021-06-26', 1, 1),
(719, 'rloudyanjy', 'Rogers Loudyan', '1990-04-23', 1, 'Male', 'bdc6210be06daa931005954661bb07e6', 'rloudyanjy@google.nl', '348-958-9027', 4, '2020-03-22', '2021-03-13', 1, 2),
(720, 'mpaffleyjz', 'Meredith Paffley', '2004-12-09', 3, 'Female', '3902e74fc601d5b75f0e16c08fb363f7', 'mpaffleyjz@studiopress.com', '133-243-4579', 4, '2021-04-08', '2020-12-24', 1, 2),
(721, 'wlanyonk0', 'Waly Lanyon', '1974-05-13', 3, 'Female', 'c5001c5191460cd2e3a39999d6bdfc0e', 'wlanyonk0@goo.gl', '256-722-5077', 4, '2021-10-24', '2020-06-30', 1, 1),
(722, 'lsmallmank1', 'Lanette Smallman', '1964-11-30', 1, 'Female', '533bcf8bc8eaa5d0dccc5c76f9caca99', 'lsmallmank1@va.gov', '697-371-0101', 1, '2020-04-21', '2021-04-14', 1, 2),
(723, 'dcalderok2', 'Donnell Caldero', '1986-07-18', 2, 'Female', '11531a8f4af1bac79ba4da2eea230c9d', 'dcalderok2@newsvine.com', '196-608-3472', 2, '2020-11-01', '2021-05-08', 1, 1),
(724, 'bdowningk3', 'Benjie Downing', '1968-12-01', 3, 'Male', '4ef83a71492d9651b6e9a305037dfb26', 'bdowningk3@spiegel.de', '128-405-3411', 4, '2021-01-29', '2020-12-10', 1, 1),
(725, 'nbathurstk4', 'Nerissa Bathurst', '1978-07-26', 3, 'Male', '68cc84cf3c019962eb7db146b585701b', 'nbathurstk4@i2i.jp', '656-896-4882', 3, '2021-04-16', '2021-06-02', 1, 1),
(726, 'ckenwayk5', 'Cassie Kenway', '1981-04-02', 3, 'Male', '7233d378c41cf4220a0003ea77753c3a', 'ckenwayk5@bing.com', '681-695-2722', 1, '2021-08-20', '2020-08-26', 1, 2),
(727, 'rlemonk6', 'Rock Lemon', '1992-03-12', 2, 'Female', '15b8e586e42f046b4859c56a92aff701', 'rlemonk6@mapquest.com', '386-557-7811', 4, '2020-07-11', '2020-02-15', 1, 1),
(728, 'mgoodeyk7', 'Moishe Goodey', '1968-11-14', 3, 'Male', '8a6305d0c44f10ddd875705394da5f5d', 'mgoodeyk7@scientificamerican.com', '616-255-0732', 4, '2021-07-15', '2021-06-16', 1, 2),
(729, 'sdanbrookk8', 'Steffane Danbrook', '1979-09-14', 1, 'Male', '8222faceeaf2143a8412e24c316a334d', 'sdanbrookk8@blogspot.com', '821-842-8998', 2, '2020-10-05', '2021-10-17', 1, 2),
(730, 'dlek9', 'Damon Le Friec', '2000-12-20', 1, 'Male', '8b506331f30b59b3adcef1cbf872f709', 'dlek9@reuters.com', '469-380-5646', 4, '2020-02-15', '2021-02-24', 1, 2),
(731, 'gdittka', 'Gonzales Ditt', '1987-05-17', 1, 'Male', '92bf03fbe675cbf5baee4afc180bcafe', 'gdittka@buzzfeed.com', '316-270-4034', 4, '2019-12-18', '2020-06-06', 1, 1),
(732, 'slekb', 'Skipton Le Breton', '1964-06-08', 2, 'Female', '5d395c40e235446b74cc2325ae529d17', 'slekb@wisc.edu', '302-845-3105', 1, '2021-12-10', '2021-11-23', 1, 1),
(733, 'ggrousekc', 'Germana Grouse', '2001-06-19', 3, 'Female', '493cc4a767c33ba0f68b883098e57567', 'ggrousekc@deviantart.com', '459-973-5677', 2, '2020-04-07', '2021-04-17', 1, 1),
(734, 'nlittlekitkd', 'Nevins Littlekit', '2004-03-26', 3, 'Male', 'e5af7dc6721d373c90f0d27e6dafe384', 'nlittlekitkd@myspace.com', '264-737-3673', 4, '2020-08-06', '2021-07-21', 1, 2),
(735, 'pbumphrieske', 'Pearline Bumphries', '1991-06-26', 3, 'Male', 'eaa531cb05cd7599352ee94a8cf2450c', 'pbumphrieske@nasa.gov', '649-900-0536', 3, '2019-12-22', '2020-07-06', 1, 2),
(736, 'edoriankf', 'Enriqueta Dorian', '1979-08-12', 3, 'Female', 'eb4b3fe63b38eaec524bdcdb4dcf3e62', 'edoriankf@cloudflare.com', '405-774-6586', 3, '2020-08-04', '2021-01-26', 1, 1),
(737, 'gjehukg', 'Garrot Jehu', '1984-08-26', 3, 'Female', '6e5291f8346abab5a083a33e85e2d94f', 'gjehukg@ted.com', '901-443-2344', 3, '2021-03-02', '2021-03-04', 1, 2),
(738, 'cswainsonkh', 'Clemence Swainson', '2000-04-28', 3, 'Female', '52bec270b713de015be12feef2dab04c', 'cswainsonkh@yelp.com', '559-169-1222', 1, '2021-06-28', '2020-02-02', 1, 2),
(739, 'rsimchenkoki', 'Robinetta Simchenko', '2021-11-21', 2, 'Male', 'ad03323e9b4d08ec1d6ca4d2f9c2ed07', 'rsimchenkoki@indiatimes.com', '201-686-4225', 2, '2021-05-25', '2020-05-22', 1, 2),
(740, 'rstallibrasskj', 'Rowe Stallibrass', '1996-04-03', 1, 'Male', '273dd49c5da0d069d95d4f9d9d110f4c', 'rstallibrasskj@marketwatch.com', '941-259-5886', 3, '2021-08-19', '2020-03-23', 1, 1),
(741, 'gguilfoylekk', 'Gennie Guilfoyle', '1978-12-28', 2, 'Female', 'a2f429d2aa1ce4cecb59cecaf20c77aa', 'gguilfoylekk@ucla.edu', '333-664-9913', 4, '2020-05-24', '2021-05-20', 1, 2),
(742, 'zseeneykl', 'Zebulen Seeney', '1995-07-23', 2, 'Male', '862f61b6f9d088e54c6db687948e86e5', 'zseeneykl@telegraph.co.uk', '437-128-9876', 2, '2020-09-17', '2020-05-15', 1, 2),
(743, 'vwinsparekm', 'Vonni Winspare', '1974-04-23', 2, 'Male', '237a6eab65972e1a9cb3779c8341ff23', 'vwinsparekm@businessweek.com', '308-204-7168', 3, '2021-10-17', '2021-01-07', 1, 2),
(744, 'mpatterskn', 'Minna Patters', '1980-12-01', 3, 'Female', '8678c36b56d71f1a1a5a2dc6129755ae', 'mpatterskn@mozilla.org', '243-822-4607', 3, '2021-07-25', '2021-05-25', 1, 2),
(745, 'ggilliseko', 'Gaylord Gillise', '1995-01-31', 3, 'Male', '5e5baa0e7134427a55de84ddaf173aad', 'ggilliseko@cbc.ca', '891-434-7383', 4, '2020-07-25', '2020-12-01', 1, 2),
(746, 'lkaleykp', 'Lucien Kaley', '2010-06-29', 3, 'Male', '82b1cac94baa3b96745487c0bcdf003b', 'lkaleykp@comsenz.com', '440-503-1105', 3, '2020-12-31', '2021-10-19', 1, 1),
(747, 'tdrydenkq', 'Tuesday Dryden', '2012-02-17', 1, 'Female', 'c9c1d28fdcedc5c15786d163ea22776c', 'tdrydenkq@exblog.jp', '178-403-7066', 2, '2020-09-25', '2021-11-19', 1, 1),
(748, 'fcoulthardkr', 'Florian Coulthard', '2015-06-23', 3, 'Female', 'da9f6d634cf863cfc886db070cbbff3d', 'fcoulthardkr@buzzfeed.com', '194-727-4655', 1, '2020-08-09', '2021-07-15', 1, 2),
(749, 'bedsallks', 'Berny Edsall', '1962-03-12', 2, 'Female', '05ce089e1a1e2e8c3106734e1ac26153', 'bedsallks@yellowbook.com', '146-850-8942', 4, '2020-09-05', '2020-03-21', 1, 2),
(750, 'temnoneykt', 'Tybie Emnoney', '1980-03-12', 2, 'Female', '7fa803f6791e04b597757a67e7879c58', 'temnoneykt@google.de', '454-204-7173', 4, '2020-08-04', '2020-12-30', 1, 1),
(751, 'waguilarku', 'Wallis Aguilar', '1963-08-31', 2, 'Male', 'de6fd2a2f663b57488871f38b6c5386e', 'waguilarku@prnewswire.com', '174-810-9285', 1, '2021-12-07', '2019-12-20', 1, 1),
(752, 'bjerdonkv', 'Bernarr Jerdon', '1985-07-06', 3, 'Male', '570640de6b5337d1511a4fc43166c359', 'bjerdonkv@oakley.com', '352-492-3315', 3, '2021-08-31', '2021-04-29', 1, 1),
(753, 'qosseltonkw', 'Quentin Osselton', '1976-02-04', 3, 'Female', '6f1ae00365fa0de8246abd63e9138fcf', 'qosseltonkw@blog.com', '328-461-7802', 4, '2021-02-22', '2021-03-20', 1, 2),
(754, 'sschimkekx', 'Shaine Schimke', '1984-12-28', 3, 'Male', 'ecb80a1ca8dba15c3943a94a54e30451', 'sschimkekx@omniture.com', '989-861-2424', 2, '2020-06-04', '2021-02-26', 1, 1),
(755, 'dcradickky', 'Danny Cradick', '2010-02-26', 1, 'Male', '4fe06e2c345e33962dd96adb86bca3af', 'dcradickky@npr.org', '286-795-9027', 3, '2021-05-14', '2021-04-02', 1, 1),
(756, 'gawcoatekz', 'Gaby Awcoate', '2015-07-06', 1, 'Female', '01bbe56dddcbedf8a4cf1549d1cb5cc1', 'gawcoatekz@google.com.hk', '714-873-1574', 2, '2021-05-16', '2020-03-14', 1, 1),
(757, 'mcelizl0', 'Mirna Celiz', '1971-03-15', 3, 'Female', '7904994c0458b32d3e6fa8b4e7125683', 'mcelizl0@goodreads.com', '407-338-4079', 2, '2020-01-02', '2021-03-07', 1, 1),
(758, 'ljerzykl1', 'Leshia Jerzyk', '1977-11-01', 3, 'Female', 'b6e24fc15cab226cd86744e7090b9633', 'ljerzykl1@shareasale.com', '732-701-9265', 1, '2020-11-06', '2021-12-10', 1, 2),
(759, 'jpreddyl2', 'Jannelle Preddy', '1998-10-25', 3, 'Female', '1d34c99d89d90f7ddde438d6d18eaa66', 'jpreddyl2@slate.com', '781-443-5579', 1, '2021-01-24', '2021-11-30', 1, 2),
(760, 'eferencl3', 'Errol Ferenc', '1965-03-12', 2, 'Female', '4feb17c148758679a2771f0736b43e2b', 'eferencl3@cbsnews.com', '864-451-2153', 4, '2021-05-03', '2021-02-09', 1, 2),
(761, 'aseckerl4', 'Aubrette Secker', '1987-03-08', 1, 'Female', '82097f02b9dd5c1767f5eea7414e90da', 'aseckerl4@psu.edu', '986-613-0831', 4, '2021-10-28', '2021-04-20', 1, 2),
(762, 'twelbelovel5', 'Torr Welbelove', '1988-02-13', 1, 'Male', '8d25374ebcc5d51394618515e9d5bee3', 'twelbelovel5@noaa.gov', '704-102-1540', 1, '2021-04-30', '2020-09-26', 1, 1),
(763, 'tfranciottoil6', 'Tabbitha Franciottoi', '1965-12-02', 3, 'Male', 'a2b179d07673aea1d49b90d5310b2990', 'tfranciottoil6@so-net.ne.jp', '260-364-9629', 1, '2021-06-08', '2020-03-03', 1, 2),
(764, 'cchatenierl7', 'Ced Chatenier', '1991-03-04', 1, 'Male', 'e8c0db7b5fcbe51e26e1d689f54b392b', 'cchatenierl7@cdc.gov', '788-206-1657', 1, '2021-05-20', '2021-10-22', 1, 1),
(765, 'mbulgerl8', 'Mikol Bulger', '1970-02-02', 1, 'Female', '201bea356b993e6152bac29c1b036dbb', 'mbulgerl8@digg.com', '476-635-6800', 4, '2020-05-11', '2020-07-04', 1, 2),
(766, 'sschoenfischl9', 'Sancho Schoenfisch', '1994-11-26', 2, 'Male', 'bb5c8336763fde646e9ce1cf5eb0bfff', 'sschoenfischl9@gizmodo.com', '202-746-6596', 2, '2021-03-08', '2020-04-15', 1, 2),
(767, 'hurienla', 'Herbie Urien', '1963-03-20', 3, 'Female', '51162c4f531745c53f6e71dc61bca435', 'hurienla@pcworld.com', '524-417-0991', 3, '2020-08-11', '2020-07-28', 1, 2),
(768, 'dparamanlb', 'Dorothy Paraman', '2019-06-28', 1, 'Female', '7f009ca83eb9b3ef6d9bced33c40c165', 'dparamanlb@sina.com.cn', '654-407-3359', 3, '2020-09-14', '2020-12-26', 1, 2),
(769, 'cclinchlc', 'Crawford Clinch', '1988-08-17', 2, 'Male', '4f049cda782e432c27bb4e9cdb475486', 'cclinchlc@timesonline.co.uk', '941-713-2264', 4, '2019-12-15', '2021-01-15', 1, 2),
(770, 'smottinellild', 'Shoshanna Mottinelli', '2014-09-24', 1, 'Female', '91f485623b00ee57bb56e3be057eda30', 'smottinellild@prweb.com', '144-998-1665', 1, '2020-03-02', '2021-07-21', 1, 1),
(771, 'coldroydele', 'Cate Oldroyde', '1971-01-15', 2, 'Male', 'd46f0eb88bf861e56ae4d3085026f079', 'coldroydele@simplemachines.org', '241-872-6291', 2, '2019-12-13', '2020-09-19', 1, 1),
(772, 'mtregaskislf', 'Maximilianus Tregaskis', '1998-06-22', 3, 'Male', '103784f48d82907963d06fd95f009aa3', 'mtregaskislf@behance.net', '280-128-6291', 3, '2019-12-20', '2020-02-13', 1, 2),
(773, 'gbenjefieldlg', 'Gilli Benjefield', '1964-09-11', 3, 'Male', 'ca7d763a42b67400ee6b6bcf06c01d81', 'gbenjefieldlg@indiatimes.com', '970-728-2616', 3, '2020-03-17', '2020-05-01', 1, 1),
(774, 'crodgmanlh', 'Clarie Rodgman', '2015-02-27', 2, 'Male', '4580b386f97af27246d8792300faff97', 'crodgmanlh@bizjournals.com', '542-336-3840', 1, '2020-02-24', '2020-01-24', 1, 2),
(775, 'dnicholesli', 'Darell Nicholes', '1971-10-29', 1, 'Male', '35c9f8d9e2a0f4250231d5b0212aadac', 'dnicholesli@google.com.au', '965-964-5823', 3, '2021-01-06', '2020-11-16', 1, 1),
(776, 'srothschildlj', 'Shir Rothschild', '2018-11-30', 2, 'Male', '3f8d3f563429e139ba163dde82d2ceb3', 'srothschildlj@nationalgeographic.com', '541-374-9634', 4, '2020-02-22', '2020-07-15', 1, 1),
(777, 'gramplinglk', 'Gill Rampling', '2000-10-01', 1, 'Male', 'd854a4dec24b722619c0a6a63df480d8', 'gramplinglk@ameblo.jp', '982-810-2917', 2, '2020-05-26', '2021-05-21', 1, 1),
(778, 'adroghanll', 'Angelico Droghan', '1974-12-12', 2, 'Female', 'fc9f8fa13a4e5446fd5796f782cb9a20', 'adroghanll@businessweek.com', '901-694-1739', 3, '2021-03-05', '2021-07-30', 1, 1),
(779, 'chulllm', 'Cher Hull', '1984-11-20', 2, 'Female', '83995ff0ec0403e2200cbb22674471e1', 'chulllm@china.com.cn', '367-893-6983', 3, '2021-09-19', '2021-06-27', 1, 1),
(780, 'melliffln', 'Maryanne Elliff', '2017-04-14', 2, 'Male', 'f0b0eea984a6e0fbc906f2ce521f0a34', 'melliffln@psu.edu', '330-247-4028', 2, '2020-04-25', '2020-11-13', 1, 1),
(781, 'egasgarthlo', 'Erminie Gasgarth', '1969-02-24', 3, 'Female', '3c45ee126e154cdac02f0c8a8be2d62d', 'egasgarthlo@tinyurl.com', '776-773-6727', 1, '2021-07-22', '2021-01-29', 1, 2),
(782, 'gbusselllp', 'Gaven Bussell', '1976-07-09', 2, 'Male', '63eecdb1b765e8d9d4b1805a8dd954c2', 'gbusselllp@mapy.cz', '119-864-6682', 2, '2021-01-18', '2021-06-08', 1, 2),
(783, 'cgrisleylq', 'Carissa Grisley', '1969-04-11', 2, 'Male', 'cb03817c9a1007d70d84a26b04e59ae7', 'cgrisleylq@github.com', '407-224-1923', 2, '2021-03-17', '2020-01-14', 1, 2),
(784, 'fmearnslr', 'Francesco Mearns', '1972-10-14', 2, 'Female', 'c582c2e416ee46ea3a789a4ba802e3b9', 'fmearnslr@ucsd.edu', '836-876-1373', 2, '2020-10-10', '2021-03-13', 1, 2),
(785, 'amckeownls', 'Antoine McKeown', '1974-11-12', 2, 'Male', '364e0960cbf76dafb38ecf6a6a36299e', 'amckeownls@sakura.ne.jp', '716-424-4612', 2, '2021-11-20', '2020-08-11', 1, 2),
(786, 'ocordelt', 'Orren Corde', '2003-10-11', 3, 'Female', '777229fc41b88f8aeebd40234f52ea71', 'ocordelt@ibm.com', '773-490-6909', 4, '2020-04-22', '2021-12-02', 1, 1),
(787, 'nsplevinslu', 'Norah Splevins', '2013-10-09', 3, 'Female', 'cd9912a0c5615c0191a832b8007c7d19', 'nsplevinslu@e-recht24.de', '170-689-0554', 3, '2020-11-17', '2021-03-05', 1, 1),
(788, 'tsparklv', 'Thom Spark', '1977-03-27', 1, 'Female', '511b014de5a40389f26aefbcffeeaae0', 'tsparklv@ask.com', '568-407-0994', 4, '2021-01-21', '2020-01-22', 1, 1),
(789, 'ncopellilw', 'Nari Copelli', '1964-01-28', 3, 'Male', '3b008b6eb917a79558bdb462e4c11149', 'ncopellilw@360.cn', '488-876-4983', 2, '2021-02-09', '2021-12-06', 1, 1),
(790, 'cbalmalx', 'Corette Balma', '1967-09-05', 1, 'Female', '26f3b527d374d8d5767dcca0000c69a7', 'cbalmalx@cnbc.com', '704-967-0332', 3, '2021-11-08', '2020-12-13', 1, 1),
(791, 'lpilipetsly', 'Ladonna Pilipets', '2002-05-19', 1, 'Male', 'da3f20b7e19f5ac8311cb529295ef0e7', 'lpilipetsly@umich.edu', '906-112-6806', 3, '2020-08-05', '2020-01-11', 1, 2),
(792, 'epimblottelz', 'Edwina Pimblotte', '1999-06-14', 3, 'Male', '9355160d0280d1eacf38d99a101b67de', 'epimblottelz@imdb.com', '334-209-5078', 2, '2020-02-20', '2021-04-21', 1, 1),
(793, 'aroysem0', 'Aprilette Royse', '2005-07-20', 3, 'Male', '61619f82c44bf3c616cf14db6e13409b', 'aroysem0@alexa.com', '938-477-0709', 4, '2021-12-10', '2021-01-19', 1, 1),
(794, 'npesakm1', 'Nata Pesak', '1977-06-24', 3, 'Male', 'ce44af26052add9fef76791a133ca526', 'npesakm1@dedecms.com', '160-523-4566', 2, '2021-02-19', '2021-01-20', 1, 2),
(795, 'tbumpasm2', 'Travers Bumpas', '2005-08-18', 3, 'Female', '217ec10d4c2e788da30ea9d24c3d78d0', 'tbumpasm2@home.pl', '722-189-6496', 1, '2020-07-24', '2020-04-27', 1, 2),
(796, 'lcazaletm3', 'Leticia Cazalet', '2010-12-01', 3, 'Male', '6fbbb878a43cbc694c6c42aab52d828d', 'lcazaletm3@cafepress.com', '360-134-8712', 1, '2020-08-22', '2020-12-09', 1, 1),
(797, 'arymillm4', 'Aguste Rymill', '1971-01-15', 3, 'Male', 'f4f77a28036496a4fa8c669190585de1', 'arymillm4@ehow.com', '499-249-5463', 1, '2021-08-15', '2021-10-25', 1, 2),
(798, 'anoorem5', 'Ashlee Noore', '2011-10-12', 3, 'Female', '09275444ec46fb628ea6c5a7b3132836', 'anoorem5@godaddy.com', '645-716-1459', 4, '2020-03-11', '2020-03-29', 1, 1),
(799, 'cromem6', 'Candra Rome', '2008-03-29', 1, 'Male', '917f1621a0d33fb4c2265ca4f149325c', 'cromem6@dedecms.com', '988-419-2202', 2, '2020-11-27', '2020-04-19', 1, 2),
(800, 'vwalsterm7', 'Virgie Walster', '1989-01-07', 1, 'Female', '4ed0c572be91713a6a0ada499f7d0abe', 'vwalsterm7@thetimes.co.uk', '457-323-0528', 1, '2020-06-17', '2021-11-16', 1, 2),
(801, 'ggofforthm8', 'Gage Gofforth', '2007-12-21', 2, 'Male', '559f1eaea2a27f877260b20c7cc3c0cb', 'ggofforthm8@mozilla.com', '624-225-3559', 2, '2020-06-03', '2020-03-30', 1, 1),
(802, 'sgerardinm9', 'Sabrina Gerardin', '1991-01-30', 3, 'Male', '92e57d322371ac01d31dab6a5bc10f2c', 'sgerardinm9@sfgate.com', '760-256-4142', 2, '2020-12-02', '2020-08-27', 1, 2),
(803, 'gpearsonma', 'Gusta Pearson', '2015-12-30', 1, 'Female', '666b3e2128ad12788c86a25b6f0c9925', 'gpearsonma@cyberchimps.com', '866-238-8702', 4, '2020-12-14', '2020-07-12', 1, 2),
(804, 'gnaresmb', 'Gabie Nares', '2019-09-08', 1, 'Male', 'c807c31b1238a8e5fa4428e89445788b', 'gnaresmb@domainmarket.com', '730-449-9852', 3, '2020-03-27', '2021-07-04', 1, 1),
(805, 'bkittlemc', 'Burgess Kittle', '1997-11-08', 1, 'Male', 'ee268b7c6f3375e0eee10f3682554e16', 'bkittlemc@last.fm', '626-402-3112', 4, '2021-11-19', '2020-02-13', 1, 2),
(806, 'adodsworthmd', 'Amalea Dodsworth', '1984-05-13', 3, 'Male', '962b8fd2d8f45159a77ae88b51aff943', 'adodsworthmd@msu.edu', '679-164-5763', 3, '2020-05-03', '2020-02-25', 1, 1),
(807, 'dzimmerme', 'Darlleen Zimmer', '1977-09-02', 3, 'Male', '45c50debb365cac9868ec370a21bd72e', 'dzimmerme@taobao.com', '430-640-0587', 3, '2021-06-14', '2021-04-18', 1, 2),
(808, 'mquenellmf', 'Moina Quenell', '1998-07-21', 2, 'Female', 'd28fb24ffd0b86b82a09f11f3fb1f82a', 'mquenellmf@51.la', '300-918-0604', 2, '2020-12-28', '2020-03-22', 1, 2),
(809, 'fkarlqvistmg', 'Floris Karlqvist', '1993-07-13', 3, 'Male', '46b56eaa4c32cc8d1bfbdf58e979f785', 'fkarlqvistmg@wunderground.com', '465-621-0097', 2, '2020-09-19', '2020-05-21', 1, 1),
(810, 'wurrymh', 'Wilow Urry', '1968-08-30', 3, 'Male', 'd7b366d2ed574cb8988e731385d0d225', 'wurrymh@rambler.ru', '192-555-7345', 2, '2020-07-18', '2020-09-27', 1, 1),
(811, 'gelgymi', 'Giorgia Elgy', '1998-11-27', 3, 'Male', '10f54a82b368c8c87683e5f747700576', 'gelgymi@uol.com.br', '857-511-2788', 3, '2021-11-21', '2021-04-20', 1, 2),
(812, 'jferrantmj', 'Jacky Ferrant', '2015-10-03', 3, 'Female', 'ac051f78506ad2504ba9b9a6c61ceb4a', 'jferrantmj@youku.com', '485-264-4703', 1, '2020-10-31', '2021-03-05', 1, 1),
(813, 'asplevingmk', 'Allyn Spleving', '2006-01-30', 2, 'Female', 'fd105b0611cae9c02b10bdadb7bbd643', 'asplevingmk@alexa.com', '478-882-0049', 2, '2021-11-30', '2020-11-06', 1, 2),
(814, 'dreaceml', 'Ddene Reace', '2009-06-08', 3, 'Female', '48b2448c81cc8162d4696f703179feba', 'dreaceml@parallels.com', '876-949-9655', 2, '2020-06-04', '2019-12-22', 1, 1),
(815, 'lparkmm', 'Luci Park', '1969-06-17', 3, 'Male', 'e2f303af7e806287090dfc307a3e1f99', 'lparkmm@goodreads.com', '550-591-8785', 3, '2021-08-29', '2020-11-24', 1, 2),
(816, 'vchucksmn', 'Vincents Chucks', '1983-02-19', 1, 'Female', '07f3cc9938bb39a28808aa38c2dacd35', 'vchucksmn@time.com', '380-896-6852', 2, '2021-05-29', '2021-07-09', 1, 2),
(817, 'ohuttenmo', 'Oralla Hutten', '1997-01-13', 2, 'Male', '9013da763a73d5dddce212ed9f8aa65b', 'ohuttenmo@seattletimes.com', '396-957-1079', 1, '2020-09-15', '2020-12-19', 1, 1),
(818, 'erivalandmp', 'Evonne Rivaland', '1962-07-11', 1, 'Male', 'e9b51863e6d7a745f85dee0c091effd8', 'erivalandmp@1688.com', '810-400-0067', 4, '2021-03-06', '2020-05-29', 1, 2),
(819, 'dgladdolphmq', 'Dion Gladdolph', '2020-06-16', 2, 'Female', '8aa53fbf4e438072cc0ec06943ed89fe', 'dgladdolphmq@yellowbook.com', '142-966-6731', 2, '2020-07-04', '2021-07-03', 1, 2),
(820, 'rdavydychevmr', 'Rafaela Davydychev', '2015-10-24', 1, 'Female', '71686386b9a14488fd9e3aeb4a9febc1', 'rdavydychevmr@stumbleupon.com', '939-426-3045', 4, '2020-03-17', '2021-01-05', 1, 1),
(821, 'ebenbowms', 'Estele Benbow', '2001-05-02', 1, 'Male', 'e01eec5f325f87f57d3c0310b65a6f67', 'ebenbowms@omniture.com', '503-132-5197', 1, '2020-07-09', '2021-03-19', 1, 2),
(822, 'kcawderymt', 'Kassey Cawdery', '2020-04-08', 1, 'Male', '4a766b6cf43869d9ca9becd69947a17e', 'kcawderymt@illinois.edu', '912-253-5448', 2, '2020-07-10', '2020-04-07', 1, 1),
(823, 'sibarramu', 'Stanislaus Ibarra', '1974-06-24', 3, 'Female', '59e7068bfef9454831ccae7100e3c30b', 'sibarramu@yelp.com', '727-560-1947', 1, '2020-09-15', '2021-07-13', 1, 1),
(824, 'aranaldmv', 'Alec Ranald', '2019-09-23', 3, 'Male', 'bbee3b1505c6919d8916a892647fdd96', 'aranaldmv@domainmarket.com', '644-960-4579', 2, '2021-07-26', '2021-01-16', 1, 2),
(825, 'dmcdaidmw', 'Dorena McDaid', '1985-08-29', 2, 'Male', 'd5dfd5b56b2a37003ed7afd5033ca56d', 'dmcdaidmw@toplist.cz', '104-771-2866', 2, '2020-02-17', '2021-02-04', 1, 2),
(826, 'ipenchenmx', 'Inez Penchen', '1989-12-10', 2, 'Male', 'e6cb44170b382bfa7c505d54e1e67747', 'ipenchenmx@howstuffworks.com', '384-657-4088', 1, '2020-03-25', '2021-04-09', 1, 2),
(827, 'pedardsmy', 'Pearle Edards', '1979-05-22', 2, 'Female', '35067b062615d47840ba6a493eaec44a', 'pedardsmy@goo.ne.jp', '926-460-8274', 4, '2020-01-04', '2021-10-27', 1, 1),
(828, 'rsedgermz', 'Richard Sedger', '2017-11-26', 2, 'Male', '57d730bf59304e6f98a9b60d97be89bd', 'rsedgermz@wikimedia.org', '281-174-9894', 3, '2020-05-23', '2020-10-05', 1, 2),
(829, 'bbelfn0', 'Bruce Belf', '2016-12-29', 1, 'Male', '9b511008536bf33555ad655f2e731cee', 'bbelfn0@vk.com', '255-497-4381', 2, '2021-07-10', '2021-07-14', 1, 1),
(830, 'apesseln1', 'Ashlee Pessel', '1963-07-19', 1, 'Male', '97449984ae728bd85a76fc903e8d7c5b', 'apesseln1@cornell.edu', '764-571-4985', 3, '2021-11-13', '2021-03-06', 1, 2),
(831, 'bharbinsonn2', 'Bennett Harbinson', '2014-11-18', 3, 'Female', 'c5e378345cf73b76cef456b649c316e9', 'bharbinsonn2@issuu.com', '763-291-6089', 2, '2021-08-08', '2021-10-27', 1, 2),
(832, 'jtowersn3', 'Joe Towers', '2017-09-02', 2, 'Male', '03da615d161b64197aea36259a97b1d4', 'jtowersn3@blogspot.com', '157-426-0459', 2, '2021-08-31', '2020-04-10', 1, 2),
(833, 'ffraneyn4', 'Fredi Franey', '2015-06-15', 3, 'Female', 'e33995b4d92e5291a0045dfd78869809', 'ffraneyn4@twitpic.com', '225-308-9883', 3, '2020-10-29', '2020-05-02', 1, 2),
(834, 'aanshelln5', 'Antonino Anshell', '1986-04-08', 2, 'Male', '095caab084b7fe53792076bf2ce18e50', 'aanshelln5@ftc.gov', '128-707-7659', 3, '2020-09-02', '2020-05-25', 1, 2),
(835, 'mglashbyn6', 'Mireielle Glashby', '2021-08-11', 3, 'Female', 'f0b776aa39397c8218c4a8ff3e7e206c', 'mglashbyn6@jugem.jp', '312-915-0712', 2, '2020-03-06', '2020-05-27', 1, 1),
(836, 'ihendrickxn7', 'Iggy Hendrickx', '2011-01-31', 2, 'Female', 'ef5b606b8919e8919f498016a919dfb5', 'ihendrickxn7@qq.com', '994-850-2339', 2, '2020-09-13', '2021-05-05', 1, 2),
(837, 'choffmannn8', 'Cherin Hoffmann', '1968-10-06', 2, 'Male', '9a9c5844b339b0d9274fd949d5cf8209', 'choffmannn8@chicagotribune.com', '689-999-9840', 4, '2020-08-12', '2021-04-02', 1, 2),
(838, 'wlambdonn9', 'Wendell Lambdon', '2009-06-17', 3, 'Female', '5a01f1b3c3ba3c07b772171c5b96d4ee', 'wlambdonn9@admin.ch', '479-720-5074', 1, '2020-06-22', '2020-04-14', 1, 2),
(839, 'hcutillna', 'Hilarius Cutill', '1998-03-02', 2, 'Female', '6a2930a5bf08131e79fb93dcc984d031', 'hcutillna@chicagotribune.com', '481-844-9517', 1, '2020-05-06', '2021-08-19', 1, 2);
INSERT INTO `member` (`id`, `account`, `name`, `birthday`, `discount_id`, `gender`, `password`, `email`, `phone`, `subscribe`, `created_at`, `edit_at`, `valid`, `tag_id`) VALUES
(840, 'uverringnb', 'Ulrick Verring', '1999-09-25', 1, 'Male', '63b58c509ae822abc8699ccd35fc7378', 'uverringnb@wikia.com', '351-197-2597', 3, '2021-08-31', '2020-11-05', 1, 2),
(841, 'sjirunc', 'Saunder Jiru', '1983-10-23', 2, 'Male', '0f1e42d0e60c55b2274d357fca98bd5d', 'sjirunc@dion.ne.jp', '327-375-7828', 4, '2020-08-07', '2020-04-14', 1, 2),
(842, 'gflearnd', 'Gladi Flear', '1989-07-29', 1, 'Female', '9e010d1751bfe2645a9c3bbb484e5fa8', 'gflearnd@dailymotion.com', '320-451-8801', 1, '2020-12-05', '2020-12-04', 1, 2),
(843, 'vgravellsne', 'Victoria Gravells', '2017-04-09', 2, 'Male', 'a0a366f85d6c6e2303bb10d096b34fd9', 'vgravellsne@google.com.hk', '693-301-3171', 1, '2020-12-10', '2021-07-29', 1, 2),
(844, 'tmckiernannf', 'Towny McKiernan', '1991-02-02', 1, 'Female', 'dac4025da2a4d13a4bd0a4a761d261d3', 'tmckiernannf@weebly.com', '380-263-4621', 1, '2020-07-20', '2021-08-13', 1, 1),
(845, 'mfurberng', 'Maxim Furber', '1985-01-25', 3, 'Male', 'd10397fbcecdf96989c53e0cb7785e71', 'mfurberng@nbcnews.com', '161-103-3384', 4, '2020-07-30', '2021-07-21', 1, 2),
(846, 'hhelliernh', 'Hamnet Hellier', '1998-01-27', 3, 'Male', '0a5e8cfd94b5b15c38cdd2c7fe266181', 'hhelliernh@privacy.gov.au', '254-193-3304', 4, '2020-02-27', '2021-07-09', 1, 1),
(847, 'fdenseyni', 'Flora Densey', '1999-06-21', 1, 'Male', '3f526445c796f5809e31d2ebf346516f', 'fdenseyni@163.com', '660-307-8636', 2, '2021-07-15', '2020-11-21', 1, 1),
(848, 'cloveladynj', 'Cobby Lovelady', '2003-04-21', 2, 'Female', '39fc13d0683dff7425627fefd582d93a', 'cloveladynj@stumbleupon.com', '497-926-8228', 2, '2021-06-30', '2020-05-03', 1, 2),
(849, 'wmaunnk', 'Willard Maun', '1999-06-04', 1, 'Female', 'a03f43870df7ddcf923639b905102d25', 'wmaunnk@yale.edu', '534-898-7485', 1, '2021-08-13', '2021-06-08', 1, 2),
(850, 'wgillyattnl', 'Willis Gillyatt', '2014-04-15', 1, 'Male', 'a07c53bb1d1ba28810f898a39bb29cee', 'wgillyattnl@digg.com', '739-183-3223', 2, '2020-03-05', '2021-11-01', 1, 1),
(851, 'ddunm', 'Donia Du Hamel', '1990-05-07', 2, 'Male', '39e67f862de4c79282a03e033f564ebf', 'ddunm@instagram.com', '904-835-3898', 1, '2021-04-25', '2021-01-22', 1, 2),
(852, 'jmerillnn', 'Joete Merill', '1985-06-26', 1, 'Female', 'a717464b4ddbb5ff8bc5e919a4e8fca6', 'jmerillnn@qq.com', '718-563-1731', 1, '2020-06-21', '2020-06-11', 1, 2),
(853, 'nmanklowno', 'Neall Manklow', '1996-10-30', 2, 'Male', '38b4e2a6021a65cd72fae4faa2263737', 'nmanklowno@psu.edu', '164-631-2001', 3, '2021-07-10', '2021-11-25', 1, 2),
(854, 'mgartlandnp', 'Marlowe Gartland', '2021-10-16', 2, 'Female', '3568472c11f7f376e000ed1876f59664', 'mgartlandnp@mysql.com', '145-393-4576', 2, '2021-07-02', '2020-01-02', 1, 2),
(855, 'aseniournq', 'Adelaida Seniour', '1995-12-12', 3, 'Male', '88e78b4645b74c5138149d2886304f94', 'aseniournq@pinterest.com', '886-910-3740', 2, '2021-09-23', '2021-03-26', 1, 1),
(856, 'cpachnr', 'Cassaundra Pach', '2012-11-26', 1, 'Female', 'dd53a701d28bafe3ab85873a14868498', 'cpachnr@instagram.com', '903-775-5339', 4, '2021-08-31', '2020-06-06', 1, 2),
(857, 'pproomns', 'Portia Proom', '1966-05-12', 3, 'Female', '973b30540d6710df2ee241406b083fe3', 'pproomns@arizona.edu', '284-926-5547', 1, '2020-05-12', '2021-02-04', 1, 2),
(858, 'laulettant', 'Lotte Auletta', '1968-08-21', 3, 'Male', '81deb52a1e082124b1f6d005299dca92', 'laulettant@taobao.com', '890-473-2298', 4, '2021-09-28', '2020-03-03', 1, 2),
(859, 'sbickernu', 'Samuele Bicker', '2020-12-20', 2, 'Female', '6445368757f62ed76aad8a1514420cbf', 'sbickernu@liveinternet.ru', '815-362-6633', 1, '2020-12-01', '2020-06-26', 1, 1),
(860, 'pcaskeynv', 'Pammie Caskey', '2010-03-25', 2, 'Female', '52035ea911411b6a91bd1785202236c8', 'pcaskeynv@wikispaces.com', '372-760-8618', 2, '2020-01-29', '2021-03-31', 1, 2),
(861, 'asyphasnw', 'Aleta Syphas', '1988-01-17', 3, 'Female', 'e9b5f698911e47adb0dcfc2a4412d52b', 'asyphasnw@statcounter.com', '895-602-7750', 4, '2020-10-15', '2020-09-13', 1, 2),
(862, 'cglassernx', 'Cinnamon Glasser', '2014-08-02', 3, 'Female', '1ad085062cfdc3882ac185875c6be174', 'cglassernx@yahoo.com', '249-923-7930', 4, '2021-01-18', '2021-03-03', 1, 2),
(863, 'rmclaughlinny', 'Ringo McLaughlin', '1982-06-03', 2, 'Female', 'fdba938a69c47d67a76fe240754ebd55', 'rmclaughlinny@discuz.net', '606-556-6863', 3, '2021-02-14', '2020-04-12', 1, 1),
(864, 'mthorndycraftnz', 'Mitchael Thorndycraft', '1977-08-12', 2, 'Female', '64f0a994d7fb32ef51a64e29cb805f2a', 'mthorndycraftnz@ca.gov', '369-995-2134', 4, '2021-03-29', '2021-02-20', 1, 2),
(865, 'agaskingo0', 'Annis Gasking', '1983-01-17', 3, 'Female', '220a59d7ce9e5ccc6029554d3d5e0044', 'agaskingo0@github.com', '655-615-1503', 2, '2021-01-13', '2020-03-12', 1, 2),
(866, 'nzamorranoo1', 'Nev Zamorrano', '2014-09-18', 2, 'Male', '5df356c5b4c3f745564e67f578f79100', 'nzamorranoo1@gov.uk', '823-704-5809', 3, '2020-01-27', '2021-06-13', 1, 2),
(867, 'bgrayshono2', 'Barbara Grayshon', '2002-09-07', 2, 'Male', '3c5be8db41607ff170851acda3ac2e79', 'bgrayshono2@163.com', '872-343-2310', 1, '2021-04-05', '2020-08-26', 1, 2),
(868, 'kmcgrayleo3', 'Kellia McGrayle', '1982-07-11', 2, 'Male', '9c1214f364a64bcc290ffc2e5a38a526', 'kmcgrayleo3@cdbaby.com', '230-598-8429', 4, '2021-12-08', '2020-10-16', 1, 1),
(869, 'bshiptono4', 'Bryan Shipton', '1979-01-21', 2, 'Female', '3147dc8f7d1077737e091ad97918243a', 'bshiptono4@sogou.com', '989-232-7586', 1, '2020-07-30', '2021-03-10', 1, 1),
(870, 'shopfero5', 'Stefano Hopfer', '1984-11-21', 1, 'Male', 'd281a09753403fb28264d894d3f5e19c', 'shopfero5@mapquest.com', '359-210-9614', 2, '2020-08-02', '2021-09-23', 1, 1),
(871, 'jferroneo6', 'Jenine Ferrone', '1993-10-22', 3, 'Female', '125be0f556f0cd5de948089ad60a51d6', 'jferroneo6@woothemes.com', '331-346-8182', 1, '2021-09-05', '2020-09-27', 1, 1),
(872, 'tteazeo7', 'Thaine Teaze', '1971-12-17', 2, 'Female', '6061fce5e872e9da4efc72c80aec1bcb', 'tteazeo7@psu.edu', '103-336-6958', 4, '2021-01-24', '2020-11-07', 1, 2),
(873, 'rfibbittso8', 'Raf Fibbitts', '2005-04-04', 1, 'Male', '0a581dd3590914f40ffc84ca19bc6624', 'rfibbittso8@typepad.com', '808-395-7010', 2, '2020-02-22', '2020-10-24', 1, 1),
(874, 'mvano9', 'Marcella Van den Velden', '2007-09-26', 1, 'Female', 'ac2df825d86e83c3c7cc44d5613bbcbb', 'mvano9@tamu.edu', '350-921-1644', 2, '2020-07-01', '2021-04-11', 1, 1),
(875, 'vmckintyoa', 'Vivien McKinty', '1996-11-21', 2, 'Female', 'ade9ba09081ad810e8dd4c41ec95e5cc', 'vmckintyoa@hugedomains.com', '250-433-4905', 3, '2021-08-08', '2020-11-29', 1, 1),
(876, 'nheleob', 'Neille Hele', '2014-03-18', 3, 'Female', '7f03752e4561f5faea839ad4bfd3dd2b', 'nheleob@berkeley.edu', '137-165-0335', 3, '2021-06-03', '2021-07-17', 1, 1),
(877, 'aguiseoc', 'Abran Guise', '1982-04-05', 2, 'Female', 'c8a5a8600781be1c0997f6ab9001e79d', 'aguiseoc@jalbum.net', '897-633-4589', 2, '2021-12-07', '2021-06-18', 1, 2),
(878, 'nmacwilliamod', 'Niles MacWilliam', '2003-01-03', 2, 'Female', 'd111f22730dcaad6dfe27dcefa660b1c', 'nmacwilliamod@shinystat.com', '151-127-8858', 3, '2021-03-12', '2021-10-22', 1, 1),
(879, 'amalseroe', 'Ann Malser', '1965-09-04', 3, 'Female', '4e76f3c807d6ccbcc4e9e1c5655b40fa', 'amalseroe@studiopress.com', '532-556-6137', 4, '2021-09-29', '2021-03-17', 1, 2),
(880, 'snorthleighof', 'Shelba Northleigh', '2014-08-31', 2, 'Female', '0471a448676c7fd548c91c74129a3dd7', 'snorthleighof@nhs.uk', '777-316-1571', 1, '2021-07-02', '2020-06-23', 1, 1),
(881, 'pscandredog', 'Peirce Scandred', '1995-06-04', 1, 'Male', '7f7c31d52fd4b1148aaa28a4a1adfeb6', 'pscandredog@noaa.gov', '926-195-5507', 3, '2020-10-30', '2020-08-20', 1, 1),
(882, 'peasterlingoh', 'Phillipp Easterling', '1977-02-05', 3, 'Female', '89f614287b65a34d40391724a1df2cbe', 'peasterlingoh@biglobe.ne.jp', '981-168-3147', 3, '2021-09-24', '2021-09-06', 1, 1),
(883, 'awarrineroi', 'Abagael Warriner', '1976-11-15', 3, 'Female', '9095f9bcaa0bde56c5f3004795c85da7', 'awarrineroi@tamu.edu', '742-634-9659', 4, '2021-09-28', '2021-06-25', 1, 2),
(884, 'dlutheroj', 'Daron Luther', '2017-04-10', 3, 'Male', '373f9874219b685b710ca4881b3db917', 'dlutheroj@tripadvisor.com', '926-504-3786', 3, '2020-05-08', '2020-09-14', 1, 1),
(885, 'ebaldinok', 'Esmeralda Baldin', '1999-06-13', 1, 'Male', '0622e9b77f98edd2161e1496cfae0b53', 'ebaldinok@altervista.org', '556-537-6722', 3, '2021-01-12', '2020-07-31', 1, 1),
(886, 'wwhyffenol', 'Winonah Whyffen', '2000-11-15', 3, 'Male', '04399b09fc1501e6ba67fd622bb368dc', 'wwhyffenol@ft.com', '568-117-0822', 2, '2020-08-10', '2021-08-10', 1, 1),
(887, 'mdreinanom', 'Merle Dreinan', '1972-01-01', 3, 'Male', 'f7659dbf3b0f719cc6a1fd4ed172c898', 'mdreinanom@instagram.com', '193-433-4047', 1, '2020-02-04', '2021-01-16', 1, 1),
(888, 'hschurickeon', 'Hamid Schuricke', '2017-01-31', 2, 'Male', 'b042e0acc566544f555b6dda450e1ac4', 'hschurickeon@biblegateway.com', '777-585-4543', 1, '2021-04-19', '2021-01-19', 1, 2),
(889, 'npetytoo', 'Noble Petyt', '1985-12-29', 3, 'Male', '3638f9ea7c89c05247df44e84d5657e4', 'npetytoo@cnbc.com', '737-841-8535', 1, '2019-12-19', '2020-12-06', 1, 2),
(890, 'hdouceop', 'Hollyanne Douce', '2009-10-16', 1, 'Male', 'fa5f56789630c91fe18f7eb3758f6cb8', 'hdouceop@miibeian.gov.cn', '906-827-5525', 1, '2021-01-16', '2021-05-03', 1, 2),
(891, 'wfurberoq', 'Welsh Furber', '2013-09-03', 3, 'Male', 'f59a455b1300767e0320fb1e62e265ab', 'wfurberoq@icq.com', '997-125-1840', 3, '2021-02-15', '2021-11-09', 1, 2),
(892, 'lmcmakinor', 'Lavinia McMakin', '1975-03-08', 3, 'Female', '2f55b6b0258b859256329edbd15d73c6', 'lmcmakinor@networksolutions.com', '483-572-7240', 3, '2020-02-22', '2021-03-06', 1, 1),
(893, 'mmilanos', 'Monti Milan', '2013-06-12', 2, 'Female', '71bfd0007023aedcc970abf989d6e05f', 'mmilanos@gizmodo.com', '192-747-2160', 3, '2021-07-30', '2021-07-13', 1, 2),
(894, 'adewittot', 'Aggy Dewitt', '1989-12-31', 1, 'Female', '01d68f73064e3f0af67f031e449f3d89', 'adewittot@businesswire.com', '581-527-5667', 1, '2021-01-14', '2020-05-06', 1, 2),
(895, 'sskillernou', 'Stella Skillern', '1974-12-02', 2, 'Female', 'b6215b9377609d77036deef4ff13e276', 'sskillernou@eventbrite.com', '223-161-1750', 2, '2021-11-23', '2020-06-30', 1, 1),
(896, 'fhaskellov', 'Franky Haskell', '1999-03-10', 3, 'Female', '276c8b5ec0c9afb30f2bb842b5bd1a43', 'fhaskellov@behance.net', '887-573-3424', 2, '2020-08-13', '2020-02-15', 1, 1),
(897, 'ecoonanow', 'Eleanore Coonan', '1980-11-24', 3, 'Male', 'c26c61d5b5a5e7d2545a1ffddabc3824', 'ecoonanow@hibu.com', '327-713-0863', 4, '2021-09-25', '2020-05-14', 1, 1),
(898, 'cgarmonox', 'Camel Garmon', '2007-09-09', 2, 'Male', 'ec7b6de6e59d256ef75154c65f343644', 'cgarmonox@psu.edu', '860-248-4320', 4, '2020-06-25', '2020-07-26', 1, 2),
(899, 'msherlandoy', 'Mellisa Sherland', '1987-03-05', 1, 'Male', '2c45243062a3dcee118bdd1bedbe901b', 'msherlandoy@theguardian.com', '426-959-0519', 4, '2020-12-29', '2021-07-25', 1, 2),
(900, 'fcapronoz', 'Frasier Capron', '1985-03-26', 2, 'Female', 'aab75fc425c8cc61f5e0192c0243f726', 'fcapronoz@feedburner.com', '456-869-4855', 3, '2021-07-28', '2021-04-18', 1, 1),
(901, 'cfilanp0', 'Clara Filan', '1969-04-23', 1, 'Female', 'c5e8ba248cb3362ff9352bfde00b42e4', 'cfilanp0@wikia.com', '697-667-0695', 2, '2020-10-05', '2021-08-31', 1, 2),
(902, 'wvanp1', 'Wanids Van De Cappelle', '1963-05-25', 2, 'Male', 'cfe7df5d0ce25a803fe9fcf0a95e49bd', 'wvanp1@woothemes.com', '423-648-6547', 3, '2021-02-14', '2019-12-11', 1, 1),
(903, 'ctrimp2', 'Cecile Trim', '1986-01-04', 2, 'Male', '787bdd5743ff467f513d61e5b14b89e5', 'ctrimp2@microsoft.com', '437-467-2467', 1, '2020-11-05', '2020-11-12', 1, 2),
(904, 'oduckitp3', 'Orren Duckit', '2002-08-18', 2, 'Female', '68d01b2b856c2fe19a220ec49f94ece2', 'oduckitp3@princeton.edu', '971-498-7912', 1, '2021-03-23', '2021-08-03', 1, 2),
(905, 'dskettp4', 'Dulcinea Skett', '2010-05-18', 2, 'Male', '73bde850bc51f44e18f08c84318bb7fb', 'dskettp4@ocn.ne.jp', '879-560-1852', 3, '2021-11-15', '2021-10-02', 1, 2),
(906, 'handreap5', 'Heindrick Andrea', '1992-10-21', 3, 'Male', 'd52d1214e02fa08117f959c9972f7753', 'handreap5@desdev.cn', '843-556-9893', 3, '2020-01-07', '2020-05-19', 1, 2),
(907, 'bbalazsp6', 'Bat Balazs', '1968-04-21', 3, 'Male', '23201cf73948896edfd3ffe0c9b5bb18', 'bbalazsp6@wsj.com', '537-546-1263', 1, '2021-07-02', '2021-10-29', 1, 1),
(908, 'usutherbyp7', 'Urbain Sutherby', '1982-10-03', 3, 'Female', 'df30ab715799d8cfcaa8d3f615571f84', 'usutherbyp7@gizmodo.com', '893-508-3600', 3, '2021-03-15', '2021-09-07', 1, 1),
(909, 'cgommowep8', 'Curtice Gommowe', '1970-07-28', 2, 'Male', 'f9564f80bed667da5aabb28e89d167f4', 'cgommowep8@netscape.com', '438-685-8979', 1, '2021-03-09', '2020-01-02', 1, 2),
(910, 'lallibandp9', 'Lawrence Alliband', '1993-10-15', 1, 'Female', 'bd582cd325c9794f9db61059189ec41b', 'lallibandp9@altervista.org', '210-265-6090', 1, '2021-04-29', '2021-09-30', 1, 1),
(911, 'kcamlinpa', 'Kayle Camlin', '2015-07-15', 1, 'Female', 'e8cbc895663bbe28726d0358df3238cc', 'kcamlinpa@ovh.net', '459-769-4596', 2, '2021-03-03', '2021-04-19', 1, 1),
(912, 'jfynnpb', 'Jodi Fynn', '2002-02-03', 1, 'Male', 'fa570e137508b15665cdc616025cea84', 'jfynnpb@tiny.cc', '253-126-9824', 1, '2020-08-07', '2021-02-19', 1, 2),
(913, 'wcollingpc', 'Wilfred Colling', '2021-06-19', 1, 'Female', 'e5f1c9d592fdcffcdd7fab74aa781268', 'wcollingpc@engadget.com', '538-410-2096', 3, '2021-07-31', '2020-10-28', 1, 1),
(914, 'rbellellipd', 'Rheta Bellelli', '1990-02-18', 2, 'Male', '7ce2c0398c7e67cacf17f9465ada49dc', 'rbellellipd@linkedin.com', '387-592-4024', 1, '2021-12-03', '2020-09-13', 1, 1),
(915, 'bwoehlerpe', 'Blondy Woehler', '1997-09-16', 2, 'Female', '19663ecb026954bb6777d2ea3e75affb', 'bwoehlerpe@stumbleupon.com', '701-623-5404', 3, '2021-05-23', '2021-04-14', 1, 1),
(916, 'ajannaschpf', 'Abel Jannasch', '2004-05-26', 1, 'Male', '4a0a1a3344fb651e009c2738aba3820b', 'ajannaschpf@psu.edu', '822-340-0938', 3, '2021-06-26', '2020-10-10', 1, 2),
(917, 'fmccarterpg', 'Frasier McCarter', '1974-09-22', 2, 'Male', '0bced06a3bb1aa8be6f4ffc82ba3f19d', 'fmccarterpg@seattletimes.com', '792-526-8486', 4, '2020-06-05', '2021-10-14', 1, 2),
(918, 'atitleyph', 'Ailyn Titley', '1977-07-09', 1, 'Male', '91459f3b9ceb95d025c807d017afc2f3', 'atitleyph@nature.com', '617-493-6720', 3, '2020-07-15', '2020-02-25', 1, 1),
(919, 'nfeedhampi', 'Nicolina Feedham', '1995-07-11', 2, 'Male', 'dc209d1ef483499b9e3100468a673df2', 'nfeedhampi@sun.com', '178-919-9237', 2, '2021-08-15', '2021-10-15', 1, 1),
(920, 'lgatchellpj', 'Lawton Gatchell', '2004-09-07', 2, 'Male', 'fffd0c59013626280f1ae3cc55d06764', 'lgatchellpj@springer.com', '425-243-2752', 1, '2021-02-04', '2019-12-19', 1, 1),
(921, 'hivanusyevpk', 'Haywood Ivanusyev', '1981-10-27', 3, 'Male', '6ae589b325758ce7e48046c7a1a3a1da', 'hivanusyevpk@g.co', '540-959-0534', 1, '2021-06-27', '2020-02-01', 1, 1),
(922, 'amairspl', 'Anna Mairs', '1996-02-23', 1, 'Female', '41db25f6af04610c48bd7bec6f5c0fe9', 'amairspl@weibo.com', '737-169-3203', 4, '2021-11-17', '2020-04-20', 1, 1),
(923, 'hduboispm', 'Halley Dubois', '1977-01-18', 1, 'Female', '946d0ce9d55a569ea41f9fa7fb55b2ed', 'hduboispm@howstuffworks.com', '816-940-4806', 4, '2021-07-13', '2021-10-23', 1, 2),
(924, 'lwithamspn', 'Leicester Withams', '2018-12-10', 3, 'Male', 'aeaa932878368fbe7300fc2fb5c31cff', 'lwithamspn@chronoengine.com', '855-500-4964', 4, '2021-12-01', '2021-04-04', 1, 1),
(925, 'hleespo', 'Hadlee Lees', '1986-08-04', 3, 'Male', 'f1aeccc79e89578ebb901bd64cebe1e8', 'hleespo@mozilla.org', '937-287-0002', 3, '2020-08-29', '2021-02-17', 1, 1),
(926, 'tlockittpp', 'Trevar Lockitt', '1982-08-02', 1, 'Male', 'e398d2f653f06132c9278aa7eb5ab42d', 'tlockittpp@sitemeter.com', '995-494-0212', 4, '2021-06-09', '2021-05-24', 1, 2),
(927, 'hgowlerpq', 'Hilary Gowler', '2006-11-04', 3, 'Male', 'e73189b3c7cd924b6a63dde49e6eda96', 'hgowlerpq@umn.edu', '789-151-6843', 1, '2020-04-09', '2020-03-15', 1, 2),
(928, 'chaglintonpr', 'Cirillo Haglinton', '2014-08-18', 2, 'Male', '5905ed3bcbb28932b51d781d271f76dc', 'chaglintonpr@techcrunch.com', '942-404-6714', 4, '2021-06-27', '2020-08-10', 1, 1),
(929, 'hmityakovps', 'Husein Mityakov', '2013-01-30', 3, 'Female', 'bd0b2a7a891fabea9196b7e953c0c7f2', 'hmityakovps@indiegogo.com', '525-563-8780', 2, '2021-10-10', '2021-12-07', 1, 2),
(930, 'mvaughtenpt', 'Miriam Vaughten', '2006-04-02', 3, 'Male', 'd96093f2c8b7611b0cafb62b6298113a', 'mvaughtenpt@hud.gov', '740-628-3724', 2, '2020-01-25', '2021-02-06', 1, 1),
(931, 'wgilbankpu', 'Willi Gilbank', '2015-11-02', 2, 'Female', 'acb021fe6eab9da9475aaa8e4248bf1c', 'wgilbankpu@ebay.com', '358-308-2092', 1, '2021-03-03', '2020-08-22', 1, 1),
(932, 'achristallpv', 'Aime Christall', '1963-11-27', 1, 'Female', 'd67aac2bcfccdd43d8affb8b74f8d27d', 'achristallpv@mapquest.com', '937-396-5576', 3, '2020-02-29', '2020-10-25', 1, 2),
(933, 'dlarimerpw', 'Darbie Larimer', '1974-07-16', 2, 'Male', '388c0a848967942cd0adabf9744dba2e', 'dlarimerpw@psu.edu', '156-950-8017', 1, '2021-01-23', '2020-05-08', 1, 1),
(934, 'scliftpx', 'Shay Clift', '2001-10-21', 1, 'Female', '8d176ec39ef77b3cb6e094ff8e6b4aac', 'scliftpx@tripod.com', '209-377-0110', 1, '2021-01-29', '2020-10-22', 1, 1),
(935, 'btansleypy', 'Balduin Tansley', '2003-02-09', 1, 'Male', 'dfa07f59d578e41d36d57134d1990361', 'btansleypy@harvard.edu', '925-904-4050', 4, '2021-10-07', '2020-09-10', 1, 2),
(936, 'hormistonpz', 'Hedi Ormiston', '2000-12-31', 2, 'Female', '4a9457e2463409de3c156e54fbf1a59e', 'hormistonpz@github.com', '412-628-4872', 1, '2021-08-21', '2020-08-27', 1, 2),
(937, 'mpfaffq0', 'Myranda Pfaff', '1994-05-20', 3, 'Female', 'cdf5119362c241e73f96eb90ea34f12d', 'mpfaffq0@altervista.org', '261-824-3910', 2, '2021-04-22', '2021-10-04', 1, 2),
(938, 'pairlieq1', 'Perry Airlie', '1968-06-21', 1, 'Female', 'f3055d1d7faaa8a2a7597dd72e6554c2', 'pairlieq1@jugem.jp', '918-525-0642', 3, '2020-01-23', '2021-02-25', 1, 1),
(939, 'lentissleq2', 'Lilllie Entissle', '1990-03-24', 1, 'Female', 'ded18c0940cd51d851dcb1304520a15e', 'lentissleq2@ihg.com', '839-432-8171', 4, '2020-07-23', '2021-05-08', 1, 1),
(940, 'lgainsfordq3', 'Leann Gainsford', '1968-09-07', 2, 'Female', '87f256090c9a94fd861984c99da5bac1', 'lgainsfordq3@marriott.com', '674-657-3949', 1, '2019-12-22', '2021-08-02', 1, 2),
(941, 'lminocchiq4', 'Lay Minocchi', '1972-06-29', 3, 'Male', 'f7f0337a656e90bd40f531978e627492', 'lminocchiq4@4shared.com', '787-657-9832', 1, '2021-05-04', '2020-01-06', 1, 1),
(942, 'bohrtmannq5', 'Booth Ohrtmann', '2017-05-16', 2, 'Male', 'bb6556974ac6f36a47928d1364f8954c', 'bohrtmannq5@bloglovin.com', '219-764-2170', 3, '2021-10-25', '2020-06-11', 1, 1),
(943, 'pcassidyq6', 'Paige Cassidy', '1977-08-30', 2, 'Female', '74c7e782d417e8ccf8f96173184eb557', 'pcassidyq6@census.gov', '815-417-6983', 1, '2020-02-21', '2021-10-14', 1, 1),
(944, 'ogoulborneq7', 'Omar Goulborne', '1987-02-28', 2, 'Female', '4bec2bca2ddbbbd6315c7afbeecac236', 'ogoulborneq7@ucoz.ru', '270-234-4310', 4, '2020-09-01', '2021-04-03', 1, 2),
(945, 'gdoreeq8', 'Glennis Doree', '1966-07-02', 1, 'Male', 'd562093e85aefa517ce2bcaf0ebe723c', 'gdoreeq8@clickbank.net', '444-709-9694', 2, '2021-02-07', '2021-09-26', 1, 1),
(946, 'acoltonq9', 'Adele Colton', '1983-11-13', 2, 'Male', '7d0e8f22ad667225a3eaa76ea9f48c4c', 'acoltonq9@yelp.com', '456-147-9670', 1, '2021-05-14', '2021-02-06', 1, 1),
(947, 'mphiferqa', 'Marya Phifer', '1996-11-17', 2, 'Female', 'ab28dbfff3f5b90a29d7737734fc3aa9', 'mphiferqa@deliciousdays.com', '254-108-8961', 2, '2020-11-10', '2021-02-16', 1, 2),
(948, 'idurrettqb', 'Idaline Durrett', '1979-01-26', 1, 'Female', 'd3ba1a155d3dbfd9a2ad54607b0b34d4', 'idurrettqb@pagesperso-orange.fr', '900-505-5759', 3, '2020-02-07', '2021-01-20', 1, 1),
(949, 'mlibbyqc', 'Meaghan Libby', '1966-06-13', 1, 'Male', '436c17f4c99613cf5987b4db024c5cee', 'mlibbyqc@photobucket.com', '299-205-4817', 4, '2020-07-25', '2021-04-25', 1, 2),
(950, 'rodochertyqd', 'Raleigh O\'Docherty', '2003-12-10', 1, 'Male', '3cf48aa0d0de6698051819ee2a6501fd', 'rodochertyqd@marketwatch.com', '919-593-0886', 3, '2020-09-28', '2020-09-23', 1, 1),
(951, 'sbaumerqe', 'Spense Baumer', '1964-11-16', 2, 'Male', '88074eb01ab933f693aa5ec2933b2165', 'sbaumerqe@senate.gov', '415-665-7595', 4, '2019-12-12', '2020-09-13', 1, 1),
(952, 'gmaddersqf', 'Glenna Madders', '2011-09-13', 1, 'Female', 'ea7def92034a71898bbe7dd62fd464b4', 'gmaddersqf@barnesandnoble.com', '360-885-9717', 3, '2020-10-19', '2020-04-14', 1, 1),
(953, 'gclayworthqg', 'Garvy Clayworth', '1966-11-29', 3, 'Female', '61b22e833d373de747f5b6002fa73a04', 'gclayworthqg@alexa.com', '255-480-2187', 3, '2021-05-19', '2021-04-07', 1, 2),
(954, 'rnieassqh', 'Rustin Nieass', '2017-12-24', 2, 'Male', '7a8111f1ba49c0c47bcee64d8dda3142', 'rnieassqh@columbia.edu', '986-358-7898', 1, '2020-06-08', '2020-01-14', 1, 1),
(955, 'credmondqi', 'Catriona Redmond', '2010-06-13', 3, 'Male', 'bc3f0b006bcf3df85c130b2be195cf2a', 'credmondqi@sogou.com', '933-141-7154', 3, '2020-10-19', '2020-09-03', 1, 1),
(956, 'nskoylesqj', 'Niki Skoyles', '1975-01-26', 1, 'Female', 'a208555d1045ed7dcac7b02473672d32', 'nskoylesqj@bluehost.com', '954-458-8033', 2, '2021-07-30', '2021-07-05', 1, 1),
(957, 'iaseefqk', 'Izak Aseef', '2020-05-06', 3, 'Female', 'ea885c87b7e0bcf25a5c2485a71e1320', 'iaseefqk@weebly.com', '558-784-6737', 3, '2021-06-01', '2020-01-02', 1, 2),
(958, 'tmcgaheyql', 'Tilly McGahey', '1962-05-17', 1, 'Female', 'c340af266a4c73d87ac1a84e6f165884', 'tmcgaheyql@purevolume.com', '914-854-5791', 3, '2021-09-06', '2021-11-06', 1, 1),
(959, 'bessbergerqm', 'Bernardina Essberger', '1989-02-28', 1, 'Male', 'd62d654dd7722bf7d04cd227cd712f8f', 'bessbergerqm@amazon.de', '362-610-8328', 4, '2020-11-12', '2020-11-02', 1, 1),
(960, 'rwhetsonqn', 'Rori Whetson', '2007-06-13', 2, 'Female', 'f6d40ba108f936acaa3c0acb88a09865', 'rwhetsonqn@amazon.co.jp', '289-440-0265', 2, '2020-08-25', '2020-05-02', 1, 2),
(961, 'tgowdridgeqo', 'Tabbitha Gowdridge', '1971-03-11', 2, 'Female', '447c1e5e53de521176022dd15c1ff7d4', 'tgowdridgeqo@sakura.ne.jp', '991-191-1672', 2, '2020-02-26', '2020-10-28', 1, 2),
(962, 'gwinwrightqp', 'Garvy Winwright', '2008-03-29', 3, 'Female', '0dae96c9c3e08e31cfccd093591a2866', 'gwinwrightqp@e-recht24.de', '865-269-7642', 3, '2021-09-13', '2020-04-03', 1, 1),
(963, 'amaccoughenqq', 'Alanna MacCoughen', '1971-03-30', 2, 'Male', 'e56eb14ced8b5af3227f7891bf1e5156', 'amaccoughenqq@live.com', '419-652-9719', 4, '2020-07-20', '2020-09-30', 1, 2),
(964, 'jpreshousqr', 'Janelle Preshous', '1985-06-19', 1, 'Female', '12b9b2d839ad0f4663e1ec653bf54e23', 'jpreshousqr@privacy.gov.au', '164-663-1095', 1, '2021-10-25', '2021-09-27', 1, 1),
(965, 'kusherwoodqs', 'Kilian Usherwood', '2007-09-26', 3, 'Male', '72e6d7a77549b5da785f25d026c70f67', 'kusherwoodqs@parallels.com', '860-431-7496', 1, '2021-05-23', '2020-07-17', 1, 1),
(966, 'ddruceqt', 'Deonne Druce', '2009-03-19', 2, 'Male', 'e43541017fe3024897432d47dc999818', 'ddruceqt@google.co.jp', '601-111-1367', 1, '2021-08-20', '2020-09-16', 1, 1),
(967, 'gbotwrightqu', 'Gabie Botwright', '2018-01-04', 2, 'Female', 'ac85dc2117447d7b744e4985354f7284', 'gbotwrightqu@tripadvisor.com', '756-174-6445', 2, '2020-05-15', '2020-06-11', 1, 1),
(968, 'cstonallqv', 'Claretta Stonall', '1983-11-07', 2, 'Female', '5d77de5c9066396cf208e961ccb18bd7', 'cstonallqv@deviantart.com', '361-858-0851', 4, '2021-06-06', '2021-08-09', 1, 1),
(969, 'lhappelqw', 'Leeann Happel', '1971-06-27', 2, 'Female', '868eb4f37e545aca3af563ce5c14d71f', 'lhappelqw@wordpress.org', '716-931-4333', 2, '2021-08-13', '2020-02-06', 1, 1),
(970, 'bsanhamqx', 'Blake Sanham', '2007-06-15', 3, 'Male', 'db818d16c10aec166a2b1bb751d43ada', 'bsanhamqx@netscape.com', '965-439-0311', 1, '2021-06-03', '2021-11-27', 1, 2),
(971, 'ghughqy', 'Gabrila Hugh', '1980-07-25', 1, 'Male', 'd2ae9bde34843c9c2f7c7e6e71febe12', 'ghughqy@istockphoto.com', '983-910-5664', 2, '2020-07-23', '2021-08-22', 1, 2),
(972, 'dbreslauerqz', 'Dulcine Breslauer', '1992-04-01', 2, 'Male', '73a96b0df8b199b26a5f858ce82f0191', 'dbreslauerqz@bbc.co.uk', '983-980-4912', 4, '2021-03-05', '2021-09-20', 1, 1),
(973, 'pcottinghamr0', 'Paula Cottingham', '1986-05-12', 3, 'Female', 'f75ee78f151754424cfc0e1185b624f0', 'pcottinghamr0@nih.gov', '136-784-5138', 2, '2021-07-22', '2020-05-04', 1, 2),
(974, 'bder1', 'Bert De Bernardi', '2004-08-09', 1, 'Male', 'efaaab39ef0023a27d9dfcf839a3906d', 'bder1@army.mil', '487-898-6394', 1, '2021-09-13', '2021-01-27', 1, 2),
(975, 'kgoodliffr2', 'Kathrine Goodliff', '1965-01-04', 2, 'Female', 'e108a871b99c307e178804d8d320bc69', 'kgoodliffr2@ucla.edu', '916-216-3609', 4, '2020-09-02', '2020-06-13', 1, 2),
(976, 'icoreyr3', 'Ilsa Corey', '1986-09-10', 3, 'Male', 'f20cdc36d427b1010a4914d61f3f95b8', 'icoreyr3@netscape.com', '589-217-2618', 1, '2021-05-04', '2020-09-08', 1, 1),
(977, 'kgarfirthr4', 'Katharyn Garfirth', '1978-03-12', 2, 'Female', '1323b6ad6168a877939a1d852e1c195e', 'kgarfirthr4@bloomberg.com', '797-734-5460', 2, '2021-06-25', '2020-01-05', 1, 2),
(978, 'clindsellr5', 'Carlyle Lindsell', '1966-08-17', 2, 'Female', '6564a42ae75677aebac46049050d31be', 'clindsellr5@privacy.gov.au', '919-662-0485', 2, '2021-04-07', '2021-03-10', 1, 1),
(979, 'vwanklynr6', 'Verge Wanklyn', '1983-04-28', 2, 'Female', '6bf5e4ccf166a18851d6b8152b83351d', 'vwanklynr6@multiply.com', '210-275-0332', 2, '2020-06-17', '2020-11-02', 1, 2),
(980, 'tstreatr7', 'Tallou Streat', '1980-05-26', 3, 'Male', '82f81b7918f17d63963c13210a23cef7', 'tstreatr7@earthlink.net', '561-239-9178', 1, '2020-10-26', '2020-12-23', 1, 2),
(981, 'rgoshawker8', 'Rhoda Goshawke', '1993-12-22', 3, 'Male', '2992aae9a63525061b8ecd65d2d799dd', 'rgoshawker8@uiuc.edu', '389-923-8833', 2, '2020-08-24', '2020-05-26', 1, 1),
(982, 'fcostellor9', 'Frank Costello', '2018-12-12', 1, 'Male', '7085e9d7ad6d5ec826181bf7078a555e', 'fcostellor9@nature.com', '213-289-0367', 1, '2020-07-31', '2020-12-17', 1, 2),
(983, 'cmacconnechiera', 'Carlin MacConnechie', '2006-03-18', 2, 'Female', 'f2015f98709a45ec3375f721713f232e', 'cmacconnechiera@weebly.com', '329-784-5759', 2, '2020-07-30', '2020-10-27', 1, 2),
(984, 'tsibbonsrb', 'Tommy Sibbons', '2021-06-28', 2, 'Female', 'dafc2a98479ab2d7af5960d65ee8f857', 'tsibbonsrb@typepad.com', '327-324-5869', 3, '2021-03-20', '2020-09-10', 1, 1),
(985, 'lrozearc', 'Lula Rozea', '1986-12-04', 1, 'Male', '25faf0c7eeebaea504d197776b1014bf', 'lrozearc@pcworld.com', '306-677-7915', 1, '2021-07-16', '2021-08-01', 1, 2),
(986, 'vrevittrd', 'Vince Revitt', '1963-08-05', 2, 'Male', '6c0be9289b36cb1a75f4c67f3fc5d22d', 'vrevittrd@slate.com', '904-834-6292', 1, '2020-04-06', '2021-09-21', 1, 2),
(987, 'hsmeedre', 'Hagen Smeed', '1991-10-01', 3, 'Male', '569de224e8408dc2958bd5d5e883d60e', 'hsmeedre@auda.org.au', '581-382-6377', 3, '2021-10-02', '2021-03-14', 1, 2),
(988, 'brojelrf', 'Babita Rojel', '2021-11-19', 2, 'Female', 'df25d3815f3e1868c5889824326c100d', 'brojelrf@plala.or.jp', '547-474-3111', 1, '2021-02-14', '2020-10-17', 1, 2),
(989, 'zparvinrg', 'Zaccaria Parvin', '2006-02-06', 2, 'Female', '15bae6c10b07945ab07c1ea6a2bae288', 'zparvinrg@house.gov', '816-876-3758', 3, '2020-01-12', '2021-07-03', 1, 1),
(990, 'kshopcottrh', 'Kittie Shopcott', '1988-06-29', 3, 'Male', '43b96568221be43359dd4dcb0fe8e80e', 'kshopcottrh@wsj.com', '881-674-5199', 3, '2020-12-20', '2020-04-26', 1, 2),
(991, 'jculbardri', 'Jens Culbard', '1995-06-04', 1, 'Male', '38104c177f090f1f36c888392bbba246', 'jculbardri@t-online.de', '341-316-0330', 1, '2020-11-17', '2021-08-29', 1, 2),
(992, 'pkupisrj', 'Peri Kupis', '1991-07-08', 3, 'Female', '0095d3c8f5483bc9e4772b2a4253888c', 'pkupisrj@guardian.co.uk', '737-749-5129', 4, '2020-11-01', '2020-01-14', 1, 1),
(993, 'keverissrk', 'Kirstyn Everiss', '1997-03-23', 3, 'Female', '3fc7b66f7a0bd6979a22ae6c8fc334a6', 'keverissrk@prnewswire.com', '505-350-5685', 4, '2020-02-04', '2021-04-08', 1, 2),
(994, 'mmcasterrl', 'Meriel McAster', '1977-07-05', 3, 'Female', 'ce298dd89b61c520c93c91acfcc9c45c', 'mmcasterrl@linkedin.com', '596-669-6323', 1, '2020-11-15', '2021-05-25', 1, 2),
(995, 'lsymsrm', 'Lauryn Syms', '2016-09-28', 3, 'Female', 'ad70fa925f43456a641ad451b43ce70c', 'lsymsrm@weather.com', '530-505-0143', 1, '2020-05-02', '2020-02-07', 1, 1),
(996, 'fsmissenrn', 'Ferrell Smissen', '1997-02-23', 1, 'Male', '1baad8b8dd6972079efa5c674f795b1d', 'fsmissenrn@jalbum.net', '582-338-4497', 1, '2020-02-11', '2020-02-19', 1, 1),
(997, 'cculletonro', 'Carolin Culleton', '1994-11-08', 3, 'Female', 'a3ab316e795dae9373c6dc4e86af9a0a', 'cculletonro@ameblo.jp', '712-629-3489', 1, '2020-03-06', '2020-11-02', 1, 1),
(998, 'ajanosrp', 'Alvin Janos', '1986-06-20', 2, 'Male', '3c7f729d66bfe2fd90e4394e81acf9cb', 'ajanosrp@statcounter.com', '826-468-7131', 2, '2021-07-20', '2021-02-17', 1, 1),
(999, 'afazackerleyrq', 'Arney Fazackerley', '1974-02-22', 1, 'Female', '2c17843bc265f42c1518e82fa8707264', 'afazackerleyrq@moonfruit.com', '179-421-0438', 3, '2020-09-05', '2020-05-11', 1, 2),
(1000, 'mkwiekrr', 'Maryjane Kwiek', '1999-12-16', 1, 'Female', '4b2d4fd3ec6b675d608c14033b696663', 'mkwiekrr@nydailynews.com', '867-396-9360', 4, '2020-04-19', '2020-08-27', 1, 2);

-- --------------------------------------------------------

--
-- Table structure for table `order-detail`
--

DROP TABLE IF EXISTS `order-detail`;
CREATE TABLE `order-detail` (
  `product_id` int(6) UNSIGNED NOT NULL,
  `amount` int(4) UNSIGNED NOT NULL,
  `order_id` int(6) NOT NULL,
  `sum` varchar(4) NOT NULL
) ENGINE=InnoDB DEFAULT CHARSET=utf8mb4;

--
-- Dumping data for table `order-detail`
--

INSERT INTO `order-detail` (`product_id`, `amount`, `order_id`, `sum`) VALUES
(1, 1, 1, '400'),
(2, 1, 2, '600');

-- --------------------------------------------------------

--
-- Table structure for table `orders`
--

DROP TABLE IF EXISTS `orders`;
CREATE TABLE `orders` (
  `id` int(11) NOT NULL,
  `customer_id` int(11) DEFAULT NULL,
  `member_id` int(11) DEFAULT NULL,
  `payment_id` int(11) DEFAULT NULL,
  `phone` varchar(50) DEFAULT NULL,
  `status` int(11) DEFAULT NULL,
  `created_at` date DEFAULT NULL,
  `modified_at` date DEFAULT NULL
) ENGINE=InnoDB DEFAULT CHARSET=utf8mb4;

--
-- Dumping data for table `orders`
--

INSERT INTO `orders` (`id`, `customer_id`, `member_id`, `payment_id`, `phone`, `status`, `created_at`, `modified_at`) VALUES
(1, 222, 347, 5, '689-299-4917', 3, '2021-07-01', '2021-06-06'),
(2, 476, 986, 3, '290-660-5120', 0, '2021-10-19', '2021-09-07'),
(3, 584, 175, 3, '831-922-2630', 3, '2021-11-17', '2021-06-10'),
(4, 297, 998, 4, '963-911-1076', 2, '2021-09-03', '2021-11-26'),
(5, 433, 455, 3, '733-753-1040', 0, '2021-03-09', '2021-09-27'),
(6, 328, 508, 1, '187-349-2937', 5, '2021-10-25', '2021-05-02'),
(7, 513, 571, 3, '437-890-4654', 4, '2021-01-22', '2021-08-18'),
(8, 687, 459, 3, '912-372-0453', 5, '2021-11-28', '2021-07-23'),
(9, 599, 788, 4, '977-333-4246', 4, '2021-01-16', '2021-11-06'),
(10, 39, 638, 4, '715-831-7482', 3, '2021-01-06', '2021-07-24'),
(11, 423, 2, 4, '804-607-1293', 1, '2021-01-03', '2021-10-19'),
(12, 656, 585, 6, '128-550-8576', 0, '2021-08-27', '2021-05-03'),
(13, 156, 432, 5, '584-183-1281', 3, '2021-03-14', '2021-04-25'),
(14, 158, 942, 5, '229-552-2977', 3, '2021-03-25', '2021-08-12'),
(15, 695, 316, 6, '973-732-5739', 4, '2021-07-11', '2021-02-13'),
(16, 899, 916, 4, '994-767-5388', 5, '2021-10-19', '2021-03-14'),
(17, 211, 636, 4, '543-301-9839', 0, '2021-06-15', '2021-05-13'),
(18, 348, 300, 6, '984-960-4490', 0, '2020-12-25', '2021-03-28'),
(19, 575, 595, 1, '946-435-1749', 2, '2021-09-18', '2021-04-18'),
(20, 958, 478, 4, '781-990-5138', 3, '2021-06-14', '2021-09-19'),
(21, 929, 179, 3, '663-347-0343', 4, '2021-10-19', '2021-07-10'),
(22, 539, 191, 3, '502-250-8445', 1, '2021-01-01', '2021-09-04'),
(23, 468, 395, 3, '693-659-4985', 0, '2021-07-30', '2021-10-02'),
(24, 523, 136, 1, '976-858-9701', 2, '2021-01-13', '2021-05-16'),
(25, 887, 706, 1, '708-480-1402', 4, '2020-12-22', '2020-12-18'),
(26, 106, 111, 6, '315-540-4986', 2, '2021-11-06', '2021-11-21'),
(27, 937, 316, 6, '634-758-1151', 5, '2021-05-31', '2021-03-27'),
(28, 841, 469, 4, '875-533-0632', 5, '2021-03-19', '2021-01-29'),
(29, 56, 430, 4, '521-586-6127', 4, '2021-03-05', '2021-10-07'),
(30, 908, 211, 1, '183-748-1048', 4, '2021-11-09', '2021-09-10'),
(31, 563, 260, 6, '877-913-7771', 2, '2021-01-27', '2021-05-09'),
(32, 478, 451, 5, '702-771-2257', 2, '2021-01-17', '2021-06-23'),
(33, 716, 3, 6, '717-398-8974', 4, '2021-06-01', '2021-01-02'),
(34, 710, 263, 4, '777-608-3127', 3, '2021-02-19', '2021-01-30'),
(35, 220, 131, 1, '419-286-1844', 4, '2021-09-01', '2021-10-29'),
(36, 551, 684, 4, '435-907-5563', 4, '2021-01-15', '2021-06-05'),
(37, 607, 539, 4, '144-263-5281', 0, '2021-09-13', '2021-01-29'),
(38, 269, 533, 3, '818-188-7560', 4, '2021-01-06', '2021-10-16'),
(39, 294, 928, 5, '147-318-1584', 5, '2020-12-22', '2021-05-15'),
(40, 727, 210, 5, '231-742-2330', 0, '2021-06-09', '2021-03-13'),
(41, 151, 981, 2, '501-129-8721', 4, '2021-11-07', '2021-02-16'),
(42, 804, 421, 2, '956-912-7483', 1, '2021-08-14', '2021-01-07'),
(43, 897, 842, 4, '341-113-3473', 3, '2021-03-05', '2021-12-10'),
(44, 795, 140, 6, '704-807-3752', 4, '2021-07-18', '2021-06-28'),
(45, 967, 246, 6, '369-440-1536', 3, '2021-09-05', '2021-08-21'),
(46, 495, 630, 1, '777-215-0953', 5, '2021-01-21', '2021-02-25'),
(47, 694, 45, 6, '542-821-8659', 4, '2021-04-13', '2021-09-28'),
(48, 368, 791, 4, '105-742-1510', 3, '2021-09-18', '2021-11-05'),
(49, 774, 975, 5, '510-558-8479', 2, '2021-09-18', '2021-08-13'),
(50, 232, 980, 6, '167-364-7252', 3, '2021-09-29', '2021-04-15'),
(51, 459, 283, 1, '113-218-6151', 4, '2021-05-06', '2021-03-01'),
(52, 636, 285, 5, '262-544-8228', 3, '2020-12-14', '2021-06-07'),
(53, 129, 734, 1, '731-388-0576', 0, '2021-08-20', '2021-08-06'),
(54, 993, 462, 2, '799-415-6623', 3, '2021-09-19', '2021-06-26'),
(55, 655, 652, 2, '745-389-2768', 5, '2021-08-17', '2021-10-13'),
(56, 603, 46, 6, '401-652-6766', 1, '2021-02-21', '2021-02-06'),
(57, 526, 666, 5, '636-439-5417', 2, '2021-10-05', '2021-03-04'),
(58, 27, 451, 4, '812-936-7183', 2, '2021-06-27', '2021-06-25'),
(59, 879, 498, 2, '296-672-5167', 2, '2021-03-21', '2021-06-14'),
(60, 237, 402, 6, '966-317-6214', 5, '2021-10-26', '2021-10-10'),
(61, 749, 848, 1, '231-424-4238', 4, '2020-12-30', '2021-08-10'),
(62, 498, 485, 1, '162-434-6158', 5, '2021-05-18', '2021-08-29'),
(63, 172, 944, 5, '670-389-4861', 0, '2021-05-06', '2021-04-06'),
(64, 917, 18, 5, '787-593-7456', 5, '2021-08-23', '2020-12-29'),
(65, 707, 706, 4, '392-973-6922', 5, '2021-11-06', '2021-09-07'),
(66, 626, 892, 2, '368-410-3321', 4, '2021-03-31', '2021-01-27'),
(67, 427, 994, 4, '163-952-5070', 2, '2021-01-04', '2021-06-23'),
(68, 112, 631, 6, '176-751-6003', 4, '2021-08-30', '2021-05-29'),
(69, 886, 556, 6, '706-628-8591', 0, '2021-09-29', '2021-10-06'),
(70, 456, 356, 2, '579-212-6231', 3, '2021-05-08', '2021-01-28'),
(71, 385, 485, 2, '142-734-2198', 0, '2021-01-29', '2021-09-01'),
(72, 857, 491, 4, '625-475-8943', 3, '2021-05-23', '2021-01-25'),
(73, 551, 194, 3, '533-379-8783', 0, '2021-01-01', '2021-05-29'),
(74, 592, 587, 3, '537-333-2394', 5, '2021-06-24', '2021-09-03'),
(75, 879, 370, 2, '117-921-6087', 2, '2021-04-19', '2021-08-25'),
(76, 630, 803, 6, '144-678-8446', 1, '2021-05-21', '2021-10-19'),
(77, 871, 971, 3, '869-320-4889', 0, '2021-03-26', '2021-02-16'),
(78, 11, 365, 6, '692-904-1074', 3, '2021-02-16', '2020-12-24'),
(79, 51, 314, 3, '336-184-9172', 0, '2021-09-09', '2021-10-12'),
(80, 110, 808, 4, '937-613-9235', 1, '2021-01-10', '2021-09-08'),
(81, 244, 245, 3, '990-483-4543', 2, '2021-07-23', '2020-12-20'),
(82, 963, 613, 6, '217-394-3352', 2, '2021-02-12', '2021-02-14'),
(83, 788, 764, 1, '810-331-4059', 1, '2021-11-02', '2021-07-27'),
(84, 14, 349, 3, '818-674-6755', 3, '2021-03-20', '2021-11-29'),
(85, 943, 738, 1, '605-924-9044', 1, '2021-04-22', '2021-09-20'),
(86, 870, 341, 3, '445-452-5921', 0, '2021-09-19', '2021-07-24'),
(87, 932, 797, 3, '591-820-8379', 3, '2021-11-27', '2021-08-11'),
(88, 141, 898, 5, '659-983-4458', 1, '2021-08-11', '2021-04-07'),
(89, 491, 685, 3, '817-275-8861', 3, '2021-01-16', '2021-01-16'),
(90, 841, 459, 6, '758-273-4148', 1, '2021-10-04', '2020-12-27'),
(91, 569, 102, 6, '112-566-6870', 4, '2021-04-18', '2021-06-09'),
(92, 536, 509, 6, '630-539-2464', 4, '2021-02-15', '2021-09-09'),
(93, 265, 815, 2, '591-203-7861', 0, '2021-03-17', '2021-04-16'),
(94, 570, 75, 6, '493-548-0155', 5, '2021-08-06', '2021-05-04'),
(95, 393, 912, 3, '389-179-0776', 2, '2021-08-16', '2021-06-13'),
(96, 287, 185, 5, '501-494-7797', 1, '2021-09-18', '2021-08-02'),
(97, 814, 152, 1, '129-103-3182', 4, '2021-10-12', '2021-12-09'),
(98, 377, 957, 4, '649-191-2294', 1, '2021-06-22', '2021-08-22'),
(99, 639, 831, 6, '534-502-6004', 5, '2021-03-05', '2021-05-30'),
(100, 274, 175, 4, '155-844-2191', 2, '2021-09-09', '2021-03-21'),
(101, 686, 674, 6, '360-928-7073', 5, '2021-09-03', '2021-06-29'),
(102, 506, 207, 2, '584-221-0053', 1, '2021-09-19', '2021-06-24'),
(103, 153, 904, 4, '506-603-9556', 3, '2021-02-27', '2021-11-25'),
(104, 347, 983, 1, '316-987-3287', 5, '2021-10-20', '2021-12-07'),
(105, 354, 557, 6, '951-325-4750', 4, '2021-01-29', '2021-08-21'),
(106, 334, 790, 2, '800-659-5698', 0, '2021-08-05', '2021-07-26'),
(107, 498, 919, 5, '351-868-1668', 0, '2021-11-09', '2021-08-16'),
(108, 436, 885, 3, '217-293-8466', 3, '2021-05-30', '2021-02-13'),
(109, 921, 630, 4, '852-770-1429', 5, '2021-06-04', '2021-09-08'),
(110, 320, 596, 6, '193-690-3604', 1, '2021-04-04', '2021-07-06'),
(111, 533, 825, 4, '744-370-6608', 3, '2021-05-22', '2020-12-29'),
(112, 69, 646, 1, '870-359-2799', 5, '2021-09-04', '2021-03-15'),
(113, 617, 354, 2, '710-257-8394', 2, '2021-02-07', '2021-05-16'),
(114, 208, 837, 3, '459-133-3051', 3, '2021-03-31', '2021-09-03'),
(115, 913, 373, 5, '316-578-8479', 1, '2021-11-08', '2021-05-03'),
(116, 14, 518, 4, '400-952-1778', 3, '2021-01-22', '2021-01-16'),
(117, 105, 858, 5, '793-799-0829', 4, '2021-10-27', '2021-07-27'),
(118, 567, 847, 3, '539-612-2497', 2, '2021-11-29', '2021-02-28'),
(119, 443, 164, 1, '668-759-3886', 0, '2021-03-22', '2021-10-25'),
(120, 188, 355, 6, '385-546-0174', 1, '2021-03-03', '2021-02-24'),
(121, 586, 890, 2, '926-451-0032', 5, '2021-07-22', '2021-07-26'),
(122, 278, 855, 4, '488-659-8059', 2, '2021-07-03', '2021-08-09'),
(123, 559, 43, 3, '999-140-5822', 5, '2020-12-15', '2021-01-17'),
(124, 278, 522, 5, '757-855-9875', 1, '2021-06-15', '2021-02-22'),
(125, 429, 440, 3, '412-559-2599', 5, '2021-07-11', '2021-05-05'),
(126, 717, 521, 2, '996-215-5411', 2, '2021-08-11', '2021-07-16'),
(127, 176, 478, 6, '570-763-8224', 0, '2021-06-24', '2021-06-14'),
(128, 936, 298, 2, '494-838-1676', 5, '2021-05-16', '2021-11-08'),
(129, 459, 927, 3, '120-539-4672', 4, '2021-06-24', '2021-07-31'),
(130, 949, 314, 6, '489-679-1505', 0, '2021-06-09', '2021-11-13'),
(131, 41, 46, 3, '591-361-5694', 5, '2021-02-15', '2021-04-17'),
(132, 662, 161, 3, '481-642-9853', 3, '2021-07-16', '2021-01-21'),
(133, 306, 752, 3, '693-497-2759', 2, '2021-07-21', '2021-11-23'),
(134, 249, 727, 2, '226-170-8652', 4, '2021-11-17', '2021-06-15'),
(135, 303, 419, 3, '302-585-8396', 1, '2021-02-26', '2021-11-13'),
(136, 760, 820, 5, '495-508-0826', 0, '2021-08-30', '2021-06-02'),
(137, 31, 673, 3, '321-876-5117', 4, '2021-10-28', '2021-10-11'),
(138, 445, 724, 5, '413-119-1729', 2, '2021-11-08', '2021-10-22'),
(139, 784, 253, 4, '354-322-5658', 5, '2021-01-17', '2021-05-11'),
(140, 537, 718, 6, '118-213-3236', 5, '2021-01-27', '2021-06-14'),
(141, 717, 301, 4, '829-709-8247', 0, '2021-11-07', '2020-12-11'),
(142, 335, 250, 3, '333-939-8742', 3, '2021-03-26', '2021-01-26'),
(143, 811, 802, 3, '908-813-0118', 5, '2021-05-06', '2021-08-23'),
(144, 250, 529, 2, '478-514-4311', 5, '2021-06-15', '2021-05-20'),
(145, 60, 981, 4, '704-480-4272', 3, '2021-07-25', '2021-09-02'),
(146, 680, 988, 2, '547-106-3506', 0, '2021-04-19', '2021-08-31'),
(147, 357, 476, 3, '468-284-9807', 4, '2021-08-31', '2021-08-19'),
(148, 28, 30, 4, '684-806-8897', 1, '2021-04-11', '2021-06-10'),
(149, 163, 753, 3, '925-205-8539', 2, '2021-05-12', '2021-07-11'),
(150, 397, 921, 4, '881-753-7127', 1, '2021-06-04', '2021-08-15'),
(151, 491, 426, 3, '777-329-7350', 1, '2021-08-14', '2021-06-08'),
(152, 907, 612, 3, '646-525-9170', 0, '2021-06-28', '2021-11-23'),
(153, 636, 763, 6, '326-433-9020', 1, '2021-04-11', '2021-10-22'),
(154, 786, 154, 6, '629-759-8133', 0, '2021-04-06', '2021-07-03'),
(155, 678, 758, 5, '161-564-0469', 0, '2021-03-09', '2020-12-17'),
(156, 43, 173, 5, '323-933-2770', 2, '2021-06-09', '2021-08-29'),
(157, 809, 837, 2, '548-720-2930', 2, '2021-11-27', '2021-11-17'),
(158, 824, 404, 4, '512-154-4856', 3, '2021-08-30', '2021-01-14'),
(159, 431, 551, 6, '172-353-7707', 4, '2021-05-26', '2021-09-08'),
(160, 323, 816, 5, '218-875-2914', 4, '2021-12-10', '2021-06-28'),
(161, 234, 165, 6, '630-938-0341', 1, '2021-10-23', '2021-04-15'),
(162, 484, 740, 2, '530-472-6024', 5, '2021-11-18', '2021-09-26'),
(163, 898, 585, 4, '584-753-0651', 1, '2021-09-27', '2021-09-21'),
(164, 284, 890, 1, '586-645-5455', 2, '2021-05-21', '2021-02-16'),
(165, 415, 131, 4, '358-239-9200', 5, '2021-10-27', '2021-08-15'),
(166, 658, 894, 1, '391-954-2462', 4, '2021-11-24', '2020-12-24'),
(167, 9, 314, 3, '475-422-7093', 4, '2020-12-17', '2021-11-20'),
(168, 461, 972, 1, '246-344-6990', 4, '2021-09-10', '2021-07-05'),
(169, 669, 393, 5, '985-217-1372', 4, '2021-05-17', '2021-01-17'),
(170, 755, 148, 4, '514-829-8806', 1, '2021-02-28', '2021-03-04'),
(171, 486, 48, 4, '997-191-9925', 5, '2021-03-26', '2021-06-22'),
(172, 980, 364, 3, '901-191-8199', 0, '2021-07-15', '2021-06-11'),
(173, 781, 132, 1, '320-414-6725', 4, '2021-04-20', '2021-01-10'),
(174, 242, 671, 4, '228-581-6443', 2, '2021-06-27', '2021-09-03'),
(175, 706, 673, 5, '501-511-3220', 3, '2020-12-14', '2021-05-02'),
(176, 446, 87, 5, '221-382-4923', 2, '2021-04-06', '2021-02-26'),
(177, 234, 269, 4, '453-109-3980', 3, '2021-04-09', '2021-11-07'),
(178, 179, 442, 2, '835-151-6271', 2, '2021-06-13', '2021-01-15'),
(179, 721, 279, 1, '931-385-3925', 3, '2021-05-15', '2021-08-14'),
(180, 45, 174, 2, '598-186-4262', 3, '2021-05-05', '2021-10-29'),
(181, 449, 536, 1, '569-996-3785', 4, '2021-03-03', '2021-06-21'),
(182, 210, 564, 6, '291-891-8125', 0, '2021-02-25', '2021-03-06'),
(183, 193, 941, 3, '886-938-1169', 2, '2021-02-11', '2021-11-18'),
(184, 983, 623, 1, '980-913-3738', 5, '2021-01-29', '2021-10-30'),
(185, 307, 793, 1, '830-113-5751', 1, '2021-02-15', '2021-04-17'),
(186, 92, 713, 5, '361-291-7594', 1, '2021-09-20', '2021-05-20'),
(187, 284, 996, 1, '977-582-5030', 5, '2021-11-06', '2021-09-02'),
(188, 953, 932, 1, '574-280-3596', 5, '2021-02-27', '2021-10-18'),
(189, 832, 847, 6, '821-193-8543', 5, '2021-03-30', '2021-11-06'),
(190, 552, 96, 5, '413-686-1451', 0, '2021-05-29', '2021-11-15'),
(191, 428, 409, 3, '488-493-2517', 3, '2021-04-16', '2021-06-12'),
(192, 435, 225, 3, '640-262-3372', 3, '2021-06-15', '2020-12-30'),
(193, 210, 360, 3, '235-628-9765', 0, '2021-02-27', '2021-03-19'),
(194, 542, 886, 1, '305-841-9601', 5, '2021-09-27', '2021-03-18'),
(195, 270, 767, 3, '979-954-4677', 1, '2021-03-09', '2021-07-21'),
(196, 750, 158, 3, '540-434-8888', 5, '2021-10-10', '2021-08-16'),
(197, 343, 647, 3, '608-679-4830', 5, '2021-11-11', '2021-02-01'),
(198, 385, 503, 6, '938-670-4904', 1, '2021-10-13', '2021-01-13'),
(199, 543, 25, 5, '241-930-3436', 2, '2020-12-23', '2021-11-17'),
(200, 361, 64, 6, '270-215-8515', 5, '2021-06-21', '2021-08-08'),
(201, 383, 414, 5, '715-803-9547', 2, '2021-07-01', '2021-04-22'),
(202, 354, 80, 3, '234-705-5038', 1, '2021-08-15', '2021-08-03'),
(203, 539, 857, 1, '990-119-4216', 4, '2021-06-16', '2021-08-16'),
(204, 719, 797, 6, '828-812-6612', 0, '2021-11-04', '2021-06-07'),
(205, 902, 40, 6, '943-270-2587', 3, '2021-10-23', '2021-02-04'),
(206, 596, 763, 4, '589-957-4089', 2, '2021-06-26', '2021-05-28'),
(207, 106, 551, 5, '645-291-0366', 5, '2021-04-20', '2021-11-14'),
(208, 379, 362, 3, '270-411-3829', 2, '2021-05-11', '2021-01-19'),
(209, 85, 389, 4, '434-822-2543', 2, '2021-10-07', '2021-08-17'),
(210, 324, 913, 6, '971-488-0714', 4, '2021-02-17', '2021-02-11'),
(211, 679, 422, 4, '665-817-9210', 5, '2021-03-03', '2021-01-12'),
(212, 417, 288, 5, '685-643-2686', 5, '2021-04-08', '2021-05-18'),
(213, 594, 639, 5, '531-786-9013', 0, '2021-06-11', '2021-09-03'),
(214, 890, 623, 2, '419-104-3767', 5, '2021-08-25', '2021-09-28'),
(215, 349, 213, 6, '933-180-3836', 5, '2021-03-09', '2021-06-17'),
(216, 507, 815, 4, '681-154-5951', 5, '2020-12-28', '2021-11-15'),
(217, 789, 417, 6, '194-700-3118', 2, '2021-08-10', '2021-09-30'),
(218, 485, 102, 2, '702-543-4003', 4, '2021-08-02', '2021-06-16'),
(219, 464, 818, 3, '657-513-7384', 0, '2021-04-20', '2021-01-01'),
(220, 931, 338, 5, '542-581-6748', 4, '2021-02-12', '2021-08-09'),
(221, 170, 154, 4, '206-734-5903', 2, '2021-04-18', '2021-02-21'),
(222, 600, 261, 5, '611-417-3390', 2, '2021-09-16', '2021-02-05'),
(223, 260, 751, 4, '267-526-3476', 5, '2020-12-19', '2021-02-20'),
(224, 822, 103, 1, '787-732-8463', 2, '2021-01-31', '2020-12-28'),
(225, 705, 296, 1, '936-526-3799', 0, '2021-09-09', '2021-09-06'),
(226, 375, 684, 4, '311-391-6157', 5, '2021-03-10', '2021-09-08'),
(227, 359, 285, 2, '430-703-4426', 4, '2021-01-01', '2021-07-09'),
(228, 665, 871, 5, '793-811-9527', 5, '2021-01-27', '2021-08-17'),
(229, 554, 299, 2, '513-926-0435', 2, '2021-09-11', '2021-05-03'),
(230, 156, 151, 2, '593-281-3769', 1, '2021-03-23', '2021-04-12'),
(231, 957, 269, 4, '698-462-8349', 3, '2021-09-05', '2021-06-16'),
(232, 998, 605, 1, '856-912-1233', 2, '2021-07-20', '2021-10-29'),
(233, 279, 834, 3, '927-107-0576', 3, '2021-03-01', '2021-08-15'),
(234, 153, 614, 3, '221-553-4804', 1, '2021-09-28', '2021-02-06'),
(235, 406, 858, 1, '941-932-6406', 1, '2021-04-13', '2021-04-26'),
(236, 511, 317, 2, '149-183-2652', 5, '2021-04-06', '2021-02-18'),
(237, 391, 996, 5, '226-942-1996', 1, '2020-12-18', '2021-07-18'),
(238, 361, 700, 6, '534-425-6806', 3, '2021-06-20', '2021-11-04'),
(239, 853, 50, 2, '733-241-6262', 4, '2021-11-12', '2021-11-21'),
(240, 718, 513, 5, '297-340-8297', 0, '2021-07-01', '2021-09-29'),
(241, 198, 298, 6, '134-935-3457', 3, '2021-03-24', '2021-10-01'),
(242, 146, 856, 4, '669-451-4014', 5, '2021-01-28', '2021-07-04'),
(243, 968, 625, 4, '216-488-6578', 0, '2021-09-09', '2021-03-26'),
(244, 826, 650, 1, '471-404-8496', 0, '2021-11-27', '2021-07-20'),
(245, 657, 355, 6, '902-735-8738', 1, '2021-05-14', '2021-06-09'),
(246, 402, 694, 4, '426-496-8264', 3, '2021-04-22', '2021-02-05'),
(247, 7, 81, 3, '901-568-6354', 4, '2021-05-24', '2021-03-23'),
(248, 195, 802, 6, '267-772-7511', 3, '2021-09-04', '2021-03-01'),
(249, 115, 82, 3, '912-594-8541', 0, '2021-08-08', '2021-05-20'),
(250, 416, 394, 2, '643-517-6574', 2, '2021-06-30', '2021-03-24'),
(251, 750, 804, 2, '956-476-2957', 4, '2021-01-09', '2020-12-20'),
(252, 2, 139, 4, '247-566-7098', 5, '2021-04-23', '2021-03-30'),
(253, 295, 793, 1, '986-290-1475', 2, '2021-06-29', '2020-12-22'),
(254, 128, 410, 2, '106-250-1733', 3, '2021-09-15', '2021-09-17'),
(255, 705, 93, 1, '995-271-1297', 0, '2021-12-01', '2021-07-25'),
(256, 501, 264, 3, '343-715-2170', 3, '2021-08-08', '2021-01-13'),
(257, 712, 911, 3, '542-667-2112', 4, '2021-02-23', '2021-03-11'),
(258, 229, 535, 6, '865-119-4260', 0, '2021-09-13', '2021-01-18'),
(259, 775, 334, 1, '355-321-4760', 3, '2021-09-08', '2021-08-18'),
(260, 961, 837, 1, '397-402-3225', 4, '2021-01-12', '2021-03-27'),
(261, 692, 274, 5, '708-750-4209', 0, '2020-12-16', '2021-10-26'),
(262, 183, 550, 2, '273-970-2794', 0, '2021-03-27', '2021-12-02'),
(263, 355, 822, 6, '179-134-6137', 1, '2021-05-19', '2021-02-03'),
(264, 715, 320, 3, '755-155-3600', 2, '2020-12-15', '2021-01-03'),
(265, 430, 336, 5, '373-727-8149', 2, '2021-11-03', '2021-01-31'),
(266, 675, 953, 6, '308-871-6802', 1, '2021-05-17', '2021-09-02'),
(267, 961, 291, 1, '935-501-2925', 1, '2021-02-09', '2021-07-31'),
(268, 534, 801, 1, '412-682-9386', 2, '2021-04-24', '2021-01-19'),
(269, 140, 406, 1, '503-487-7845', 4, '2020-12-15', '2020-12-25'),
(270, 200, 543, 6, '380-728-6425', 5, '2021-03-01', '2021-05-23'),
(271, 57, 192, 1, '737-679-7387', 0, '2021-05-09', '2021-03-08'),
(272, 208, 313, 5, '119-518-1249', 2, '2021-07-18', '2021-09-12'),
(273, 134, 572, 1, '500-795-4451', 1, '2021-04-30', '2021-08-21'),
(274, 318, 236, 3, '447-947-8767', 2, '2020-12-30', '2021-04-13'),
(275, 228, 723, 3, '440-298-1030', 1, '2021-02-01', '2021-04-05'),
(276, 606, 67, 4, '414-639-5830', 4, '2021-10-30', '2020-12-11'),
(277, 939, 956, 1, '268-458-2021', 0, '2021-01-28', '2021-01-27'),
(278, 143, 732, 2, '576-615-6964', 3, '2021-01-05', '2021-07-20'),
(279, 964, 630, 6, '833-873-4924', 5, '2021-11-26', '2021-03-23'),
(280, 921, 829, 6, '759-358-5614', 0, '2021-07-08', '2021-04-08'),
(281, 732, 684, 1, '990-816-8318', 3, '2021-06-01', '2021-07-09'),
(282, 419, 330, 3, '616-212-7392', 3, '2021-06-21', '2021-04-06'),
(283, 244, 901, 1, '486-672-4231', 5, '2021-09-25', '2021-01-01'),
(284, 454, 334, 1, '442-806-8952', 1, '2021-01-09', '2021-07-17'),
(285, 153, 407, 2, '916-616-6142', 1, '2021-01-01', '2021-09-16'),
(286, 179, 388, 4, '911-147-4804', 1, '2021-06-23', '2021-08-25'),
(287, 842, 610, 5, '881-719-6417', 1, '2021-11-16', '2021-11-02'),
(288, 517, 106, 2, '394-352-9766', 2, '2021-10-25', '2021-10-01'),
(289, 347, 975, 6, '908-428-3337', 2, '2021-06-11', '2021-10-12'),
(290, 456, 192, 1, '208-759-7701', 3, '2021-08-12', '2021-09-26'),
(291, 626, 609, 1, '483-587-4729', 3, '2021-10-19', '2021-04-04'),
(292, 972, 755, 4, '771-763-0643', 3, '2021-09-25', '2021-02-10'),
(293, 347, 140, 5, '185-614-5310', 3, '2021-07-13', '2021-01-25'),
(294, 656, 395, 1, '240-214-9180', 5, '2021-01-21', '2021-04-19'),
(295, 641, 817, 6, '767-659-9653', 0, '2021-08-30', '2021-05-21'),
(296, 186, 339, 3, '222-233-8519', 3, '2020-12-16', '2021-07-02'),
(297, 748, 712, 1, '592-311-9319', 5, '2021-02-24', '2021-08-25'),
(298, 496, 856, 1, '579-601-6997', 4, '2021-01-24', '2021-04-04'),
(299, 228, 649, 4, '318-253-3276', 0, '2021-11-21', '2021-07-22'),
(300, 372, 867, 6, '154-604-5273', 2, '2021-03-31', '2021-09-30'),
(301, 743, 831, 2, '443-307-7309', 0, '2021-10-14', '2021-02-09'),
(302, 544, 443, 5, '737-835-6973', 1, '2021-07-26', '2021-09-04'),
(303, 521, 499, 3, '647-147-9577', 1, '2021-03-07', '2021-03-28'),
(304, 918, 619, 2, '335-488-0478', 3, '2021-04-10', '2021-10-11'),
(305, 591, 228, 5, '121-801-3420', 3, '2021-11-21', '2021-06-04'),
(306, 961, 744, 4, '947-402-4251', 4, '2020-12-31', '2021-06-13'),
(307, 137, 746, 2, '560-463-3449', 0, '2021-04-05', '2021-02-26'),
(308, 317, 928, 4, '250-688-3093', 3, '2021-04-19', '2021-05-07'),
(309, 212, 634, 4, '394-901-2369', 4, '2021-03-03', '2021-09-13'),
(310, 888, 951, 3, '634-409-6742', 4, '2021-12-07', '2021-11-15'),
(311, 552, 964, 4, '173-925-9081', 1, '2020-12-16', '2021-03-01'),
(312, 506, 139, 5, '129-423-4548', 5, '2021-01-13', '2021-12-01'),
(313, 311, 470, 6, '878-771-4184', 4, '2021-06-21', '2021-02-26'),
(314, 237, 652, 3, '724-452-5608', 5, '2021-07-08', '2021-01-13'),
(315, 3, 988, 6, '249-427-4401', 0, '2021-04-04', '2021-03-24'),
(316, 485, 777, 6, '701-730-7113', 3, '2021-11-21', '2021-07-30'),
(317, 905, 397, 6, '588-582-9807', 0, '2021-07-22', '2021-10-03'),
(318, 545, 973, 2, '891-861-0302', 4, '2021-07-07', '2021-05-19'),
(319, 895, 231, 6, '933-189-8733', 5, '2021-01-10', '2021-10-02'),
(320, 833, 449, 1, '370-718-6623', 0, '2021-10-30', '2021-02-13'),
(321, 388, 105, 1, '772-119-5629', 4, '2021-04-17', '2021-05-29'),
(322, 416, 79, 5, '185-944-2678', 5, '2020-12-11', '2021-01-17'),
(323, 249, 796, 3, '900-866-9588', 2, '2021-07-22', '2021-02-11'),
(324, 250, 611, 6, '955-335-4752', 4, '2021-11-26', '2021-10-28'),
(325, 867, 148, 4, '256-129-8905', 2, '2021-10-12', '2021-11-09'),
(326, 806, 140, 5, '818-245-6857', 3, '2021-04-09', '2021-03-19'),
(327, 936, 656, 5, '866-885-7091', 5, '2021-03-19', '2021-06-21'),
(328, 361, 527, 5, '936-557-4383', 4, '2021-03-07', '2021-06-16'),
(329, 665, 526, 4, '793-844-9040', 0, '2021-09-08', '2021-04-14'),
(330, 929, 476, 3, '150-144-2565', 3, '2021-09-06', '2021-11-12'),
(331, 183, 978, 1, '838-850-3957', 5, '2021-10-29', '2021-12-01'),
(332, 715, 556, 6, '423-550-7484', 4, '2021-06-10', '2021-04-12'),
(333, 932, 61, 5, '135-444-6412', 4, '2021-03-18', '2021-03-27'),
(334, 998, 476, 5, '307-357-4124', 0, '2021-07-13', '2021-05-08'),
(335, 17, 158, 5, '546-590-2344', 3, '2021-09-25', '2021-10-30'),
(336, 701, 133, 4, '319-348-8343', 1, '2021-08-15', '2021-11-08'),
(337, 411, 646, 2, '124-706-1686', 3, '2021-05-25', '2021-09-29'),
(338, 650, 680, 4, '975-732-2540', 5, '2021-06-07', '2021-03-17'),
(339, 985, 347, 1, '728-104-0041', 3, '2021-02-11', '2021-01-31'),
(340, 258, 1, 3, '754-316-3479', 0, '2021-05-23', '2021-09-02'),
(341, 572, 600, 2, '592-102-5318', 3, '2021-06-11', '2021-01-17'),
(342, 75, 805, 1, '913-986-5166', 5, '2021-12-01', '2021-08-17'),
(343, 443, 159, 4, '684-861-3813', 2, '2021-07-31', '2021-05-23'),
(344, 245, 679, 4, '173-325-6187', 2, '2021-03-21', '2021-02-02'),
(345, 516, 705, 4, '531-678-7352', 0, '2021-03-24', '2021-01-18'),
(346, 205, 307, 5, '449-134-0649', 0, '2021-12-07', '2021-01-30'),
(347, 930, 767, 5, '423-137-4014', 4, '2021-12-02', '2021-09-01'),
(348, 512, 737, 2, '387-735-6480', 5, '2021-11-06', '2021-06-17'),
(349, 994, 239, 4, '872-274-4001', 0, '2021-02-07', '2021-06-03'),
(350, 712, 387, 1, '106-516-7989', 1, '2020-12-11', '2021-06-07'),
(351, 120, 492, 1, '366-842-4161', 1, '2021-01-14', '2021-01-02'),
(352, 335, 430, 3, '607-596-7350', 0, '2021-09-01', '2021-01-07'),
(353, 205, 31, 1, '116-996-2840', 1, '2021-10-25', '2021-08-08'),
(354, 377, 596, 3, '288-673-9363', 2, '2021-07-16', '2021-10-15'),
(355, 403, 221, 1, '208-744-5085', 4, '2021-04-02', '2021-02-27'),
(356, 779, 479, 6, '454-196-0809', 1, '2021-03-18', '2021-09-11'),
(357, 832, 64, 6, '354-449-9189', 1, '2021-06-21', '2021-02-17'),
(358, 232, 708, 3, '279-731-7800', 1, '2020-12-27', '2021-05-16'),
(359, 182, 164, 4, '546-390-2422', 4, '2021-01-03', '2021-06-01'),
(360, 785, 385, 4, '469-682-9764', 4, '2021-09-16', '2021-08-26'),
(361, 229, 786, 2, '829-259-3158', 4, '2021-04-26', '2021-03-05'),
(362, 807, 958, 5, '655-288-0153', 2, '2021-05-06', '2021-03-16'),
(363, 991, 656, 4, '476-623-0355', 4, '2021-10-09', '2021-10-07'),
(364, 639, 776, 1, '436-665-4202', 2, '2021-11-01', '2021-07-10'),
(365, 883, 277, 3, '887-441-3569', 1, '2021-02-08', '2021-03-15'),
(366, 96, 110, 3, '647-630-0356', 5, '2021-02-26', '2021-01-08'),
(367, 971, 752, 6, '374-657-3014', 0, '2021-08-15', '2021-10-05'),
(368, 108, 456, 4, '730-205-6978', 5, '2021-08-17', '2021-02-12'),
(369, 428, 33, 1, '151-477-8186', 4, '2021-05-15', '2021-03-06'),
(370, 362, 629, 3, '284-670-2979', 3, '2021-09-15', '2021-09-17'),
(371, 128, 900, 4, '888-148-0709', 0, '2021-07-26', '2021-03-18'),
(372, 930, 193, 1, '213-432-3663', 4, '2021-10-12', '2021-11-24'),
(373, 723, 720, 6, '475-992-8642', 3, '2021-08-25', '2021-01-20'),
(374, 351, 455, 5, '516-124-6986', 3, '2020-12-27', '2020-12-12'),
(375, 441, 422, 2, '559-268-0957', 1, '2021-08-25', '2021-07-19'),
(376, 819, 629, 5, '552-309-8842', 3, '2021-03-01', '2021-02-26'),
(377, 537, 279, 2, '977-369-2774', 5, '2021-10-08', '2021-09-26'),
(378, 24, 828, 5, '731-632-0022', 4, '2021-03-14', '2021-06-17'),
(379, 713, 954, 2, '447-717-7533', 1, '2021-10-31', '2021-03-17'),
(380, 978, 209, 1, '900-594-4711', 5, '2021-07-17', '2021-06-27'),
(381, 155, 8, 1, '707-361-6093', 2, '2021-11-14', '2021-09-02'),
(382, 928, 837, 1, '436-992-0138', 1, '2021-09-06', '2021-06-17'),
(383, 386, 663, 4, '939-489-4775', 0, '2021-03-30', '2021-01-04'),
(384, 194, 45, 3, '379-205-5011', 4, '2021-01-27', '2021-05-18'),
(385, 949, 335, 4, '627-716-4496', 3, '2021-03-30', '2021-03-19'),
(386, 814, 629, 1, '147-172-8929', 4, '2021-03-13', '2021-06-02'),
(387, 964, 659, 1, '310-339-5408', 1, '2021-09-08', '2021-09-27'),
(388, 281, 135, 3, '263-974-5813', 3, '2021-09-07', '2021-10-29'),
(389, 645, 77, 1, '893-465-1646', 1, '2021-06-01', '2021-01-21'),
(390, 991, 137, 2, '558-197-7337', 4, '2021-07-19', '2021-10-25'),
(391, 317, 312, 3, '205-648-5080', 2, '2021-01-04', '2021-11-02'),
(392, 256, 351, 1, '754-480-8514', 2, '2021-08-21', '2021-10-08'),
(393, 605, 755, 5, '360-132-6234', 2, '2021-12-09', '2021-06-09'),
(394, 213, 644, 4, '732-243-6286', 1, '2021-02-22', '2021-10-01'),
(395, 852, 13, 2, '283-687-1852', 4, '2021-04-25', '2021-05-05'),
(396, 428, 7, 5, '914-213-6029', 3, '2021-04-29', '2021-03-03'),
(397, 543, 480, 6, '794-306-2770', 4, '2020-12-26', '2021-06-25'),
(398, 851, 498, 6, '520-841-9432', 0, '2021-10-27', '2021-03-20'),
(399, 315, 4, 1, '904-310-7493', 2, '2021-04-24', '2021-08-14'),
(400, 755, 760, 3, '259-518-1098', 2, '2021-07-29', '2021-05-18'),
(401, 803, 385, 3, '346-671-0365', 5, '2021-09-30', '2021-10-11'),
(402, 859, 523, 4, '699-356-5697', 4, '2021-01-26', '2021-08-11'),
(403, 318, 587, 1, '292-800-0790', 3, '2021-10-29', '2021-07-13'),
(404, 503, 846, 5, '347-644-0984', 3, '2021-05-20', '2021-07-27'),
(405, 870, 907, 4, '213-375-4053', 1, '2021-11-04', '2021-08-15'),
(406, 987, 533, 5, '272-992-7629', 3, '2021-02-13', '2021-09-04'),
(407, 307, 970, 4, '972-442-9357', 5, '2021-02-11', '2021-01-19'),
(408, 516, 350, 5, '100-412-2559', 2, '2021-03-31', '2021-09-30'),
(409, 479, 771, 2, '140-734-7584', 4, '2021-05-16', '2021-10-27'),
(410, 428, 42, 6, '275-183-0220', 4, '2021-05-20', '2021-10-16'),
(411, 166, 142, 2, '831-110-6313', 1, '2021-01-24', '2021-04-25'),
(412, 314, 913, 2, '305-398-9120', 0, '2021-06-27', '2021-01-23'),
(413, 625, 189, 5, '883-725-9582', 5, '2021-02-01', '2021-07-01'),
(414, 454, 771, 3, '110-396-9603', 4, '2021-09-25', '2021-08-01'),
(415, 504, 706, 5, '172-954-1668', 0, '2021-02-17', '2021-11-17'),
(416, 49, 996, 4, '868-490-8939', 5, '2021-07-07', '2021-07-28'),
(417, 141, 135, 1, '627-726-4005', 1, '2021-02-14', '2021-05-31'),
(418, 465, 71, 4, '404-787-6957', 0, '2021-03-14', '2021-09-20'),
(419, 784, 52, 4, '728-808-4937', 5, '2021-07-12', '2021-01-10'),
(420, 556, 629, 1, '349-354-1351', 4, '2020-12-11', '2021-07-23'),
(421, 852, 577, 2, '963-422-3330', 2, '2021-01-07', '2021-06-15'),
(422, 662, 795, 3, '902-926-7507', 0, '2021-02-25', '2021-02-17'),
(423, 343, 52, 1, '300-833-3261', 3, '2021-02-27', '2021-10-15'),
(424, 870, 710, 3, '192-215-3357', 5, '2021-01-01', '2021-11-12'),
(425, 359, 495, 3, '533-762-9586', 2, '2020-12-11', '2021-08-01'),
(426, 284, 993, 3, '909-331-7539', 0, '2021-03-11', '2021-06-30'),
(427, 617, 633, 3, '779-881-8300', 2, '2021-07-18', '2021-01-10'),
(428, 653, 676, 2, '725-546-2019', 5, '2021-11-26', '2021-01-27'),
(429, 816, 928, 4, '873-276-2122', 3, '2021-02-26', '2021-11-23'),
(430, 11, 246, 5, '433-870-9829', 2, '2021-06-12', '2021-08-17'),
(431, 962, 468, 4, '856-620-4825', 1, '2021-04-06', '2021-07-14'),
(432, 994, 792, 1, '552-488-0436', 2, '2021-05-01', '2021-03-06'),
(433, 548, 362, 2, '592-519-3186', 2, '2021-01-23', '2021-12-08'),
(434, 991, 283, 2, '381-442-9941', 4, '2021-11-29', '2020-12-11'),
(435, 459, 953, 2, '769-486-8154', 5, '2021-11-01', '2021-08-03'),
(436, 923, 375, 1, '963-944-6854', 4, '2021-09-24', '2021-10-20'),
(437, 327, 613, 5, '269-260-0585', 4, '2021-09-17', '2021-03-17'),
(438, 829, 52, 5, '502-872-5817', 0, '2021-11-23', '2021-08-29'),
(439, 692, 419, 2, '152-786-8779', 4, '2021-03-04', '2021-04-07'),
(440, 321, 827, 4, '953-592-3206', 2, '2021-03-02', '2021-01-26'),
(441, 171, 375, 1, '284-780-6077', 0, '2021-02-16', '2020-12-25'),
(442, 272, 142, 3, '977-455-9759', 5, '2021-08-07', '2021-03-07'),
(443, 274, 976, 2, '880-316-3053', 3, '2021-11-16', '2021-10-05'),
(444, 516, 614, 2, '319-269-8726', 5, '2020-12-25', '2021-01-31'),
(445, 19, 296, 1, '657-412-4561', 2, '2021-01-09', '2021-08-11'),
(446, 471, 797, 4, '137-905-9919', 3, '2021-03-31', '2021-02-07'),
(447, 543, 556, 6, '454-811-8198', 3, '2021-09-10', '2021-07-20'),
(448, 853, 993, 2, '341-372-7108', 3, '2021-07-16', '2021-11-02'),
(449, 368, 952, 4, '616-794-8586', 4, '2021-07-27', '2021-09-29'),
(450, 921, 471, 3, '301-144-0026', 5, '2021-04-19', '2020-12-21'),
(451, 402, 562, 3, '627-141-2225', 2, '2021-03-28', '2021-10-12'),
(452, 15, 565, 5, '804-955-7585', 2, '2021-06-22', '2021-08-16'),
(453, 855, 656, 4, '864-901-5526', 2, '2021-11-12', '2021-09-25'),
(454, 230, 972, 3, '856-140-9181', 3, '2020-12-24', '2021-09-17'),
(455, 521, 242, 4, '247-247-1237', 3, '2021-05-28', '2021-07-07'),
(456, 683, 25, 1, '728-258-1467', 2, '2021-02-01', '2020-12-26'),
(457, 956, 943, 6, '180-751-0977', 2, '2021-01-22', '2021-03-31'),
(458, 435, 486, 5, '416-257-6986', 0, '2021-06-05', '2021-06-27'),
(459, 983, 22, 1, '710-866-6117', 3, '2021-07-26', '2021-04-16'),
(460, 54, 323, 5, '693-899-0344', 1, '2021-07-12', '2021-01-23'),
(461, 880, 661, 2, '661-322-1477', 5, '2021-01-23', '2021-06-22'),
(462, 797, 781, 3, '922-767-3087', 3, '2021-02-16', '2021-08-22'),
(463, 177, 452, 6, '915-461-6318', 1, '2021-06-24', '2021-05-01'),
(464, 109, 954, 2, '639-718-4988', 2, '2021-06-12', '2021-05-24'),
(465, 876, 211, 1, '701-137-0568', 4, '2021-08-13', '2021-02-18'),
(466, 254, 962, 1, '485-830-7395', 0, '2021-06-27', '2021-10-07'),
(467, 130, 72, 4, '967-259-8963', 4, '2021-11-28', '2021-06-30'),
(468, 147, 173, 4, '871-554-6775', 3, '2021-10-23', '2021-11-30'),
(469, 615, 364, 2, '278-116-6002', 1, '2021-01-31', '2021-03-05'),
(470, 858, 285, 2, '123-621-9026', 5, '2021-07-08', '2021-09-04'),
(471, 995, 99, 2, '755-724-2227', 3, '2021-07-13', '2021-05-24'),
(472, 242, 328, 1, '262-298-1841', 1, '2021-09-29', '2021-01-10'),
(473, 944, 81, 5, '166-242-0959', 5, '2020-12-30', '2021-11-04'),
(474, 757, 374, 4, '243-491-0182', 2, '2021-09-18', '2021-03-06'),
(475, 491, 633, 2, '429-973-0394', 3, '2021-10-22', '2021-12-09'),
(476, 672, 528, 6, '780-404-1984', 0, '2021-01-28', '2020-12-27'),
(477, 854, 814, 6, '932-830-7344', 0, '2021-10-27', '2021-09-24'),
(478, 232, 799, 4, '636-638-6652', 4, '2021-02-20', '2021-02-18'),
(479, 274, 732, 4, '654-921-8683', 5, '2021-06-16', '2021-09-05'),
(480, 172, 494, 5, '776-210-5434', 4, '2021-08-25', '2021-04-07'),
(481, 120, 562, 3, '681-481-3405', 1, '2021-04-19', '2021-05-23'),
(482, 167, 610, 3, '585-576-5584', 0, '2020-12-28', '2021-11-28'),
(483, 82, 744, 5, '833-156-1676', 3, '2021-01-22', '2020-12-15'),
(484, 737, 716, 3, '976-447-4594', 0, '2021-09-20', '2021-06-08'),
(485, 766, 171, 6, '736-715-8410', 2, '2021-05-09', '2021-05-01'),
(486, 44, 281, 3, '105-946-3075', 0, '2021-06-17', '2021-05-10'),
(487, 685, 392, 2, '343-489-9003', 0, '2021-11-05', '2021-04-23'),
(488, 276, 732, 2, '401-407-3327', 0, '2021-11-16', '2021-04-22'),
(489, 675, 675, 2, '441-583-7727', 3, '2020-12-28', '2021-10-24'),
(490, 474, 167, 5, '782-223-8802', 1, '2021-06-04', '2021-09-28'),
(491, 27, 768, 1, '846-667-4432', 4, '2021-03-12', '2021-10-28'),
(492, 318, 289, 2, '677-462-7433', 2, '2021-05-11', '2021-08-11'),
(493, 667, 167, 6, '316-188-9661', 3, '2021-06-04', '2021-12-02'),
(494, 681, 730, 1, '700-802-4790', 5, '2021-01-30', '2021-06-11'),
(495, 975, 986, 5, '614-672-4760', 2, '2021-09-06', '2021-06-23'),
(496, 779, 577, 2, '561-525-8116', 5, '2021-11-04', '2021-08-23'),
(497, 492, 801, 5, '632-303-9111', 5, '2021-11-13', '2021-09-24'),
(498, 637, 141, 1, '110-299-4493', 4, '2021-12-06', '2021-09-22'),
(499, 209, 145, 6, '935-309-1475', 1, '2021-10-20', '2021-05-16'),
(500, 754, 417, 3, '142-950-8453', 2, '2021-03-02', '2021-10-16'),
(501, 725, 898, 5, '462-459-7155', 2, '2021-08-25', '2021-02-01'),
(502, 809, 59, 3, '694-552-2878', 4, '2021-01-15', '2021-08-02'),
(503, 624, 981, 6, '742-684-9018', 0, '2021-08-10', '2021-02-23'),
(504, 967, 850, 4, '998-808-3256', 3, '2021-09-21', '2021-05-23'),
(505, 937, 953, 4, '190-874-3962', 5, '2021-09-19', '2021-10-18'),
(506, 227, 352, 1, '116-917-9508', 5, '2021-06-20', '2021-11-28'),
(507, 972, 80, 3, '662-541-1730', 3, '2021-09-02', '2021-06-18'),
(508, 787, 453, 4, '105-692-2049', 0, '2021-03-08', '2021-08-16'),
(509, 180, 571, 6, '252-441-2240', 0, '2021-05-03', '2021-11-24'),
(510, 748, 401, 5, '715-510-6740', 1, '2021-01-17', '2021-11-10'),
(511, 463, 235, 2, '284-134-8175', 3, '2021-02-24', '2021-01-06'),
(512, 745, 409, 3, '883-639-7521', 3, '2021-06-26', '2021-07-10'),
(513, 522, 178, 2, '841-770-1432', 1, '2021-05-10', '2021-05-29'),
(514, 41, 74, 1, '890-967-5914', 1, '2021-01-18', '2021-12-01'),
(515, 524, 515, 3, '788-816-0427', 4, '2021-06-08', '2021-01-01'),
(516, 53, 583, 1, '730-970-1202', 5, '2021-08-19', '2021-08-27'),
(517, 518, 501, 5, '330-808-9561', 0, '2021-10-18', '2021-02-13'),
(518, 763, 83, 4, '324-708-3813', 0, '2021-11-18', '2021-10-21'),
(519, 625, 724, 3, '297-926-2867', 2, '2021-09-12', '2021-06-06'),
(520, 44, 855, 6, '628-333-6638', 0, '2021-02-23', '2021-06-24'),
(521, 40, 650, 4, '308-584-5007', 2, '2021-02-26', '2021-10-07'),
(522, 114, 982, 2, '211-882-4870', 5, '2021-11-03', '2021-07-26'),
(523, 340, 966, 1, '921-591-6578', 2, '2021-12-07', '2021-02-24'),
(524, 223, 694, 3, '930-581-4135', 2, '2021-07-23', '2021-11-20'),
(525, 834, 536, 3, '310-615-7742', 1, '2021-02-28', '2021-09-23'),
(526, 641, 661, 5, '235-647-2400', 1, '2021-08-23', '2021-05-04'),
(527, 56, 316, 5, '377-657-9630', 4, '2021-02-21', '2020-12-29'),
(528, 582, 777, 6, '296-341-0864', 4, '2021-09-17', '2021-03-02'),
(529, 839, 303, 1, '136-229-7278', 5, '2021-09-29', '2021-11-11'),
(530, 445, 660, 6, '511-727-3347', 5, '2021-11-13', '2021-10-23'),
(531, 435, 690, 6, '548-454-3049', 0, '2021-10-10', '2021-03-04'),
(532, 861, 522, 1, '663-894-9290', 2, '2021-02-19', '2021-01-15'),
(533, 367, 779, 4, '478-728-8360', 5, '2021-06-27', '2021-08-04'),
(534, 436, 710, 2, '257-653-4517', 0, '2021-12-05', '2021-04-04'),
(535, 377, 701, 6, '794-877-2826', 3, '2021-07-26', '2021-04-18'),
(536, 797, 134, 3, '866-847-3648', 3, '2021-08-25', '2021-07-13'),
(537, 452, 122, 5, '504-189-3528', 2, '2021-05-26', '2021-07-15'),
(538, 837, 787, 2, '333-226-9698', 4, '2021-07-08', '2021-09-10'),
(539, 860, 455, 6, '699-204-8810', 2, '2021-05-15', '2021-04-11'),
(540, 504, 237, 5, '925-652-4891', 1, '2021-10-25', '2021-05-27'),
(541, 553, 39, 1, '955-207-9737', 2, '2021-11-26', '2021-03-17'),
(542, 943, 230, 2, '599-167-3396', 2, '2021-02-09', '2020-12-13'),
(543, 270, 874, 4, '500-253-2311', 1, '2021-07-28', '2021-10-11'),
(544, 781, 296, 1, '292-927-5765', 0, '2021-07-10', '2021-07-07'),
(545, 184, 604, 2, '530-185-5657', 3, '2021-02-10', '2021-07-22'),
(546, 424, 730, 4, '760-108-0618', 3, '2021-01-06', '2021-09-06'),
(547, 373, 593, 4, '240-947-5093', 0, '2021-07-13', '2020-12-30'),
(548, 91, 82, 3, '518-160-2119', 2, '2021-07-26', '2021-02-09'),
(549, 371, 668, 3, '546-884-0347', 4, '2021-05-14', '2020-12-25'),
(550, 33, 131, 5, '407-794-9768', 5, '2021-07-02', '2021-04-29'),
(551, 737, 719, 4, '597-492-3199', 2, '2021-01-02', '2021-06-06'),
(552, 90, 181, 5, '930-647-9224', 1, '2021-07-03', '2021-03-20'),
(553, 99, 285, 4, '967-452-5118', 5, '2021-02-19', '2021-03-20'),
(554, 346, 231, 5, '719-492-4458', 5, '2021-09-26', '2021-02-09'),
(555, 911, 666, 2, '561-355-0740', 5, '2021-02-06', '2021-09-07'),
(556, 50, 410, 2, '770-510-6846', 4, '2021-07-29', '2021-11-30'),
(557, 654, 360, 3, '921-111-9424', 2, '2021-10-22', '2021-07-02'),
(558, 366, 771, 3, '669-993-0093', 1, '2021-04-19', '2021-01-13'),
(559, 575, 634, 4, '764-454-3129', 2, '2021-06-20', '2020-12-14'),
(560, 677, 74, 1, '400-655-4659', 1, '2021-02-10', '2021-03-13'),
(561, 166, 134, 1, '515-129-1032', 1, '2021-05-13', '2021-06-06'),
(562, 942, 358, 5, '552-714-1484', 4, '2021-11-11', '2021-09-08'),
(563, 470, 200, 1, '180-812-5246', 2, '2021-03-08', '2021-06-27'),
(564, 953, 536, 1, '245-223-0506', 5, '2021-01-01', '2021-01-20'),
(565, 464, 154, 3, '981-735-2193', 1, '2021-11-04', '2021-04-10'),
(566, 875, 547, 6, '346-946-5785', 1, '2021-01-28', '2021-06-30'),
(567, 245, 192, 2, '120-791-5392', 3, '2021-10-07', '2021-09-21'),
(568, 632, 795, 6, '834-105-2264', 2, '2021-12-01', '2020-12-12'),
(569, 692, 118, 3, '481-444-9801', 1, '2021-02-12', '2021-03-16'),
(570, 718, 931, 3, '880-232-7398', 4, '2021-03-25', '2021-04-08'),
(571, 942, 998, 3, '503-358-1045', 2, '2021-12-01', '2021-02-19'),
(572, 310, 151, 6, '528-410-7673', 4, '2021-03-16', '2021-02-22'),
(573, 369, 791, 3, '858-468-3930', 2, '2021-12-09', '2021-04-05'),
(574, 192, 982, 6, '190-556-3650', 2, '2021-01-15', '2021-01-24'),
(575, 458, 738, 6, '721-748-6819', 5, '2021-04-08', '2021-01-25'),
(576, 337, 398, 6, '637-176-5237', 4, '2021-01-18', '2021-11-16'),
(577, 806, 464, 3, '750-526-6088', 2, '2021-01-04', '2021-08-16'),
(578, 864, 187, 2, '880-922-4694', 4, '2021-08-21', '2021-10-01'),
(579, 344, 102, 3, '822-844-3371', 2, '2021-09-23', '2021-03-19'),
(580, 908, 261, 1, '498-497-1437', 3, '2021-06-28', '2021-10-27'),
(581, 98, 921, 5, '309-666-1709', 3, '2021-07-31', '2020-12-28'),
(582, 433, 481, 1, '393-620-5577', 0, '2021-06-18', '2021-09-04'),
(583, 563, 986, 5, '303-796-5478', 3, '2021-08-10', '2021-08-25'),
(584, 682, 697, 5, '719-198-5109', 2, '2021-04-29', '2021-03-27'),
(585, 419, 155, 5, '901-940-6476', 5, '2021-11-17', '2021-10-11'),
(586, 56, 606, 2, '570-692-0237', 3, '2021-11-07', '2021-07-07'),
(587, 234, 420, 2, '893-879-9728', 5, '2021-03-03', '2021-07-15'),
(588, 799, 812, 3, '343-637-1321', 5, '2021-01-07', '2021-07-14'),
(589, 348, 724, 1, '290-812-3474', 0, '2021-05-21', '2021-05-01'),
(590, 116, 216, 1, '800-701-0256', 3, '2021-11-04', '2021-06-14'),
(591, 89, 730, 6, '842-719-3016', 1, '2021-09-13', '2021-06-22'),
(592, 417, 804, 6, '401-126-6216', 4, '2021-05-15', '2021-07-17'),
(593, 295, 749, 5, '604-942-5846', 3, '2021-08-26', '2021-05-04'),
(594, 332, 623, 3, '276-382-1734', 3, '2020-12-31', '2020-12-11'),
(595, 260, 169, 5, '912-205-4028', 0, '2020-12-23', '2021-10-15'),
(596, 329, 704, 6, '998-750-7063', 0, '2021-09-06', '2021-12-10'),
(597, 6, 841, 6, '801-429-9838', 2, '2021-01-21', '2021-08-28'),
(598, 789, 812, 5, '479-965-4259', 3, '2021-09-13', '2021-06-14'),
(599, 877, 654, 6, '337-459-0976', 0, '2021-03-05', '2021-09-10'),
(600, 972, 666, 2, '896-133-6111', 1, '2021-02-05', '2021-02-26'),
(601, 576, 691, 4, '461-442-5309', 4, '2021-07-10', '2021-05-06'),
(602, 662, 318, 1, '771-693-7331', 3, '2021-07-25', '2021-09-07'),
(603, 209, 835, 2, '720-272-3802', 3, '2021-10-31', '2021-09-15'),
(604, 197, 577, 2, '291-639-9545', 1, '2021-05-09', '2021-06-03'),
(605, 180, 315, 4, '618-585-2255', 4, '2021-10-06', '2021-02-21'),
(606, 508, 825, 2, '815-107-5219', 2, '2021-07-06', '2021-04-06'),
(607, 615, 348, 6, '294-567-0720', 0, '2021-02-15', '2021-05-17'),
(608, 979, 163, 3, '826-134-0163', 2, '2021-04-03', '2021-09-11'),
(609, 463, 881, 3, '561-838-7214', 5, '2021-05-20', '2021-11-22'),
(610, 509, 162, 2, '487-982-4771', 1, '2021-01-23', '2021-04-01'),
(611, 545, 517, 1, '502-416-4923', 3, '2021-03-10', '2021-02-25'),
(612, 560, 141, 2, '155-106-0575', 1, '2021-07-15', '2021-01-14'),
(613, 294, 189, 2, '718-384-7549', 2, '2021-03-25', '2021-12-01'),
(614, 135, 109, 3, '887-179-1562', 4, '2021-03-13', '2021-06-14'),
(615, 748, 9, 6, '683-105-1972', 1, '2021-06-24', '2021-02-15'),
(616, 1, 302, 2, '975-654-6440', 4, '2021-06-09', '2021-05-12'),
(617, 76, 847, 1, '297-664-5506', 2, '2021-07-31', '2021-07-23'),
(618, 514, 778, 4, '759-305-0715', 3, '2021-01-22', '2021-04-11'),
(619, 953, 927, 2, '178-404-9483', 3, '2021-04-19', '2021-09-04'),
(620, 124, 1000, 4, '580-170-9510', 3, '2021-09-21', '2021-11-05'),
(621, 405, 720, 1, '822-940-4982', 3, '2020-12-29', '2021-02-28'),
(622, 48, 924, 2, '312-187-9845', 2, '2021-04-29', '2021-05-27'),
(623, 934, 244, 6, '198-873-4608', 2, '2021-05-01', '2021-04-02'),
(624, 89, 745, 4, '358-920-9195', 3, '2021-11-23', '2021-06-01'),
(625, 445, 58, 4, '328-582-7988', 2, '2021-12-06', '2021-07-04'),
(626, 396, 327, 4, '960-350-2018', 5, '2021-02-06', '2021-02-03'),
(627, 914, 305, 4, '405-169-9785', 5, '2021-08-24', '2021-02-03'),
(628, 280, 191, 6, '638-313-9631', 3, '2021-04-08', '2021-11-17'),
(629, 618, 268, 2, '801-606-9275', 3, '2021-02-07', '2021-02-18'),
(630, 112, 410, 6, '291-574-0377', 2, '2021-11-13', '2021-02-24'),
(631, 436, 677, 6, '663-778-1781', 0, '2021-11-30', '2021-01-26'),
(632, 536, 854, 3, '726-587-9103', 5, '2021-11-26', '2021-08-25'),
(633, 831, 140, 2, '518-957-8587', 0, '2021-06-17', '2021-01-10'),
(634, 130, 759, 6, '706-970-5953', 4, '2021-10-10', '2021-02-01'),
(635, 928, 209, 5, '441-153-3593', 5, '2021-04-28', '2021-09-21'),
(636, 387, 42, 4, '792-984-3300', 0, '2021-10-26', '2021-04-28'),
(637, 365, 742, 6, '936-719-3363', 0, '2021-01-28', '2021-10-27'),
(638, 177, 504, 1, '868-567-5439', 2, '2021-05-25', '2021-11-20'),
(639, 843, 36, 2, '942-518-8021', 2, '2021-05-16', '2021-09-12'),
(640, 4, 682, 3, '236-705-1189', 3, '2021-08-30', '2021-09-10'),
(641, 634, 363, 2, '996-869-9525', 4, '2021-06-11', '2021-06-25'),
(642, 863, 977, 1, '239-624-2972', 1, '2021-05-13', '2021-03-28'),
(643, 899, 476, 4, '617-933-2771', 3, '2021-07-13', '2020-12-15'),
(644, 56, 320, 6, '742-457-1428', 3, '2021-10-17', '2021-01-06'),
(645, 404, 696, 4, '571-243-0456', 3, '2021-10-09', '2020-12-18'),
(646, 618, 233, 6, '852-577-3441', 2, '2021-07-07', '2021-07-08'),
(647, 304, 3, 3, '579-109-1783', 5, '2021-11-18', '2021-02-06'),
(648, 360, 946, 2, '315-733-3854', 2, '2021-03-28', '2021-03-04'),
(649, 572, 81, 6, '119-483-4570', 1, '2021-10-24', '2021-06-11'),
(650, 86, 691, 2, '321-972-2032', 0, '2020-12-31', '2021-10-17'),
(651, 48, 422, 5, '802-802-7039', 0, '2021-05-25', '2021-07-12'),
(652, 891, 155, 1, '490-933-6218', 2, '2021-05-31', '2021-10-29'),
(653, 584, 393, 3, '813-550-0666', 0, '2021-03-03', '2021-01-20'),
(654, 451, 575, 2, '588-396-2363', 3, '2021-06-04', '2021-09-25'),
(655, 749, 361, 1, '908-252-6383', 0, '2021-10-05', '2021-04-06'),
(656, 97, 756, 4, '528-363-0722', 3, '2020-12-31', '2021-09-10'),
(657, 603, 781, 1, '598-796-1433', 5, '2021-01-23', '2021-04-19'),
(658, 546, 219, 3, '604-839-5819', 0, '2021-08-10', '2021-02-26'),
(659, 306, 712, 2, '595-722-8197', 3, '2020-12-24', '2021-10-19'),
(660, 966, 492, 4, '154-747-9775', 4, '2021-09-07', '2021-09-18'),
(661, 581, 168, 4, '135-318-0831', 4, '2021-12-06', '2021-02-08'),
(662, 119, 308, 6, '760-184-2750', 0, '2021-10-05', '2021-07-22'),
(663, 825, 298, 6, '207-227-9054', 1, '2021-11-26', '2021-09-15'),
(664, 175, 432, 6, '488-150-9617', 4, '2021-07-19', '2021-01-17'),
(665, 70, 635, 1, '455-586-6040', 3, '2021-10-28', '2021-10-02'),
(666, 677, 812, 1, '949-505-8238', 4, '2021-01-30', '2021-03-19'),
(667, 529, 353, 2, '981-274-9844', 4, '2021-04-12', '2021-09-10'),
(668, 876, 749, 5, '915-486-8304', 0, '2021-03-15', '2021-07-24'),
(669, 79, 110, 1, '201-180-9209', 4, '2021-05-07', '2021-02-06'),
(670, 324, 237, 3, '556-129-3959', 4, '2021-07-30', '2021-04-27'),
(671, 409, 8, 6, '524-853-0551', 3, '2021-01-30', '2021-09-27'),
(672, 103, 87, 4, '294-655-0536', 1, '2021-11-10', '2021-09-21'),
(673, 163, 541, 2, '487-914-9255', 3, '2021-02-13', '2021-02-03'),
(674, 225, 851, 6, '903-517-3245', 4, '2020-12-16', '2021-09-02'),
(675, 673, 852, 1, '173-274-4214', 5, '2021-12-02', '2020-12-15'),
(676, 799, 982, 3, '241-702-5646', 4, '2021-07-15', '2021-03-28'),
(677, 569, 89, 5, '178-462-2697', 0, '2021-10-27', '2021-08-15'),
(678, 705, 636, 1, '602-184-5837', 0, '2021-07-02', '2021-08-07'),
(679, 760, 411, 2, '134-268-4460', 4, '2021-04-24', '2020-12-12'),
(680, 830, 702, 3, '616-487-5291', 5, '2021-04-21', '2021-04-04'),
(681, 653, 16, 4, '351-542-5247', 5, '2021-11-16', '2021-09-25'),
(682, 394, 352, 6, '669-163-0050', 0, '2021-09-02', '2021-11-23'),
(683, 816, 362, 5, '899-245-4408', 5, '2021-01-03', '2021-02-20'),
(684, 579, 549, 1, '422-809-8807', 1, '2021-11-13', '2021-09-27'),
(685, 541, 764, 4, '730-429-4895', 4, '2021-09-26', '2021-10-19'),
(686, 831, 429, 5, '506-874-4674', 3, '2021-03-31', '2021-05-09'),
(687, 520, 902, 6, '696-623-3975', 2, '2021-07-05', '2021-10-24'),
(688, 150, 729, 4, '151-739-6249', 0, '2020-12-31', '2021-11-24'),
(689, 193, 282, 6, '953-276-0512', 2, '2021-03-23', '2021-07-08'),
(690, 843, 511, 4, '858-806-1599', 3, '2021-12-01', '2021-02-13'),
(691, 95, 62, 6, '889-561-4767', 1, '2021-03-21', '2021-06-03'),
(692, 836, 810, 4, '405-990-2162', 5, '2021-11-28', '2021-09-27'),
(693, 628, 555, 1, '627-379-2911', 0, '2021-11-04', '2021-05-24'),
(694, 970, 662, 6, '440-255-2449', 4, '2020-12-24', '2021-08-15'),
(695, 639, 945, 5, '760-285-5721', 3, '2021-05-21', '2021-03-14'),
(696, 152, 684, 3, '890-443-6415', 1, '2021-07-20', '2021-02-26'),
(697, 109, 285, 1, '178-741-6587', 1, '2020-12-12', '2021-05-23'),
(698, 30, 389, 4, '984-179-3522', 5, '2021-10-18', '2021-08-14'),
(699, 491, 324, 4, '860-275-0732', 2, '2021-02-25', '2021-09-18'),
(700, 162, 355, 6, '586-846-0012', 0, '2021-01-28', '2021-09-10'),
(701, 231, 645, 2, '465-562-6092', 5, '2021-08-05', '2021-01-28'),
(702, 534, 390, 1, '851-159-5484', 5, '2021-09-18', '2021-02-03'),
(703, 234, 372, 2, '887-265-4312', 1, '2020-12-19', '2021-08-31'),
(704, 300, 593, 3, '716-903-5231', 0, '2021-01-02', '2021-03-06'),
(705, 902, 94, 3, '675-908-5272', 5, '2021-03-21', '2020-12-27'),
(706, 827, 846, 5, '739-243-6086', 1, '2021-04-19', '2021-02-03'),
(707, 277, 945, 5, '910-537-0400', 4, '2021-11-17', '2021-10-19'),
(708, 33, 898, 2, '838-793-2108', 4, '2021-04-26', '2021-02-28'),
(709, 244, 537, 3, '811-648-4231', 1, '2021-11-11', '2021-04-12'),
(710, 141, 891, 6, '751-810-0143', 3, '2021-07-05', '2021-08-25'),
(711, 766, 426, 4, '120-290-3677', 0, '2021-01-07', '2021-04-04'),
(712, 598, 732, 3, '978-579-7392', 3, '2021-11-07', '2021-03-23'),
(713, 420, 902, 5, '985-199-3146', 2, '2021-02-15', '2021-03-19'),
(714, 969, 85, 6, '256-621-8196', 4, '2021-04-03', '2021-11-10'),
(715, 559, 56, 4, '974-530-7962', 3, '2021-04-01', '2021-10-01'),
(716, 68, 150, 6, '710-900-3940', 1, '2021-07-05', '2021-08-20'),
(717, 166, 641, 2, '808-815-1305', 2, '2021-06-02', '2021-10-25'),
(718, 912, 194, 6, '664-968-1020', 3, '2021-09-15', '2021-12-07'),
(719, 490, 48, 6, '976-281-7991', 4, '2021-08-12', '2021-02-10'),
(720, 329, 237, 2, '905-447-6768', 2, '2021-06-17', '2021-05-09'),
(721, 711, 71, 6, '831-222-0294', 0, '2021-04-10', '2021-01-01'),
(722, 728, 706, 2, '182-777-2807', 4, '2021-08-15', '2021-02-14'),
(723, 432, 958, 2, '976-242-1290', 3, '2021-08-09', '2021-12-10'),
(724, 796, 966, 6, '812-897-3022', 2, '2020-12-11', '2021-01-17'),
(725, 835, 255, 3, '322-850-4849', 2, '2021-01-03', '2021-04-24'),
(726, 478, 166, 4, '747-315-1412', 0, '2021-07-17', '2021-03-06'),
(727, 458, 286, 3, '597-913-1468', 1, '2021-04-24', '2021-02-07'),
(728, 20, 543, 6, '514-873-6296', 1, '2021-08-10', '2021-09-30'),
(729, 936, 607, 3, '414-332-8135', 1, '2021-02-24', '2021-10-26'),
(730, 177, 819, 1, '946-876-6633', 0, '2021-11-18', '2021-11-15'),
(731, 79, 133, 6, '108-305-3095', 4, '2021-09-07', '2021-03-13'),
(732, 732, 534, 5, '995-677-2574', 1, '2021-01-27', '2020-12-30'),
(733, 871, 94, 2, '123-597-6753', 4, '2021-09-13', '2021-03-10'),
(734, 732, 317, 4, '843-210-9220', 5, '2021-04-04', '2021-06-23'),
(735, 750, 528, 2, '655-330-3197', 3, '2021-06-05', '2021-01-03'),
(736, 512, 610, 3, '613-135-9138', 4, '2021-09-11', '2021-05-01'),
(737, 182, 693, 2, '486-368-7745', 2, '2021-07-06', '2021-04-05'),
(738, 797, 435, 6, '571-317-2789', 2, '2021-06-06', '2020-12-24'),
(739, 521, 537, 5, '180-958-9052', 0, '2020-12-21', '2021-05-09'),
(740, 741, 226, 5, '359-248-9523', 5, '2021-02-15', '2021-03-11'),
(741, 973, 742, 5, '362-152-5840', 1, '2021-08-05', '2021-06-29'),
(742, 313, 56, 4, '739-332-5110', 4, '2021-08-22', '2021-02-12'),
(743, 530, 963, 3, '268-386-4394', 4, '2021-09-13', '2021-03-07'),
(744, 723, 751, 2, '652-469-0524', 0, '2021-04-16', '2021-10-24'),
(745, 94, 218, 5, '535-631-1177', 1, '2021-02-04', '2021-05-22'),
(746, 284, 248, 5, '174-888-4941', 2, '2021-02-26', '2020-12-31'),
(747, 680, 22, 3, '300-357-3174', 5, '2021-05-16', '2020-12-15'),
(748, 355, 906, 2, '543-548-8269', 2, '2021-08-22', '2021-01-11'),
(749, 634, 78, 1, '540-977-4362', 5, '2020-12-23', '2021-06-17'),
(750, 403, 922, 4, '326-704-1733', 2, '2021-06-28', '2021-09-11'),
(751, 641, 938, 5, '826-100-5833', 5, '2021-11-14', '2021-06-27'),
(752, 320, 25, 6, '321-652-2342', 5, '2021-02-23', '2021-08-12'),
(753, 529, 88, 1, '963-674-8449', 2, '2021-03-19', '2021-10-23'),
(754, 156, 450, 6, '754-754-3956', 1, '2021-03-25', '2020-12-28'),
(755, 357, 500, 6, '329-741-0883', 3, '2021-08-13', '2021-01-26'),
(756, 471, 88, 2, '256-367-3277', 4, '2021-05-03', '2021-09-17'),
(757, 737, 291, 1, '590-239-7434', 5, '2021-05-15', '2021-05-03'),
(758, 726, 890, 1, '192-228-1395', 5, '2021-09-04', '2021-10-25'),
(759, 591, 369, 3, '691-399-3298', 1, '2021-05-28', '2021-02-02'),
(760, 755, 881, 1, '105-694-9141', 5, '2021-03-26', '2021-11-03'),
(761, 951, 155, 3, '863-975-7018', 2, '2021-08-29', '2021-11-26'),
(762, 336, 432, 1, '106-817-8902', 3, '2021-04-24', '2021-09-06'),
(763, 190, 914, 2, '937-773-6012', 2, '2021-09-09', '2021-11-10'),
(764, 845, 30, 2, '687-983-8292', 4, '2021-05-14', '2021-09-27'),
(765, 717, 618, 1, '218-837-4987', 1, '2021-12-09', '2021-10-24'),
(766, 275, 194, 1, '711-223-5421', 0, '2021-02-09', '2021-08-13'),
(767, 923, 624, 6, '926-461-1669', 0, '2021-02-24', '2021-03-20'),
(768, 951, 284, 1, '724-979-4313', 1, '2021-11-07', '2021-02-14'),
(769, 851, 805, 1, '250-950-5520', 0, '2021-08-03', '2021-04-25'),
(770, 593, 673, 6, '443-737-5276', 2, '2021-10-25', '2020-12-27'),
(771, 831, 642, 5, '600-698-5201', 5, '2021-05-29', '2021-10-23');
INSERT INTO `orders` (`id`, `customer_id`, `member_id`, `payment_id`, `phone`, `status`, `created_at`, `modified_at`) VALUES
(772, 620, 370, 2, '602-757-8769', 0, '2021-05-24', '2021-01-01'),
(773, 867, 197, 6, '275-870-5188', 3, '2021-11-11', '2021-11-22'),
(774, 98, 557, 2, '246-339-9554', 1, '2021-05-22', '2021-01-02'),
(775, 498, 685, 3, '153-680-6501', 3, '2020-12-13', '2021-07-28'),
(776, 939, 212, 4, '852-203-4291', 1, '2021-05-01', '2021-03-08'),
(777, 112, 339, 3, '467-310-6095', 5, '2021-02-01', '2021-03-25'),
(778, 432, 31, 6, '688-827-2805', 1, '2021-07-29', '2021-09-30'),
(779, 532, 340, 3, '816-520-3844', 3, '2021-02-10', '2021-09-22'),
(780, 833, 294, 5, '507-237-9716', 2, '2021-04-29', '2021-04-14'),
(781, 315, 346, 4, '245-544-0995', 1, '2021-06-04', '2021-02-18'),
(782, 473, 942, 5, '595-604-7644', 0, '2021-01-12', '2021-07-19'),
(783, 350, 102, 1, '794-295-5711', 4, '2021-02-11', '2021-09-05'),
(784, 419, 776, 6, '384-340-7202', 1, '2021-10-26', '2021-09-30'),
(785, 774, 499, 1, '482-337-7838', 5, '2021-01-18', '2021-09-15'),
(786, 436, 824, 1, '381-598-1660', 2, '2021-04-25', '2021-12-06'),
(787, 148, 99, 2, '916-638-3010', 4, '2021-01-01', '2021-09-22'),
(788, 957, 195, 5, '333-360-0347', 4, '2021-05-19', '2021-08-03'),
(789, 100, 218, 3, '761-878-4009', 1, '2021-08-07', '2021-08-20'),
(790, 424, 803, 1, '261-823-5163', 4, '2021-03-16', '2021-01-10'),
(791, 285, 770, 6, '950-727-9218', 4, '2021-07-15', '2021-05-26'),
(792, 942, 471, 6, '161-125-2171', 0, '2021-03-29', '2021-11-09'),
(793, 872, 143, 3, '610-836-4603', 2, '2021-05-31', '2021-09-19'),
(794, 925, 823, 1, '950-488-1968', 5, '2021-09-26', '2021-01-07'),
(795, 22, 533, 3, '663-763-2702', 4, '2021-08-14', '2021-08-06'),
(796, 966, 357, 4, '487-321-3489', 5, '2021-03-14', '2021-02-22'),
(797, 531, 262, 1, '323-182-0010', 2, '2021-06-20', '2021-07-23'),
(798, 804, 408, 3, '371-504-4892', 0, '2021-04-11', '2021-10-24'),
(799, 434, 706, 6, '846-379-4419', 0, '2021-10-07', '2021-03-31'),
(800, 632, 594, 4, '704-913-1902', 2, '2021-10-24', '2021-05-26'),
(801, 900, 707, 2, '466-551-2389', 3, '2021-04-09', '2021-11-05'),
(802, 900, 252, 3, '874-857-0127', 2, '2021-06-27', '2021-10-06'),
(803, 127, 161, 3, '195-110-3826', 0, '2021-03-10', '2021-06-21'),
(804, 380, 662, 2, '911-360-9205', 0, '2021-07-15', '2021-12-02'),
(805, 387, 457, 3, '820-784-7902', 1, '2021-06-11', '2021-08-04'),
(806, 661, 555, 6, '827-865-2574', 0, '2021-05-09', '2021-04-30'),
(807, 142, 737, 3, '719-560-5720', 4, '2021-11-02', '2021-11-23'),
(808, 395, 293, 6, '998-366-1877', 2, '2021-04-25', '2021-10-15'),
(809, 733, 467, 4, '777-492-7546', 2, '2021-02-09', '2021-08-16'),
(810, 849, 556, 4, '351-492-5288', 4, '2021-02-04', '2021-12-08'),
(811, 286, 933, 4, '539-951-9113', 4, '2021-11-17', '2021-05-01'),
(812, 483, 399, 5, '127-705-6998', 2, '2021-11-11', '2021-11-28'),
(813, 810, 990, 5, '334-930-1041', 1, '2021-09-14', '2021-01-28'),
(814, 502, 332, 6, '780-356-0339', 0, '2021-08-11', '2021-03-27'),
(815, 545, 933, 2, '128-219-8776', 3, '2021-02-12', '2021-03-31'),
(816, 685, 743, 1, '681-500-6748', 1, '2021-08-25', '2021-01-02'),
(817, 398, 170, 4, '464-620-5399', 1, '2021-09-19', '2021-06-14'),
(818, 200, 202, 2, '517-966-1287', 0, '2020-12-11', '2021-03-19'),
(819, 788, 795, 4, '269-541-2838', 3, '2021-01-25', '2021-10-09'),
(820, 113, 60, 4, '640-252-4752', 5, '2021-10-14', '2021-09-30'),
(821, 890, 125, 4, '368-244-5388', 0, '2021-06-24', '2021-07-12'),
(822, 527, 255, 6, '629-605-4321', 5, '2021-10-12', '2021-06-10'),
(823, 687, 278, 4, '539-393-3776', 2, '2021-05-21', '2021-01-16'),
(824, 506, 165, 4, '215-298-0564', 0, '2021-08-10', '2021-04-09'),
(825, 427, 725, 6, '795-103-3559', 3, '2021-10-24', '2021-07-20'),
(826, 723, 655, 4, '281-487-9995', 1, '2021-09-24', '2021-04-20'),
(827, 504, 859, 4, '668-901-2732', 4, '2021-04-29', '2021-11-27'),
(828, 160, 792, 1, '703-803-4311', 4, '2021-05-19', '2021-08-13'),
(829, 262, 708, 4, '566-904-6946', 1, '2021-11-23', '2021-04-14'),
(830, 224, 172, 6, '347-337-5158', 4, '2020-12-25', '2021-09-05'),
(831, 740, 995, 4, '310-634-9317', 4, '2021-05-22', '2021-04-03'),
(832, 855, 647, 3, '671-184-3657', 5, '2021-10-08', '2021-11-08'),
(833, 639, 388, 1, '750-931-0543', 1, '2021-09-28', '2021-12-01'),
(834, 535, 821, 6, '627-162-6944', 1, '2021-05-29', '2021-10-29'),
(835, 573, 246, 6, '553-822-1870', 1, '2021-07-15', '2021-09-02'),
(836, 176, 612, 1, '234-760-6320', 1, '2021-07-11', '2021-03-12'),
(837, 137, 363, 1, '715-649-8318', 3, '2021-01-27', '2021-07-25'),
(838, 350, 504, 6, '487-937-6002', 2, '2021-03-05', '2021-09-10'),
(839, 190, 466, 3, '497-661-6611', 5, '2021-02-17', '2021-07-11'),
(840, 996, 179, 1, '796-564-8296', 2, '2021-04-03', '2021-02-24'),
(841, 187, 111, 4, '615-449-1588', 3, '2021-09-10', '2021-05-18'),
(842, 76, 342, 6, '801-775-2483', 2, '2021-11-10', '2021-09-03'),
(843, 284, 622, 3, '542-328-5863', 1, '2021-09-25', '2021-08-06'),
(844, 821, 367, 6, '429-281-0161', 0, '2021-12-10', '2021-10-13'),
(845, 294, 963, 4, '460-977-5143', 5, '2021-08-26', '2021-09-30'),
(846, 227, 672, 5, '512-124-7251', 2, '2021-01-27', '2021-10-12'),
(847, 512, 621, 2, '762-448-5541', 0, '2021-08-20', '2021-03-05'),
(848, 951, 279, 3, '798-691-4086', 2, '2021-06-26', '2021-09-03'),
(849, 254, 948, 5, '283-555-4847', 0, '2021-07-02', '2021-01-30'),
(850, 190, 940, 6, '957-794-1368', 3, '2021-03-17', '2021-01-11'),
(851, 941, 559, 5, '226-679-0539', 4, '2021-07-15', '2021-01-01'),
(852, 797, 842, 3, '869-320-9592', 1, '2021-11-28', '2021-12-03'),
(853, 437, 733, 6, '476-128-6253', 2, '2021-01-07', '2021-10-16'),
(854, 369, 390, 1, '432-637-0155', 2, '2021-07-14', '2021-10-04'),
(855, 137, 539, 2, '295-480-2073', 0, '2021-02-02', '2021-10-18'),
(856, 589, 697, 5, '243-164-4595', 1, '2021-06-21', '2021-02-25'),
(857, 694, 636, 2, '461-753-9355', 1, '2021-06-02', '2021-04-03'),
(858, 644, 79, 3, '261-951-5167', 3, '2021-10-20', '2021-03-27'),
(859, 37, 550, 2, '885-381-8714', 4, '2021-06-15', '2021-06-25'),
(860, 98, 178, 5, '426-226-6967', 3, '2020-12-31', '2021-02-26'),
(861, 600, 263, 5, '936-810-7435', 5, '2021-10-23', '2021-07-08'),
(862, 144, 716, 3, '950-322-1125', 3, '2021-09-19', '2021-06-08'),
(863, 353, 245, 2, '778-752-5296', 5, '2021-01-16', '2021-05-04'),
(864, 667, 129, 4, '954-245-2892', 5, '2021-11-23', '2021-06-14'),
(865, 867, 176, 1, '135-667-3630', 2, '2021-09-30', '2021-03-08'),
(866, 658, 186, 6, '868-712-1578', 5, '2021-07-26', '2021-05-04'),
(867, 761, 382, 2, '446-132-2339', 1, '2021-01-07', '2021-07-24'),
(868, 291, 725, 1, '302-520-1111', 4, '2021-04-22', '2021-01-03'),
(869, 686, 755, 3, '350-178-7164', 4, '2021-08-21', '2021-10-06'),
(870, 113, 60, 2, '259-670-2325', 3, '2021-08-03', '2021-09-16'),
(871, 227, 413, 1, '763-937-8745', 2, '2021-11-02', '2021-10-19'),
(872, 634, 801, 6, '374-765-6477', 3, '2021-01-15', '2021-07-12'),
(873, 577, 456, 4, '960-463-4420', 2, '2021-02-20', '2021-04-03'),
(874, 534, 71, 6, '421-250-4901', 1, '2021-06-28', '2021-02-18'),
(875, 8, 561, 6, '867-806-6426', 1, '2021-10-18', '2021-07-26'),
(876, 51, 343, 3, '362-174-9144', 1, '2021-07-29', '2021-08-02'),
(877, 39, 541, 3, '207-411-0412', 1, '2021-10-25', '2021-03-10'),
(878, 415, 985, 3, '295-531-5010', 0, '2021-09-15', '2021-02-24'),
(879, 735, 246, 2, '229-444-1647', 2, '2021-02-04', '2021-05-16'),
(880, 721, 869, 5, '860-446-3983', 1, '2021-11-10', '2021-10-07'),
(881, 880, 939, 6, '975-453-2950', 1, '2021-06-15', '2021-03-08'),
(882, 607, 879, 5, '878-573-1256', 5, '2021-01-09', '2021-09-24'),
(883, 458, 845, 4, '635-223-4863', 2, '2021-05-10', '2021-05-01'),
(884, 326, 797, 1, '470-931-0437', 1, '2021-11-01', '2021-10-22'),
(885, 427, 286, 4, '594-744-2702', 2, '2021-07-22', '2021-01-17'),
(886, 143, 499, 6, '667-689-6073', 2, '2021-07-06', '2021-06-04'),
(887, 660, 192, 5, '930-720-0069', 4, '2021-05-17', '2021-10-22'),
(888, 444, 963, 6, '918-829-0569', 5, '2020-12-13', '2021-05-14'),
(889, 572, 891, 4, '110-247-9647', 5, '2021-05-06', '2021-02-19'),
(890, 793, 888, 4, '430-520-9176', 1, '2021-01-22', '2021-02-14'),
(891, 522, 379, 2, '626-407-6419', 2, '2021-05-15', '2021-08-11'),
(892, 850, 291, 1, '958-485-7675', 0, '2020-12-23', '2021-06-11'),
(893, 3, 126, 2, '352-121-7377', 3, '2021-09-01', '2021-11-30'),
(894, 312, 467, 6, '642-686-5384', 1, '2021-09-25', '2021-06-29'),
(895, 322, 27, 1, '379-598-9862', 3, '2021-08-03', '2021-10-18'),
(896, 418, 556, 6, '581-488-0999', 2, '2021-07-28', '2021-06-18'),
(897, 414, 972, 1, '395-981-3762', 3, '2021-02-28', '2021-03-11'),
(898, 863, 470, 2, '585-850-8475', 4, '2021-06-10', '2021-10-22'),
(899, 234, 523, 1, '511-874-1231', 4, '2021-11-14', '2021-10-20'),
(900, 365, 83, 5, '723-513-1254', 0, '2021-07-29', '2021-10-22'),
(901, 68, 481, 2, '990-623-5559', 4, '2021-09-19', '2021-03-06'),
(902, 12, 870, 1, '692-762-5405', 0, '2021-06-28', '2021-08-18'),
(903, 959, 582, 6, '435-405-2350', 0, '2021-01-18', '2021-11-23'),
(904, 21, 30, 1, '745-313-4800', 1, '2021-10-03', '2021-08-20'),
(905, 204, 770, 1, '942-450-0903', 3, '2021-10-26', '2020-12-18'),
(906, 590, 143, 4, '938-570-1465', 1, '2021-04-25', '2021-08-02'),
(907, 669, 28, 4, '805-265-0061', 3, '2021-08-24', '2021-06-06'),
(908, 432, 754, 3, '131-199-0881', 4, '2020-12-12', '2021-02-03'),
(909, 870, 353, 5, '295-735-3709', 5, '2021-03-10', '2021-01-05'),
(910, 815, 318, 2, '343-679-4760', 0, '2021-08-30', '2021-03-23'),
(911, 377, 757, 3, '661-505-9299', 5, '2021-03-19', '2021-10-04'),
(912, 21, 276, 5, '490-507-9122', 0, '2021-09-05', '2021-06-07'),
(913, 77, 290, 4, '497-616-4599', 5, '2021-08-11', '2021-09-26'),
(914, 601, 885, 5, '266-236-9346', 4, '2021-01-21', '2021-12-01'),
(915, 597, 60, 1, '670-204-1501', 0, '2021-02-05', '2021-04-27'),
(916, 43, 965, 2, '219-812-2078', 0, '2021-03-07', '2021-05-29'),
(917, 44, 491, 2, '495-154-6178', 1, '2021-04-18', '2020-12-23'),
(918, 725, 155, 2, '876-774-3319', 3, '2021-11-23', '2021-06-13'),
(919, 286, 572, 3, '853-721-9296', 2, '2021-03-03', '2021-02-24'),
(920, 456, 934, 6, '107-159-8703', 0, '2021-07-06', '2021-10-06'),
(921, 177, 50, 4, '182-874-7191', 5, '2021-08-10', '2021-06-14'),
(922, 75, 762, 6, '669-809-9248', 5, '2021-09-22', '2021-12-06'),
(923, 378, 873, 1, '399-661-8426', 3, '2021-03-21', '2021-09-05'),
(924, 945, 974, 3, '663-382-3469', 3, '2021-02-11', '2021-10-24'),
(925, 807, 911, 2, '707-330-8266', 4, '2021-08-11', '2021-10-24'),
(926, 578, 589, 2, '115-507-6381', 4, '2021-08-26', '2021-06-06'),
(927, 773, 844, 3, '736-733-5413', 3, '2021-02-07', '2021-05-14'),
(928, 162, 775, 3, '925-904-6371', 0, '2021-02-16', '2021-09-26'),
(929, 473, 595, 5, '509-731-2763', 1, '2021-09-26', '2021-12-08'),
(930, 747, 799, 5, '465-127-2918', 4, '2021-10-03', '2021-10-03'),
(931, 339, 150, 1, '443-384-8989', 5, '2021-09-26', '2021-08-28'),
(932, 17, 298, 5, '683-427-0964', 1, '2021-03-23', '2021-07-27'),
(933, 787, 208, 3, '389-431-4130', 5, '2021-08-20', '2021-03-01'),
(934, 885, 242, 4, '434-111-4356', 0, '2021-08-02', '2021-10-12'),
(935, 262, 286, 3, '467-444-9326', 5, '2021-07-16', '2021-08-01'),
(936, 875, 133, 6, '848-745-0675', 5, '2021-02-25', '2021-01-09'),
(937, 792, 819, 3, '249-413-5956', 1, '2021-01-04', '2021-10-15'),
(938, 664, 937, 5, '510-657-9017', 3, '2021-10-16', '2021-02-12'),
(939, 500, 72, 6, '239-183-5609', 2, '2021-04-10', '2021-05-12'),
(940, 400, 811, 2, '710-293-9652', 1, '2021-03-12', '2021-02-02'),
(941, 314, 907, 2, '734-175-4417', 0, '2021-02-22', '2021-11-02'),
(942, 910, 837, 5, '215-106-9896', 1, '2021-07-08', '2021-06-23'),
(943, 256, 248, 2, '627-312-7643', 1, '2021-03-09', '2021-06-22'),
(944, 132, 909, 6, '743-854-4547', 2, '2021-03-23', '2021-09-23'),
(945, 782, 119, 6, '505-996-0636', 4, '2020-12-29', '2021-03-31'),
(946, 796, 443, 5, '762-403-2845', 5, '2021-09-24', '2021-05-25'),
(947, 479, 226, 4, '583-948-2598', 4, '2021-01-25', '2021-04-22'),
(948, 323, 223, 4, '207-700-4842', 5, '2020-12-19', '2021-09-29'),
(949, 399, 962, 5, '946-550-2511', 3, '2021-09-29', '2021-09-15'),
(950, 846, 189, 4, '174-719-8233', 3, '2021-01-02', '2021-06-01'),
(951, 857, 64, 2, '811-249-2638', 0, '2021-11-08', '2021-02-03'),
(952, 497, 511, 6, '514-417-0796', 0, '2021-06-15', '2021-10-26'),
(953, 379, 737, 2, '996-228-9230', 0, '2021-10-04', '2021-05-21'),
(954, 368, 585, 3, '736-816-5665', 4, '2021-06-20', '2020-12-12'),
(955, 779, 106, 1, '815-638-3316', 4, '2021-06-08', '2021-05-07'),
(956, 750, 374, 3, '695-188-2763', 4, '2021-02-07', '2021-10-19'),
(957, 656, 180, 1, '822-699-6663', 5, '2021-10-12', '2021-05-21'),
(958, 142, 751, 5, '705-383-0729', 5, '2021-09-05', '2021-10-30'),
(959, 23, 837, 5, '908-826-0708', 3, '2021-02-01', '2021-01-12'),
(960, 295, 753, 6, '260-183-7989', 3, '2021-04-30', '2021-07-11'),
(961, 76, 250, 1, '296-241-7008', 0, '2021-05-07', '2021-01-10'),
(962, 805, 259, 1, '853-528-6355', 1, '2021-07-30', '2021-09-01'),
(963, 487, 903, 5, '281-222-0034', 5, '2021-06-07', '2021-02-25'),
(964, 227, 613, 4, '354-338-8026', 2, '2021-07-31', '2020-12-14'),
(965, 941, 5, 2, '378-279-4572', 5, '2021-03-28', '2021-01-12'),
(966, 696, 516, 1, '549-373-8289', 5, '2021-03-12', '2020-12-20'),
(967, 843, 517, 4, '508-878-7014', 0, '2021-07-05', '2021-12-06'),
(968, 351, 712, 3, '328-823-1349', 2, '2021-10-15', '2021-07-24'),
(969, 90, 62, 4, '375-224-2133', 0, '2021-12-06', '2021-02-09'),
(970, 124, 317, 6, '416-458-9642', 3, '2021-05-29', '2021-01-06'),
(971, 189, 322, 5, '407-698-7575', 2, '2021-01-07', '2021-08-10'),
(972, 335, 182, 5, '451-588-8893', 2, '2021-12-07', '2021-07-24'),
(973, 848, 999, 6, '712-217-1513', 1, '2021-03-11', '2021-04-17'),
(974, 388, 673, 5, '763-943-5389', 2, '2021-01-16', '2020-12-17'),
(975, 979, 344, 1, '893-418-6820', 0, '2021-11-14', '2021-03-30'),
(976, 324, 183, 2, '490-932-5881', 4, '2021-10-08', '2021-06-13'),
(977, 231, 521, 5, '939-952-7929', 1, '2021-06-13', '2021-04-02'),
(978, 748, 431, 4, '815-954-4131', 0, '2021-05-17', '2021-08-29'),
(979, 750, 750, 2, '908-519-1952', 5, '2021-04-01', '2021-06-04'),
(980, 291, 139, 5, '377-406-8437', 1, '2021-05-08', '2021-09-19'),
(981, 455, 378, 2, '492-955-1974', 2, '2021-04-21', '2021-05-16'),
(982, 308, 536, 1, '260-425-4528', 3, '2021-04-10', '2021-07-26'),
(983, 542, 606, 1, '312-987-7239', 2, '2021-02-08', '2021-03-12'),
(984, 553, 609, 3, '422-700-7232', 0, '2021-06-07', '2021-10-08'),
(985, 549, 445, 4, '668-792-9285', 4, '2021-04-09', '2021-11-23'),
(986, 149, 347, 3, '824-859-8932', 2, '2021-11-30', '2021-10-09'),
(987, 802, 883, 5, '448-145-4967', 0, '2021-09-22', '2021-06-18'),
(988, 474, 98, 2, '797-772-1199', 2, '2021-12-09', '2021-05-28'),
(989, 871, 244, 6, '453-412-3761', 5, '2021-10-13', '2021-08-29'),
(990, 353, 937, 2, '268-968-9979', 2, '2021-05-24', '2021-10-24'),
(991, 566, 102, 2, '639-274-9287', 4, '2021-03-01', '2021-02-13'),
(992, 885, 34, 2, '905-311-0479', 5, '2020-12-26', '2021-09-02'),
(993, 82, 965, 2, '470-940-1649', 1, '2021-08-11', '2020-12-19'),
(994, 177, 433, 5, '786-991-1563', 0, '2021-05-10', '2021-01-02'),
(995, 380, 880, 2, '527-288-0728', 0, '2021-10-13', '2021-02-11'),
(996, 558, 831, 3, '820-179-7303', 5, '2021-06-29', '2021-03-20'),
(997, 781, 262, 2, '757-142-0549', 0, '2021-07-31', '2021-11-10'),
(998, 204, 431, 5, '384-848-2883', 0, '2021-10-25', '2021-09-20'),
(999, 910, 102, 4, '961-991-4667', 4, '2021-06-14', '2021-10-06'),
(1000, 130, 292, 6, '473-185-9084', 5, '2021-03-20', '2021-02-27');

-- --------------------------------------------------------

--
-- Table structure for table `orders_detail`
--

DROP TABLE IF EXISTS `orders_detail`;
CREATE TABLE `orders_detail` (
  `id` int(11) NOT NULL,
  `transaction_id` int(11) DEFAULT NULL,
  `product_id` int(11) DEFAULT NULL,
  `subcribe_id` int(11) DEFAULT NULL,
  `discount_id` int(11) DEFAULT NULL,
  `price` int(11) DEFAULT NULL,
  `created_at` date DEFAULT NULL,
  `modified_at` date DEFAULT NULL
) ENGINE=InnoDB DEFAULT CHARSET=utf8mb4;

--
-- Dumping data for table `orders_detail`
--

INSERT INTO `orders_detail` (`id`, `transaction_id`, `product_id`, `subcribe_id`, `discount_id`, `price`, `created_at`, `modified_at`) VALUES
(1, 266, 369, 4, 1, 3, '2021-10-09', '2021-09-29'),
(2, 809, 355, 4, 1, 3, '2020-12-11', '2021-02-12'),
(3, 305, 123, 2, 2, 5, '2021-06-29', '2021-01-21'),
(4, 554, 535, 4, 3, 8, '2021-09-02', '2021-10-01'),
(5, 859, 135, 2, 2, 9, '2021-04-11', '2021-10-15'),
(6, 629, 111, 1, 2, 6, '2021-09-18', '2021-10-28'),
(7, 467, 659, 2, 2, 5, '2021-04-14', '2021-02-08'),
(8, 581, 232, 4, 3, 6, '2020-12-24', '2021-12-04'),
(9, 468, 518, 4, 1, 9, '2021-06-19', '2021-02-21'),
(10, 807, 981, 4, 1, 9, '2021-05-27', '2021-07-02'),
(11, 205, 853, 3, 2, 7, '2021-08-03', '2021-08-16'),
(12, 353, 757, 2, 3, 9, '2021-10-31', '2021-03-28'),
(13, 87, 653, 3, 2, 5, '2021-03-18', '2021-11-07'),
(14, 240, 247, 3, 3, 8, '2021-01-05', '2021-03-04'),
(15, 203, 412, 2, 2, 6, '2021-08-20', '2021-08-29'),
(16, 387, 790, 4, 3, 4, '2021-02-25', '2021-07-28'),
(17, 315, 839, 3, 3, 4, '2021-03-18', '2021-06-20'),
(18, 865, 462, 1, 1, 8, '2021-02-16', '2020-12-20'),
(19, 661, 657, 4, 1, 3, '2021-12-07', '2021-11-02'),
(20, 996, 747, 3, 2, 7, '2021-10-04', '2021-03-08'),
(21, 96, 556, 1, 1, 3, '2021-05-13', '2021-06-12'),
(22, 72, 311, 1, 1, 7, '2021-03-01', '2020-12-15'),
(23, 57, 434, 4, 1, 3, '2021-07-25', '2021-05-05'),
(24, 722, 806, 4, 3, 3, '2021-03-29', '2020-12-29'),
(25, 725, 494, 4, 2, 7, '2020-12-13', '2021-06-10'),
(26, 607, 583, 4, 3, 8, '2021-02-07', '2020-12-13'),
(27, 301, 678, 2, 3, 3, '2021-08-16', '2021-05-11'),
(28, 966, 710, 4, 1, 5, '2021-09-03', '2021-07-26'),
(29, 220, 610, 2, 3, 5, '2021-07-28', '2020-12-19'),
(30, 640, 336, 3, 1, 4, '2021-11-07', '2021-02-22'),
(31, 49, 953, 4, 1, 4, '2021-05-23', '2021-09-05'),
(32, 391, 721, 1, 1, 9, '2021-07-10', '2021-04-28'),
(33, 133, 558, 3, 1, 4, '2021-04-18', '2021-09-22'),
(34, 212, 702, 2, 3, 3, '2021-11-12', '2021-05-22'),
(35, 793, 693, 3, 3, 6, '2021-07-28', '2021-04-22'),
(36, 771, 531, 4, 2, 4, '2021-10-27', '2021-05-20'),
(37, 592, 583, 2, 2, 9, '2021-10-16', '2021-10-18'),
(38, 272, 98, 3, 1, 4, '2021-09-22', '2021-11-01'),
(39, 839, 92, 2, 3, 4, '2021-09-19', '2021-08-06'),
(40, 818, 845, 2, 3, 9, '2021-05-05', '2021-06-17'),
(41, 235, 658, 1, 1, 7, '2021-06-10', '2021-01-21'),
(42, 158, 864, 1, 2, 8, '2021-11-03', '2021-09-10'),
(43, 799, 447, 4, 1, 9, '2021-01-17', '2021-03-30'),
(44, 810, 899, 1, 2, 8, '2021-04-03', '2021-07-02'),
(45, 674, 671, 1, 3, 4, '2020-12-11', '2021-11-24'),
(46, 628, 508, 3, 2, 5, '2020-12-25', '2020-12-13'),
(47, 325, 297, 4, 3, 8, '2021-11-09', '2021-03-17'),
(48, 614, 120, 1, 2, 3, '2021-03-26', '2021-01-21'),
(49, 827, 876, 3, 2, 3, '2021-04-30', '2021-06-29'),
(50, 919, 321, 3, 1, 4, '2021-05-29', '2021-02-22'),
(51, 273, 272, 2, 3, 8, '2021-09-18', '2021-08-28'),
(52, 635, 902, 2, 2, 3, '2021-03-10', '2020-12-23'),
(53, 811, 880, 4, 2, 9, '2021-05-07', '2021-08-21'),
(54, 376, 219, 3, 1, 4, '2021-09-01', '2021-07-01'),
(55, 411, 570, 3, 3, 3, '2021-06-11', '2021-08-18'),
(56, 810, 497, 1, 1, 8, '2021-09-14', '2021-01-22'),
(57, 459, 864, 2, 2, 7, '2021-05-01', '2021-11-17'),
(58, 247, 343, 3, 3, 4, '2021-01-11', '2021-04-10'),
(59, 129, 452, 2, 3, 9, '2021-04-06', '2021-04-10'),
(60, 963, 799, 1, 2, 9, '2021-04-09', '2021-03-18'),
(61, 126, 672, 4, 3, 7, '2021-04-02', '2021-09-28'),
(62, 353, 975, 2, 3, 8, '2021-09-23', '2021-02-15'),
(63, 15, 194, 2, 1, 9, '2021-03-20', '2020-12-21'),
(64, 627, 95, 3, 2, 9, '2021-08-19', '2021-04-07'),
(65, 508, 595, 4, 2, 3, '2021-09-04', '2021-04-19'),
(66, 503, 73, 3, 3, 3, '2021-01-26', '2021-07-30'),
(67, 780, 886, 1, 2, 9, '2021-12-06', '2021-11-23'),
(68, 66, 725, 4, 2, 7, '2021-08-25', '2021-11-14'),
(69, 554, 598, 3, 1, 5, '2021-02-27', '2021-10-17'),
(70, 570, 369, 2, 2, 5, '2021-04-19', '2021-08-01'),
(71, 519, 915, 4, 1, 5, '2021-07-26', '2020-12-28'),
(72, 178, 1, 1, 1, 9, '2021-11-06', '2021-06-24'),
(73, 160, 779, 3, 3, 5, '2021-09-20', '2021-09-10'),
(74, 133, 605, 3, 1, 8, '2021-01-20', '2021-06-24'),
(75, 416, 96, 2, 3, 9, '2021-10-28', '2021-06-02'),
(76, 50, 222, 1, 1, 9, '2021-06-20', '2021-01-02'),
(77, 18, 94, 2, 2, 9, '2021-06-12', '2021-12-05'),
(78, 688, 946, 3, 3, 8, '2021-06-12', '2021-06-10'),
(79, 357, 163, 4, 2, 5, '2021-12-01', '2020-12-16'),
(80, 367, 428, 1, 1, 7, '2021-12-07', '2021-08-25'),
(81, 77, 594, 1, 3, 5, '2021-04-11', '2021-03-05'),
(82, 22, 155, 3, 1, 6, '2021-06-03', '2021-04-30'),
(83, 936, 344, 2, 3, 3, '2021-06-25', '2021-08-01'),
(84, 181, 968, 1, 1, 9, '2021-11-22', '2021-03-04'),
(85, 626, 865, 3, 2, 7, '2021-10-08', '2021-04-13'),
(86, 225, 876, 4, 3, 5, '2021-12-01', '2021-08-20'),
(87, 470, 934, 2, 2, 4, '2021-04-05', '2021-09-05'),
(88, 969, 884, 4, 2, 7, '2021-02-04', '2021-08-10'),
(89, 188, 162, 4, 2, 3, '2021-08-03', '2021-07-26'),
(90, 583, 377, 1, 3, 7, '2021-04-04', '2021-11-08'),
(91, 602, 747, 1, 1, 4, '2021-04-15', '2021-12-02'),
(92, 153, 876, 3, 2, 4, '2021-11-02', '2021-06-12'),
(93, 458, 284, 4, 2, 9, '2021-03-06', '2021-05-11'),
(94, 192, 940, 3, 2, 8, '2021-08-11', '2021-06-19'),
(95, 868, 626, 3, 2, 6, '2021-11-02', '2021-07-26'),
(96, 917, 802, 1, 3, 3, '2021-07-14', '2021-11-06'),
(97, 994, 38, 3, 3, 3, '2021-06-01', '2021-08-23'),
(98, 641, 490, 3, 1, 4, '2021-11-03', '2021-08-21'),
(99, 113, 746, 1, 2, 4, '2021-06-28', '2021-11-14'),
(100, 743, 980, 1, 2, 4, '2021-02-16', '2021-03-19'),
(101, 625, 153, 1, 1, 5, '2021-09-21', '2021-07-01'),
(102, 643, 326, 2, 1, 3, '2021-10-25', '2020-12-28'),
(103, 984, 8, 2, 2, 6, '2021-11-10', '2021-06-29'),
(104, 250, 96, 1, 1, 7, '2021-10-01', '2021-06-15'),
(105, 798, 74, 1, 2, 6, '2021-01-16', '2021-12-02'),
(106, 522, 22, 2, 2, 8, '2021-03-10', '2021-06-03'),
(107, 159, 194, 1, 2, 5, '2021-11-29', '2021-02-16'),
(108, 126, 460, 4, 2, 9, '2021-07-15', '2021-05-23'),
(109, 519, 418, 3, 2, 8, '2021-07-22', '2021-01-28'),
(110, 104, 673, 4, 3, 5, '2021-07-25', '2021-03-14'),
(111, 737, 197, 2, 3, 9, '2021-05-03', '2021-05-20'),
(112, 643, 242, 2, 2, 4, '2021-04-15', '2021-12-06'),
(113, 840, 290, 3, 3, 6, '2021-06-30', '2021-09-08'),
(114, 593, 714, 2, 1, 6, '2021-11-23', '2021-05-10'),
(115, 959, 450, 1, 3, 8, '2021-06-14', '2021-03-05'),
(116, 372, 653, 2, 2, 6, '2021-11-25', '2021-04-01'),
(117, 424, 410, 2, 3, 5, '2021-06-19', '2021-05-10'),
(118, 963, 368, 3, 3, 5, '2021-01-04', '2021-01-06'),
(119, 639, 172, 2, 2, 3, '2021-04-30', '2021-09-22'),
(120, 333, 293, 3, 3, 6, '2021-11-09', '2021-02-10'),
(121, 885, 210, 3, 2, 3, '2021-06-24', '2021-10-09'),
(122, 641, 898, 1, 3, 9, '2021-10-14', '2021-01-22'),
(123, 263, 131, 1, 2, 4, '2021-06-12', '2021-11-24'),
(124, 972, 197, 2, 1, 4, '2021-08-07', '2021-09-03'),
(125, 861, 600, 2, 2, 9, '2021-04-17', '2021-03-13'),
(126, 351, 539, 2, 1, 8, '2021-06-24', '2020-12-30'),
(127, 258, 824, 2, 3, 7, '2021-02-15', '2021-10-04'),
(128, 24, 790, 1, 2, 7, '2021-10-22', '2021-11-17'),
(129, 820, 187, 3, 3, 7, '2021-05-07', '2021-01-06'),
(130, 281, 593, 4, 3, 8, '2021-07-18', '2021-04-28'),
(131, 299, 584, 1, 1, 3, '2021-06-27', '2021-03-25'),
(132, 894, 482, 2, 3, 4, '2020-12-25', '2021-03-16'),
(133, 164, 396, 1, 1, 9, '2021-09-09', '2021-10-08'),
(134, 832, 635, 4, 2, 4, '2021-08-23', '2021-03-17'),
(135, 320, 219, 4, 1, 8, '2021-08-25', '2021-04-03'),
(136, 740, 321, 4, 3, 7, '2021-08-19', '2021-07-18'),
(137, 273, 554, 2, 2, 5, '2021-09-25', '2021-01-03'),
(138, 770, 332, 1, 1, 9, '2021-10-29', '2021-11-11'),
(139, 726, 409, 4, 3, 8, '2021-09-12', '2021-02-15'),
(140, 567, 444, 1, 2, 8, '2021-04-11', '2021-04-21'),
(141, 152, 76, 1, 2, 6, '2021-08-04', '2021-02-03'),
(142, 72, 600, 3, 3, 5, '2021-12-08', '2021-07-30'),
(143, 812, 325, 2, 1, 8, '2021-04-19', '2021-02-15'),
(144, 425, 810, 2, 1, 9, '2021-10-01', '2021-03-04'),
(145, 968, 278, 3, 2, 3, '2021-02-06', '2021-06-27'),
(146, 291, 213, 2, 2, 7, '2021-01-05', '2021-04-04'),
(147, 547, 188, 4, 1, 3, '2021-11-11', '2021-06-03'),
(148, 583, 813, 2, 2, 5, '2021-10-28', '2021-02-12'),
(149, 761, 259, 3, 3, 6, '2021-04-04', '2021-07-07'),
(150, 760, 60, 4, 2, 3, '2021-07-12', '2021-11-04'),
(151, 14, 142, 2, 1, 4, '2021-03-10', '2021-08-07'),
(152, 804, 919, 3, 3, 9, '2021-11-16', '2021-03-01'),
(153, 458, 337, 4, 1, 6, '2021-08-26', '2021-04-09'),
(154, 707, 510, 1, 1, 3, '2021-04-10', '2021-06-19'),
(155, 451, 589, 4, 3, 3, '2021-02-19', '2021-02-09'),
(156, 985, 801, 1, 3, 4, '2020-12-31', '2021-11-09'),
(157, 800, 134, 3, 1, 9, '2021-04-12', '2021-04-16'),
(158, 720, 42, 4, 2, 9, '2021-01-27', '2021-08-12'),
(159, 503, 537, 4, 3, 7, '2021-03-21', '2021-09-07'),
(160, 910, 537, 3, 3, 9, '2021-12-08', '2021-02-14'),
(161, 895, 250, 2, 3, 6, '2021-11-21', '2021-07-09'),
(162, 996, 698, 2, 3, 4, '2021-08-06', '2021-12-06'),
(163, 455, 582, 4, 1, 4, '2021-10-03', '2021-04-21'),
(164, 585, 901, 2, 1, 7, '2021-11-30', '2021-02-10'),
(165, 404, 683, 4, 3, 5, '2021-04-06', '2021-09-14'),
(166, 847, 471, 2, 1, 7, '2021-09-19', '2021-06-17'),
(167, 603, 945, 4, 2, 9, '2021-10-01', '2021-09-01'),
(168, 488, 613, 1, 1, 5, '2021-07-11', '2021-09-22'),
(169, 512, 573, 3, 2, 7, '2021-02-23', '2021-03-07'),
(170, 414, 77, 1, 1, 9, '2021-01-17', '2021-09-12'),
(171, 772, 235, 3, 1, 9, '2021-01-11', '2021-05-24'),
(172, 425, 828, 2, 1, 4, '2021-03-08', '2021-11-14'),
(173, 72, 763, 4, 3, 9, '2021-07-22', '2021-09-18'),
(174, 317, 384, 2, 2, 9, '2021-09-30', '2021-05-29'),
(175, 496, 258, 4, 3, 8, '2021-08-21', '2021-03-31'),
(176, 901, 252, 3, 2, 7, '2020-12-13', '2020-12-16'),
(177, 8, 882, 2, 2, 4, '2021-06-28', '2021-02-01'),
(178, 94, 755, 3, 3, 5, '2021-02-19', '2021-06-11'),
(179, 837, 672, 1, 3, 8, '2021-05-07', '2020-12-17'),
(180, 432, 862, 2, 1, 9, '2021-03-09', '2021-05-22'),
(181, 257, 499, 1, 1, 4, '2020-12-30', '2021-07-28'),
(182, 969, 686, 1, 1, 6, '2021-03-19', '2021-09-17'),
(183, 8, 907, 1, 3, 3, '2021-12-05', '2021-02-10'),
(184, 921, 591, 3, 1, 3, '2021-08-20', '2021-09-22'),
(185, 346, 219, 4, 1, 3, '2021-02-11', '2021-12-09'),
(186, 457, 562, 1, 2, 4, '2021-03-17', '2021-10-07'),
(187, 37, 387, 3, 3, 4, '2021-05-29', '2021-03-22'),
(188, 556, 636, 1, 1, 8, '2021-08-18', '2021-05-05'),
(189, 280, 478, 1, 1, 5, '2021-05-31', '2021-07-01'),
(190, 649, 814, 2, 2, 5, '2020-12-19', '2021-05-16'),
(191, 867, 110, 3, 1, 3, '2021-05-13', '2021-08-20'),
(192, 489, 474, 4, 3, 9, '2021-09-24', '2021-02-12'),
(193, 87, 880, 1, 1, 3, '2021-04-21', '2021-03-15'),
(194, 936, 643, 3, 2, 4, '2021-07-12', '2021-06-30'),
(195, 867, 921, 1, 3, 3, '2021-02-28', '2021-01-14'),
(196, 870, 635, 2, 2, 9, '2021-09-03', '2021-03-12'),
(197, 503, 824, 4, 1, 6, '2020-12-29', '2021-06-14'),
(198, 225, 339, 1, 2, 6, '2021-07-20', '2021-06-07'),
(199, 229, 815, 2, 3, 4, '2021-08-30', '2021-03-30'),
(200, 730, 527, 3, 2, 7, '2021-07-09', '2021-06-18'),
(201, 961, 447, 4, 2, 6, '2021-11-12', '2021-10-07'),
(202, 154, 380, 1, 3, 6, '2021-01-04', '2021-12-10'),
(203, 574, 255, 3, 3, 5, '2021-10-09', '2021-11-08'),
(204, 116, 95, 1, 1, 7, '2021-11-18', '2021-04-28'),
(205, 160, 116, 1, 2, 3, '2021-11-19', '2021-11-10'),
(206, 59, 811, 2, 3, 7, '2021-03-27', '2021-06-22'),
(207, 1000, 943, 3, 2, 5, '2021-11-10', '2021-04-12'),
(208, 319, 969, 3, 3, 9, '2021-01-15', '2021-02-23'),
(209, 504, 499, 4, 1, 3, '2021-10-30', '2021-04-14'),
(210, 601, 301, 2, 3, 8, '2021-11-26', '2021-05-16'),
(211, 851, 205, 3, 2, 5, '2021-01-14', '2021-10-18'),
(212, 127, 807, 2, 3, 3, '2021-11-29', '2021-01-21'),
(213, 189, 766, 2, 2, 3, '2021-07-23', '2021-04-02'),
(214, 449, 7, 4, 2, 8, '2020-12-19', '2021-03-05'),
(215, 287, 405, 4, 3, 8, '2021-06-04', '2021-08-05'),
(216, 255, 932, 1, 1, 6, '2021-07-06', '2021-01-23'),
(217, 690, 436, 2, 3, 8, '2021-04-20', '2021-01-28'),
(218, 694, 200, 2, 3, 4, '2021-11-10', '2021-05-08'),
(219, 193, 470, 2, 1, 7, '2021-06-17', '2021-10-18'),
(220, 658, 95, 3, 3, 6, '2021-08-03', '2021-06-20'),
(221, 402, 244, 2, 1, 9, '2021-10-31', '2021-03-18'),
(222, 200, 616, 3, 2, 6, '2021-02-27', '2021-10-24'),
(223, 403, 640, 1, 1, 4, '2021-05-08', '2021-01-21'),
(224, 514, 865, 4, 3, 5, '2021-10-31', '2021-02-25'),
(225, 309, 504, 1, 1, 7, '2021-02-22', '2021-12-04'),
(226, 491, 635, 4, 1, 9, '2021-01-09', '2021-03-23'),
(227, 750, 690, 4, 3, 6, '2021-07-03', '2021-11-26'),
(228, 932, 318, 1, 3, 8, '2021-02-22', '2021-04-11'),
(229, 704, 243, 3, 2, 6, '2021-04-20', '2021-02-01'),
(230, 187, 777, 2, 1, 4, '2021-06-12', '2021-09-12'),
(231, 357, 303, 2, 1, 6, '2021-05-07', '2021-08-09'),
(232, 956, 773, 1, 2, 8, '2021-05-03', '2021-12-03'),
(233, 962, 118, 1, 2, 3, '2021-08-22', '2021-10-31'),
(234, 635, 166, 4, 1, 6, '2021-12-02', '2021-04-06'),
(235, 133, 187, 3, 1, 4, '2021-10-25', '2021-08-06'),
(236, 134, 726, 3, 3, 5, '2021-05-21', '2021-07-18'),
(237, 423, 249, 3, 1, 6, '2021-10-29', '2021-06-01'),
(238, 388, 227, 3, 3, 4, '2021-06-10', '2021-04-29'),
(239, 971, 196, 3, 3, 3, '2021-02-13', '2021-01-13'),
(240, 682, 765, 4, 3, 7, '2021-04-29', '2021-11-11'),
(241, 196, 777, 3, 2, 5, '2021-03-14', '2021-01-19'),
(242, 329, 352, 4, 2, 5, '2021-04-03', '2021-07-20'),
(243, 12, 155, 4, 2, 7, '2020-12-11', '2021-08-01'),
(244, 161, 75, 3, 2, 5, '2021-08-11', '2021-08-11'),
(245, 775, 630, 1, 1, 6, '2021-08-12', '2021-04-14'),
(246, 532, 563, 4, 1, 8, '2021-01-15', '2021-06-11'),
(247, 755, 535, 2, 3, 8, '2021-05-11', '2021-04-10'),
(248, 654, 598, 3, 1, 6, '2021-01-24', '2021-08-04'),
(249, 645, 147, 2, 2, 4, '2021-07-07', '2021-01-07'),
(250, 973, 58, 2, 3, 4, '2021-02-11', '2021-08-18'),
(251, 56, 404, 3, 2, 4, '2021-04-27', '2021-12-07'),
(252, 779, 403, 2, 2, 3, '2021-08-10', '2021-02-18'),
(253, 212, 333, 2, 2, 6, '2021-09-12', '2021-02-14'),
(254, 942, 72, 1, 3, 5, '2021-10-27', '2021-11-09'),
(255, 143, 504, 2, 3, 9, '2021-10-27', '2021-05-24'),
(256, 277, 415, 4, 2, 6, '2021-07-13', '2021-01-11'),
(257, 648, 403, 1, 1, 5, '2021-07-03', '2021-07-05'),
(258, 670, 254, 3, 1, 3, '2021-06-01', '2021-06-03'),
(259, 86, 740, 1, 2, 4, '2021-05-30', '2021-07-09'),
(260, 690, 985, 4, 2, 8, '2021-02-14', '2021-12-03'),
(261, 179, 884, 1, 2, 3, '2021-01-27', '2021-04-01'),
(262, 517, 467, 3, 2, 5, '2021-05-19', '2020-12-29'),
(263, 744, 475, 2, 1, 8, '2021-06-11', '2021-11-10'),
(264, 643, 631, 3, 3, 5, '2021-01-15', '2021-04-27'),
(265, 772, 458, 3, 1, 5, '2021-07-18', '2021-08-16'),
(266, 850, 281, 1, 2, 3, '2021-05-04', '2021-03-17'),
(267, 9, 603, 3, 3, 4, '2021-04-20', '2021-01-12'),
(268, 848, 522, 3, 1, 9, '2021-09-07', '2021-05-12'),
(269, 191, 559, 4, 1, 9, '2021-06-14', '2021-11-11'),
(270, 127, 849, 3, 2, 9, '2020-12-17', '2020-12-31'),
(271, 827, 126, 2, 2, 4, '2021-05-15', '2021-05-04'),
(272, 793, 61, 2, 3, 6, '2021-09-05', '2021-11-03'),
(273, 363, 915, 2, 2, 5, '2021-08-05', '2021-01-03'),
(274, 991, 819, 3, 1, 7, '2021-11-29', '2021-08-14'),
(275, 184, 421, 4, 3, 4, '2021-03-26', '2021-03-22'),
(276, 382, 219, 1, 3, 9, '2021-02-17', '2021-06-18'),
(277, 851, 989, 4, 3, 7, '2021-12-10', '2021-07-01'),
(278, 998, 425, 4, 2, 7, '2021-04-12', '2021-10-16'),
(279, 419, 230, 3, 1, 4, '2021-10-04', '2021-11-30'),
(280, 95, 691, 2, 1, 7, '2021-01-27', '2021-09-04'),
(281, 19, 686, 1, 2, 9, '2021-04-28', '2021-04-06'),
(282, 680, 24, 3, 2, 5, '2021-05-05', '2021-08-19'),
(283, 11, 848, 4, 1, 9, '2021-11-24', '2021-07-03'),
(284, 196, 697, 3, 2, 3, '2021-03-01', '2021-11-22'),
(285, 641, 162, 2, 2, 5, '2021-01-13', '2021-06-12'),
(286, 4, 788, 3, 1, 3, '2021-09-15', '2021-06-14'),
(287, 770, 985, 4, 1, 8, '2021-07-22', '2021-06-03'),
(288, 568, 33, 4, 2, 8, '2021-01-15', '2021-01-13'),
(289, 205, 643, 3, 1, 4, '2021-09-20', '2021-07-03'),
(290, 706, 590, 4, 1, 4, '2021-06-17', '2021-05-29'),
(291, 771, 475, 4, 2, 8, '2021-03-20', '2021-11-18'),
(292, 342, 468, 3, 3, 7, '2021-09-12', '2021-02-19'),
(293, 355, 403, 3, 3, 6, '2021-05-20', '2021-01-21'),
(294, 538, 739, 4, 1, 9, '2021-07-20', '2021-12-10'),
(295, 433, 593, 2, 1, 7, '2020-12-16', '2021-08-17'),
(296, 611, 405, 1, 2, 3, '2021-08-03', '2021-10-09'),
(297, 474, 349, 3, 1, 7, '2021-05-27', '2021-02-20'),
(298, 856, 885, 4, 1, 8, '2021-08-14', '2021-08-01'),
(299, 951, 321, 3, 3, 4, '2020-12-30', '2021-05-31'),
(300, 490, 956, 4, 1, 9, '2021-08-12', '2021-05-20'),
(301, 102, 109, 2, 3, 6, '2021-04-09', '2021-09-26'),
(302, 744, 455, 1, 1, 3, '2021-03-14', '2021-01-02'),
(303, 487, 158, 3, 1, 7, '2021-10-19', '2021-06-08'),
(304, 20, 33, 1, 1, 6, '2021-03-16', '2020-12-18'),
(305, 175, 708, 4, 1, 8, '2021-08-16', '2021-02-11'),
(306, 440, 371, 4, 2, 9, '2021-05-17', '2021-02-17'),
(307, 311, 289, 1, 2, 8, '2021-11-02', '2021-07-19'),
(308, 325, 903, 4, 3, 6, '2021-01-15', '2021-10-17'),
(309, 648, 862, 2, 1, 8, '2021-06-01', '2021-11-21'),
(310, 197, 513, 3, 3, 8, '2021-08-28', '2021-08-20'),
(311, 110, 387, 2, 2, 4, '2021-07-05', '2021-05-21'),
(312, 495, 482, 3, 2, 3, '2021-11-11', '2020-12-28'),
(313, 856, 9, 4, 2, 9, '2021-07-25', '2021-03-25'),
(314, 323, 853, 2, 2, 7, '2021-05-21', '2021-04-29'),
(315, 940, 131, 2, 1, 5, '2020-12-13', '2021-02-11'),
(316, 351, 610, 2, 1, 8, '2021-05-21', '2021-05-23'),
(317, 812, 363, 3, 2, 8, '2020-12-13', '2021-12-10'),
(318, 187, 975, 2, 3, 6, '2020-12-30', '2021-05-28'),
(319, 702, 942, 2, 2, 8, '2021-02-15', '2021-01-28'),
(320, 370, 237, 3, 2, 9, '2021-05-13', '2021-01-15'),
(321, 489, 509, 3, 1, 9, '2021-01-29', '2021-05-19'),
(322, 458, 861, 1, 3, 6, '2021-03-29', '2021-09-19'),
(323, 99, 793, 1, 2, 3, '2021-01-18', '2021-01-09'),
(324, 280, 602, 3, 1, 6, '2021-11-22', '2021-11-20'),
(325, 788, 772, 2, 2, 5, '2021-10-11', '2021-01-30'),
(326, 653, 529, 3, 2, 9, '2021-09-21', '2021-03-17'),
(327, 280, 591, 1, 2, 6, '2021-06-26', '2021-06-11'),
(328, 499, 759, 4, 2, 3, '2021-03-24', '2021-03-16'),
(329, 963, 685, 2, 3, 9, '2021-03-04', '2021-07-04'),
(330, 946, 59, 1, 2, 4, '2021-07-11', '2021-06-24'),
(331, 198, 87, 3, 2, 4, '2021-05-09', '2021-04-02'),
(332, 124, 490, 2, 2, 8, '2021-07-01', '2021-11-04'),
(333, 543, 593, 1, 2, 8, '2021-08-14', '2021-03-01'),
(334, 613, 603, 4, 3, 7, '2021-01-03', '2021-06-20'),
(335, 161, 504, 3, 1, 3, '2021-10-23', '2021-08-19'),
(336, 405, 977, 3, 2, 8, '2021-02-12', '2021-04-11'),
(337, 384, 775, 3, 1, 3, '2021-10-06', '2021-09-05'),
(338, 410, 3, 2, 2, 9, '2021-02-24', '2021-02-11'),
(339, 760, 778, 3, 2, 8, '2021-04-08', '2021-10-03'),
(340, 504, 164, 2, 3, 9, '2021-02-04', '2021-03-12'),
(341, 663, 651, 1, 1, 3, '2021-08-28', '2021-01-28'),
(342, 156, 570, 1, 1, 4, '2021-01-05', '2021-08-30'),
(343, 48, 605, 4, 3, 9, '2021-08-10', '2021-07-15'),
(344, 474, 616, 3, 1, 9, '2021-10-12', '2021-03-02'),
(345, 803, 20, 2, 2, 6, '2021-10-30', '2021-11-07'),
(346, 57, 652, 4, 3, 9, '2021-04-03', '2021-02-24'),
(347, 43, 35, 3, 1, 9, '2021-05-28', '2021-06-27'),
(348, 880, 664, 4, 2, 4, '2021-09-03', '2021-03-30'),
(349, 596, 479, 4, 2, 5, '2021-01-12', '2021-11-28'),
(350, 772, 97, 2, 3, 6, '2021-11-27', '2021-09-02'),
(351, 382, 170, 1, 3, 5, '2021-08-12', '2021-06-10'),
(352, 728, 760, 3, 1, 3, '2021-12-09', '2021-07-02'),
(353, 683, 955, 3, 1, 6, '2021-09-03', '2021-01-05'),
(354, 628, 564, 4, 1, 8, '2021-04-20', '2021-06-14'),
(355, 960, 626, 1, 2, 9, '2021-03-05', '2021-02-14'),
(356, 51, 961, 3, 3, 3, '2021-09-09', '2021-08-22'),
(357, 858, 988, 4, 1, 3, '2021-06-13', '2021-12-07'),
(358, 336, 541, 1, 1, 3, '2021-03-10', '2021-04-27'),
(359, 489, 452, 4, 1, 4, '2020-12-23', '2021-04-02'),
(360, 630, 722, 2, 3, 6, '2021-09-08', '2021-04-22'),
(361, 382, 388, 2, 3, 7, '2021-08-30', '2021-06-30'),
(362, 643, 202, 4, 3, 3, '2021-12-06', '2021-09-27'),
(363, 988, 735, 1, 3, 8, '2021-03-01', '2021-10-27'),
(364, 801, 790, 3, 1, 6, '2021-02-13', '2021-10-19'),
(365, 295, 910, 3, 1, 6, '2021-03-27', '2021-06-15'),
(366, 744, 231, 1, 1, 4, '2021-07-18', '2021-01-22'),
(367, 264, 481, 3, 2, 6, '2020-12-29', '2021-09-22'),
(368, 239, 138, 1, 3, 7, '2021-09-12', '2020-12-31'),
(369, 310, 900, 4, 2, 4, '2021-01-18', '2021-06-06'),
(370, 511, 308, 3, 1, 7, '2021-09-12', '2020-12-11'),
(371, 886, 240, 1, 1, 3, '2021-02-09', '2021-08-23'),
(372, 27, 4, 2, 1, 4, '2021-03-23', '2021-01-11'),
(373, 118, 303, 4, 3, 6, '2021-03-27', '2021-07-09'),
(374, 869, 87, 3, 2, 5, '2021-05-25', '2021-11-21'),
(375, 966, 939, 4, 2, 8, '2021-05-07', '2021-04-06'),
(376, 410, 751, 3, 2, 5, '2021-01-20', '2021-01-30'),
(377, 777, 381, 3, 1, 5, '2021-11-29', '2021-02-07'),
(378, 469, 172, 2, 3, 3, '2021-04-09', '2021-08-09'),
(379, 706, 284, 2, 2, 6, '2020-12-18', '2021-07-19'),
(380, 375, 272, 2, 2, 8, '2021-02-01', '2021-09-11'),
(381, 224, 822, 4, 1, 9, '2021-06-29', '2021-07-18'),
(382, 97, 971, 1, 1, 9, '2021-10-21', '2021-07-09'),
(383, 949, 417, 3, 2, 6, '2021-02-06', '2021-03-20'),
(384, 335, 613, 1, 1, 9, '2021-01-01', '2021-11-17'),
(385, 897, 804, 4, 2, 6, '2021-04-18', '2021-04-13'),
(386, 356, 136, 2, 3, 6, '2021-05-31', '2021-03-11'),
(387, 481, 73, 2, 3, 3, '2021-07-20', '2021-07-21'),
(388, 782, 280, 2, 2, 5, '2021-06-11', '2021-03-15'),
(389, 135, 994, 2, 2, 6, '2021-06-09', '2021-01-16'),
(390, 272, 439, 3, 3, 3, '2021-10-22', '2021-05-15'),
(391, 351, 746, 2, 1, 6, '2021-03-30', '2021-06-14'),
(392, 764, 622, 1, 3, 8, '2021-06-04', '2021-11-15'),
(393, 665, 283, 3, 3, 4, '2021-06-16', '2021-10-01'),
(394, 269, 836, 3, 2, 8, '2021-01-15', '2021-06-03'),
(395, 523, 118, 2, 1, 8, '2021-08-03', '2021-08-15'),
(396, 487, 804, 4, 2, 6, '2021-11-28', '2021-06-29'),
(397, 956, 714, 3, 3, 3, '2021-01-08', '2021-09-14'),
(398, 905, 933, 1, 2, 8, '2021-10-05', '2021-04-07'),
(399, 217, 312, 1, 3, 4, '2021-10-12', '2021-03-09'),
(400, 928, 27, 3, 2, 6, '2021-12-03', '2021-05-27'),
(401, 853, 684, 2, 3, 9, '2021-06-15', '2021-03-02'),
(402, 957, 170, 3, 3, 8, '2021-04-24', '2021-03-23'),
(403, 724, 153, 1, 2, 5, '2021-03-31', '2021-05-08'),
(404, 633, 368, 3, 3, 5, '2021-05-29', '2021-01-12'),
(405, 506, 684, 3, 3, 3, '2021-01-14', '2021-04-22'),
(406, 137, 280, 1, 2, 4, '2021-08-25', '2021-02-13'),
(407, 888, 534, 4, 3, 4, '2021-03-09', '2021-05-18'),
(408, 924, 890, 4, 3, 9, '2020-12-29', '2021-09-04'),
(409, 891, 946, 1, 3, 9, '2021-01-05', '2021-03-10'),
(410, 940, 642, 2, 1, 9, '2021-02-04', '2021-08-18'),
(411, 574, 429, 4, 1, 6, '2021-11-27', '2021-11-23'),
(412, 635, 393, 4, 2, 5, '2021-05-17', '2021-10-22'),
(413, 614, 767, 4, 1, 5, '2021-02-12', '2021-08-29'),
(414, 899, 804, 1, 2, 9, '2021-11-18', '2021-11-13'),
(415, 604, 998, 2, 1, 4, '2021-10-01', '2021-06-20'),
(416, 276, 99, 2, 2, 4, '2021-11-01', '2020-12-24'),
(417, 182, 562, 3, 2, 8, '2021-04-29', '2020-12-13'),
(418, 726, 821, 2, 2, 7, '2021-08-03', '2021-12-09'),
(419, 617, 38, 4, 1, 6, '2021-06-23', '2021-02-24'),
(420, 820, 14, 3, 3, 9, '2021-04-20', '2021-01-05'),
(421, 343, 416, 1, 3, 3, '2021-04-25', '2021-05-22'),
(422, 171, 286, 4, 2, 9, '2021-08-25', '2021-05-27'),
(423, 954, 150, 2, 3, 4, '2021-09-25', '2020-12-22'),
(424, 262, 543, 4, 1, 5, '2021-01-30', '2021-04-06'),
(425, 680, 227, 2, 1, 6, '2021-11-11', '2021-10-06'),
(426, 417, 213, 4, 3, 8, '2021-01-31', '2021-06-15'),
(427, 358, 910, 1, 1, 9, '2021-03-31', '2021-04-25'),
(428, 425, 729, 2, 1, 3, '2021-11-04', '2020-12-16'),
(429, 966, 862, 4, 2, 8, '2021-03-28', '2021-05-03'),
(430, 25, 502, 4, 1, 5, '2021-09-20', '2021-04-20'),
(431, 539, 333, 2, 2, 5, '2021-08-23', '2020-12-20'),
(432, 228, 494, 3, 1, 7, '2021-12-02', '2021-04-14'),
(433, 454, 623, 4, 3, 8, '2021-10-13', '2021-10-10'),
(434, 669, 894, 2, 3, 3, '2021-09-18', '2021-05-05'),
(435, 153, 833, 2, 1, 4, '2021-05-08', '2021-01-25'),
(436, 725, 465, 4, 2, 9, '2021-11-25', '2021-05-31'),
(437, 465, 509, 3, 2, 3, '2021-10-19', '2021-05-06'),
(438, 569, 358, 1, 3, 8, '2021-02-02', '2021-08-18'),
(439, 215, 726, 1, 2, 5, '2021-04-16', '2021-08-03'),
(440, 751, 482, 4, 2, 5, '2021-07-04', '2021-03-26'),
(441, 645, 698, 4, 2, 3, '2021-06-03', '2021-02-13'),
(442, 208, 238, 1, 1, 8, '2021-11-11', '2021-07-19'),
(443, 694, 210, 2, 2, 3, '2021-03-09', '2021-08-27'),
(444, 46, 228, 3, 3, 7, '2021-02-20', '2021-02-13'),
(445, 743, 863, 2, 1, 5, '2021-12-02', '2021-02-09'),
(446, 437, 703, 1, 1, 5, '2021-02-28', '2021-03-16'),
(447, 285, 810, 2, 1, 3, '2021-09-19', '2020-12-28'),
(448, 871, 49, 3, 2, 5, '2021-09-22', '2021-11-27'),
(449, 711, 979, 4, 2, 3, '2021-06-21', '2021-01-22'),
(450, 185, 22, 1, 3, 5, '2021-12-05', '2021-06-20'),
(451, 563, 889, 2, 2, 4, '2021-07-26', '2021-05-23'),
(452, 245, 638, 1, 1, 8, '2021-11-16', '2021-02-23'),
(453, 16, 45, 2, 3, 5, '2021-02-19', '2021-07-04'),
(454, 20, 297, 3, 1, 5, '2021-08-16', '2021-11-04'),
(455, 494, 501, 2, 3, 8, '2021-11-11', '2021-01-28'),
(456, 697, 857, 1, 3, 9, '2021-02-25', '2021-01-20'),
(457, 909, 614, 3, 1, 3, '2021-01-16', '2021-06-11'),
(458, 443, 877, 2, 2, 5, '2021-01-06', '2020-12-18'),
(459, 797, 273, 1, 2, 9, '2021-06-04', '2021-01-06'),
(460, 882, 680, 3, 1, 3, '2021-05-27', '2021-08-06'),
(461, 318, 648, 4, 3, 6, '2021-10-07', '2021-11-23'),
(462, 73, 970, 3, 1, 3, '2021-11-18', '2021-10-25'),
(463, 486, 707, 3, 2, 3, '2021-08-28', '2021-06-16'),
(464, 526, 89, 1, 2, 6, '2021-09-13', '2021-10-12'),
(465, 808, 149, 4, 2, 4, '2021-11-01', '2021-03-21'),
(466, 482, 50, 3, 2, 9, '2021-01-15', '2021-02-01'),
(467, 591, 393, 4, 3, 3, '2021-02-18', '2021-05-17'),
(468, 386, 121, 1, 2, 7, '2021-11-02', '2021-05-25'),
(469, 558, 962, 4, 1, 5, '2021-02-22', '2021-10-15'),
(470, 354, 179, 1, 1, 8, '2021-09-29', '2021-06-19'),
(471, 411, 180, 2, 3, 3, '2021-01-03', '2021-07-26'),
(472, 260, 56, 4, 3, 3, '2021-04-24', '2021-11-14'),
(473, 848, 456, 1, 3, 5, '2021-10-05', '2021-04-06'),
(474, 995, 875, 4, 3, 5, '2021-02-16', '2021-01-26'),
(475, 729, 570, 3, 1, 8, '2021-02-27', '2021-11-30'),
(476, 685, 662, 2, 2, 3, '2021-11-15', '2021-02-18'),
(477, 492, 166, 2, 2, 6, '2021-08-01', '2021-09-07'),
(478, 902, 136, 4, 2, 4, '2020-12-20', '2021-05-02'),
(479, 389, 855, 4, 3, 7, '2021-02-10', '2021-10-19'),
(480, 568, 523, 3, 2, 6, '2021-08-06', '2021-12-09'),
(481, 96, 700, 3, 1, 3, '2021-07-22', '2021-05-14'),
(482, 358, 304, 2, 3, 7, '2021-01-24', '2021-02-04'),
(483, 574, 448, 3, 1, 9, '2021-03-03', '2021-06-02'),
(484, 66, 13, 2, 3, 8, '2021-05-21', '2021-03-10'),
(485, 276, 909, 1, 3, 8, '2021-01-18', '2021-01-12'),
(486, 826, 178, 3, 3, 9, '2021-02-14', '2021-07-16'),
(487, 252, 469, 4, 1, 4, '2021-02-15', '2021-05-11'),
(488, 309, 728, 3, 3, 3, '2021-05-06', '2021-11-28'),
(489, 688, 778, 3, 2, 7, '2021-03-19', '2020-12-22'),
(490, 614, 392, 2, 1, 3, '2021-10-12', '2021-01-07'),
(491, 452, 614, 2, 2, 5, '2021-07-12', '2021-11-24'),
(492, 376, 158, 3, 3, 6, '2021-03-13', '2021-04-14'),
(493, 893, 157, 1, 3, 6, '2021-11-06', '2021-02-27'),
(494, 213, 2, 2, 3, 9, '2021-07-21', '2021-04-05'),
(495, 127, 207, 1, 3, 5, '2021-08-13', '2021-04-28'),
(496, 931, 12, 4, 3, 6, '2021-06-11', '2021-02-10'),
(497, 644, 184, 3, 2, 4, '2021-09-09', '2021-10-30'),
(498, 56, 382, 1, 3, 4, '2021-06-24', '2021-05-10'),
(499, 358, 304, 1, 2, 9, '2021-07-17', '2021-01-16'),
(500, 730, 208, 4, 3, 3, '2021-06-16', '2021-08-05'),
(501, 903, 108, 2, 3, 5, '2021-01-19', '2021-01-25'),
(502, 392, 261, 4, 2, 5, '2021-06-02', '2021-04-02'),
(503, 729, 462, 1, 3, 8, '2021-08-06', '2021-01-22'),
(504, 771, 455, 4, 1, 9, '2021-08-10', '2021-03-15'),
(505, 853, 122, 3, 3, 8, '2021-01-09', '2021-03-07'),
(506, 863, 281, 2, 1, 7, '2021-08-02', '2021-05-26'),
(507, 635, 313, 2, 2, 9, '2021-07-05', '2020-12-24'),
(508, 320, 645, 2, 1, 4, '2021-02-07', '2020-12-27'),
(509, 722, 882, 4, 3, 8, '2021-04-03', '2021-11-26'),
(510, 680, 555, 1, 1, 6, '2021-04-01', '2021-06-12'),
(511, 398, 520, 1, 3, 4, '2021-06-10', '2021-03-25'),
(512, 813, 525, 3, 3, 6, '2021-11-18', '2021-10-28'),
(513, 301, 274, 1, 2, 9, '2021-03-20', '2021-08-17'),
(514, 210, 464, 1, 3, 9, '2021-11-09', '2021-03-26'),
(515, 296, 246, 2, 3, 9, '2021-03-08', '2021-06-05'),
(516, 871, 17, 3, 3, 5, '2021-06-08', '2021-11-09'),
(517, 209, 108, 2, 3, 6, '2021-10-28', '2021-05-31'),
(518, 652, 276, 1, 1, 7, '2021-07-21', '2021-09-08'),
(519, 111, 360, 4, 1, 9, '2020-12-27', '2021-10-02'),
(520, 552, 59, 1, 3, 3, '2021-03-17', '2021-08-23'),
(521, 304, 956, 3, 2, 6, '2021-09-19', '2021-01-31'),
(522, 858, 310, 3, 1, 7, '2020-12-26', '2021-08-21'),
(523, 197, 425, 2, 2, 5, '2021-11-06', '2021-09-09'),
(524, 68, 824, 1, 3, 5, '2021-03-06', '2021-05-08'),
(525, 410, 175, 2, 3, 8, '2021-08-24', '2021-02-13'),
(526, 850, 293, 3, 2, 4, '2021-12-05', '2021-04-13'),
(527, 359, 620, 3, 1, 3, '2021-02-26', '2021-06-21'),
(528, 775, 936, 1, 1, 4, '2021-11-21', '2020-12-12'),
(529, 166, 422, 4, 3, 9, '2021-06-23', '2021-04-20'),
(530, 823, 435, 3, 3, 9, '2021-07-09', '2021-08-07'),
(531, 93, 517, 4, 1, 7, '2021-09-30', '2021-08-03'),
(532, 208, 171, 4, 2, 8, '2021-10-11', '2021-02-10'),
(533, 691, 325, 1, 2, 8, '2021-11-17', '2021-01-14'),
(534, 700, 187, 1, 1, 4, '2021-06-20', '2021-08-06'),
(535, 692, 523, 3, 1, 4, '2021-03-19', '2021-01-12'),
(536, 817, 178, 3, 1, 9, '2021-11-08', '2021-06-20'),
(537, 961, 827, 2, 2, 8, '2021-03-11', '2021-08-28'),
(538, 833, 988, 1, 2, 3, '2021-02-04', '2020-12-24'),
(539, 962, 503, 4, 3, 5, '2021-10-18', '2021-02-05'),
(540, 2, 181, 2, 3, 3, '2020-12-24', '2021-07-22'),
(541, 478, 927, 4, 1, 6, '2021-04-23', '2020-12-16'),
(542, 784, 875, 4, 3, 6, '2021-08-25', '2021-05-23'),
(543, 772, 890, 4, 2, 9, '2021-09-15', '2021-04-29'),
(544, 322, 381, 3, 1, 7, '2021-11-12', '2021-08-13'),
(545, 871, 305, 3, 3, 6, '2021-10-02', '2021-07-22'),
(546, 952, 676, 3, 3, 9, '2021-05-11', '2021-06-08'),
(547, 328, 515, 4, 1, 9, '2021-10-23', '2021-09-05'),
(548, 651, 376, 2, 2, 5, '2021-10-05', '2021-11-01'),
(549, 321, 735, 2, 1, 3, '2021-06-21', '2021-10-08'),
(550, 302, 775, 2, 3, 4, '2021-02-22', '2021-09-23'),
(551, 607, 745, 3, 1, 3, '2021-05-16', '2020-12-21'),
(552, 540, 937, 3, 1, 6, '2021-02-12', '2021-10-16'),
(553, 649, 442, 4, 3, 3, '2021-01-17', '2021-04-27'),
(554, 815, 224, 2, 2, 4, '2021-03-29', '2021-08-10'),
(555, 242, 186, 4, 1, 8, '2021-03-13', '2021-07-08'),
(556, 227, 1000, 4, 3, 9, '2021-07-18', '2021-12-06'),
(557, 61, 831, 4, 3, 7, '2021-11-18', '2021-10-31'),
(558, 487, 619, 4, 1, 9, '2021-07-10', '2021-04-23'),
(559, 981, 786, 1, 1, 8, '2021-07-07', '2021-11-27'),
(560, 633, 818, 1, 3, 9, '2021-11-23', '2021-10-17'),
(561, 889, 107, 1, 3, 3, '2021-07-01', '2021-01-26'),
(562, 908, 929, 1, 2, 4, '2021-06-19', '2021-09-08'),
(563, 678, 537, 2, 3, 5, '2021-08-21', '2021-03-03'),
(564, 930, 456, 2, 2, 7, '2021-02-06', '2021-10-13'),
(565, 690, 895, 1, 3, 3, '2021-02-15', '2021-04-04'),
(566, 880, 976, 3, 1, 3, '2021-06-01', '2021-05-04'),
(567, 444, 79, 4, 3, 4, '2021-04-11', '2021-06-23'),
(568, 368, 879, 2, 1, 4, '2021-10-22', '2021-10-02'),
(569, 669, 745, 4, 1, 8, '2021-12-04', '2021-01-08'),
(570, 799, 985, 2, 3, 6, '2021-02-05', '2021-10-26'),
(571, 766, 664, 1, 1, 9, '2021-06-11', '2021-07-24'),
(572, 349, 289, 2, 2, 8, '2021-06-04', '2021-09-07'),
(573, 449, 208, 1, 1, 9, '2021-04-25', '2021-09-21'),
(574, 790, 209, 1, 3, 9, '2021-02-28', '2021-07-25'),
(575, 153, 173, 2, 1, 9, '2021-07-12', '2021-04-08'),
(576, 33, 451, 2, 3, 5, '2021-03-12', '2021-01-22'),
(577, 216, 743, 2, 1, 8, '2021-11-17', '2021-04-23'),
(578, 125, 296, 1, 2, 3, '2021-11-21', '2021-10-14'),
(579, 258, 411, 3, 3, 9, '2021-09-18', '2021-06-18'),
(580, 575, 507, 4, 2, 3, '2021-07-27', '2021-06-16'),
(581, 650, 169, 2, 2, 3, '2021-06-23', '2021-01-09'),
(582, 315, 653, 2, 1, 3, '2021-10-15', '2021-07-26'),
(583, 21, 84, 3, 2, 6, '2021-11-22', '2021-03-16'),
(584, 593, 511, 2, 2, 8, '2021-04-03', '2021-06-30'),
(585, 633, 80, 1, 1, 6, '2021-02-27', '2021-10-21'),
(586, 269, 748, 1, 1, 4, '2021-11-15', '2021-11-28'),
(587, 272, 827, 4, 2, 4, '2021-10-14', '2021-10-01'),
(588, 291, 969, 2, 2, 8, '2021-02-26', '2021-12-09'),
(589, 887, 542, 1, 2, 4, '2021-07-15', '2021-09-14'),
(590, 412, 686, 2, 1, 7, '2021-08-08', '2021-02-24'),
(591, 923, 631, 2, 2, 7, '2021-04-13', '2021-04-12'),
(592, 211, 722, 2, 1, 7, '2021-10-21', '2021-07-18'),
(593, 984, 138, 4, 1, 4, '2021-04-04', '2021-12-10'),
(594, 826, 41, 3, 1, 5, '2021-03-16', '2021-05-31'),
(595, 490, 411, 4, 3, 6, '2021-10-28', '2020-12-13'),
(596, 155, 806, 2, 3, 5, '2021-11-02', '2021-07-12'),
(597, 777, 844, 1, 3, 8, '2021-01-25', '2021-11-15'),
(598, 830, 516, 2, 3, 4, '2021-03-06', '2021-03-15'),
(599, 272, 197, 4, 2, 6, '2021-06-09', '2021-04-25'),
(600, 949, 144, 4, 3, 6, '2021-06-27', '2021-08-13'),
(601, 460, 970, 1, 2, 3, '2021-06-22', '2021-04-02'),
(602, 985, 347, 3, 3, 8, '2021-07-25', '2021-04-12'),
(603, 443, 149, 1, 3, 4, '2021-08-18', '2021-06-02'),
(604, 130, 706, 4, 2, 8, '2021-03-29', '2021-11-17'),
(605, 950, 402, 1, 2, 3, '2021-10-29', '2021-04-06'),
(606, 847, 936, 3, 1, 6, '2021-11-02', '2020-12-31'),
(607, 357, 363, 4, 3, 9, '2021-06-21', '2021-02-24'),
(608, 244, 304, 3, 3, 8, '2021-09-15', '2021-03-11'),
(609, 602, 510, 1, 1, 9, '2021-03-04', '2021-08-11'),
(610, 901, 241, 4, 3, 5, '2021-05-01', '2021-05-24'),
(611, 47, 362, 2, 3, 5, '2021-09-13', '2021-11-06'),
(612, 264, 966, 4, 1, 5, '2021-09-12', '2021-07-13'),
(613, 361, 539, 2, 2, 7, '2021-09-29', '2021-06-17'),
(614, 739, 105, 2, 2, 7, '2021-07-10', '2021-01-03'),
(615, 992, 854, 1, 1, 7, '2020-12-21', '2021-03-05'),
(616, 615, 539, 4, 2, 9, '2021-01-07', '2021-11-25'),
(617, 823, 576, 3, 3, 3, '2021-11-04', '2021-10-06'),
(618, 568, 556, 2, 1, 4, '2021-04-28', '2021-02-05'),
(619, 424, 269, 4, 2, 4, '2021-03-27', '2021-02-28'),
(620, 877, 566, 3, 1, 6, '2021-05-23', '2021-07-04'),
(621, 669, 422, 4, 2, 7, '2021-03-08', '2021-06-18'),
(622, 278, 25, 1, 2, 5, '2021-08-28', '2021-03-05'),
(623, 907, 249, 2, 1, 3, '2021-11-25', '2021-09-16'),
(624, 903, 523, 3, 2, 8, '2021-08-11', '2021-12-01'),
(625, 315, 446, 1, 1, 7, '2021-02-22', '2021-08-23'),
(626, 758, 79, 2, 1, 3, '2021-11-04', '2021-10-20'),
(627, 12, 283, 1, 1, 3, '2021-10-07', '2021-08-15'),
(628, 784, 106, 3, 3, 6, '2021-01-16', '2021-10-17'),
(629, 481, 980, 3, 3, 9, '2020-12-31', '2021-01-25'),
(630, 838, 375, 3, 2, 8, '2021-05-27', '2021-11-21'),
(631, 858, 28, 4, 1, 8, '2021-02-20', '2021-07-31'),
(632, 690, 260, 2, 1, 5, '2021-12-10', '2021-10-12'),
(633, 833, 437, 2, 2, 6, '2021-06-21', '2021-05-15'),
(634, 973, 127, 1, 2, 5, '2021-09-16', '2021-04-18'),
(635, 366, 443, 4, 2, 8, '2021-11-28', '2021-05-19'),
(636, 64, 111, 3, 1, 5, '2021-07-28', '2021-08-01'),
(637, 82, 413, 4, 3, 8, '2021-04-05', '2021-09-15'),
(638, 84, 127, 2, 2, 4, '2021-07-15', '2021-11-17'),
(639, 634, 86, 4, 3, 3, '2021-11-15', '2021-08-27'),
(640, 899, 472, 1, 2, 3, '2021-09-13', '2021-08-21'),
(641, 8, 742, 2, 3, 8, '2021-07-17', '2021-11-11'),
(642, 814, 682, 1, 1, 9, '2021-02-05', '2021-05-12'),
(643, 769, 754, 1, 3, 4, '2021-02-15', '2021-03-26'),
(644, 764, 878, 2, 2, 7, '2021-02-18', '2021-07-16'),
(645, 956, 984, 4, 1, 5, '2021-02-04', '2021-12-06'),
(646, 848, 852, 3, 3, 7, '2021-03-06', '2021-01-28'),
(647, 177, 757, 1, 2, 4, '2021-10-27', '2021-12-07'),
(648, 477, 331, 3, 3, 9, '2021-06-11', '2021-04-21'),
(649, 378, 595, 3, 1, 3, '2021-05-09', '2021-07-05'),
(650, 882, 447, 2, 3, 5, '2021-08-27', '2021-02-18'),
(651, 993, 430, 4, 2, 4, '2021-06-02', '2021-09-09'),
(652, 541, 420, 3, 1, 4, '2021-07-14', '2021-07-27'),
(653, 464, 146, 2, 1, 9, '2021-06-23', '2021-03-16'),
(654, 723, 908, 3, 1, 6, '2021-09-19', '2021-10-31'),
(655, 733, 531, 2, 3, 6, '2021-09-09', '2021-12-05'),
(656, 531, 420, 3, 3, 3, '2021-11-05', '2021-08-17'),
(657, 775, 48, 3, 2, 6, '2021-12-04', '2021-10-10'),
(658, 418, 833, 2, 2, 6, '2021-03-12', '2021-01-20'),
(659, 654, 960, 1, 3, 9, '2021-01-04', '2021-01-04'),
(660, 772, 530, 4, 3, 3, '2021-10-24', '2021-01-24'),
(661, 414, 488, 1, 1, 3, '2020-12-15', '2021-11-15'),
(662, 444, 59, 3, 1, 7, '2021-02-19', '2020-12-22'),
(663, 26, 986, 1, 1, 3, '2021-02-22', '2021-10-12'),
(664, 748, 629, 4, 1, 9, '2021-05-15', '2021-11-28'),
(665, 788, 570, 1, 2, 9, '2021-07-06', '2021-04-20'),
(666, 564, 876, 4, 1, 3, '2021-02-10', '2021-03-31'),
(667, 508, 169, 1, 2, 6, '2020-12-31', '2021-11-24'),
(668, 232, 633, 4, 2, 3, '2021-06-16', '2021-01-07'),
(669, 564, 351, 2, 3, 8, '2021-07-10', '2021-03-19'),
(670, 246, 628, 2, 3, 4, '2021-08-01', '2021-01-22'),
(671, 539, 982, 4, 3, 4, '2021-06-02', '2021-04-11'),
(672, 816, 728, 4, 1, 7, '2021-03-13', '2021-05-12'),
(673, 753, 182, 1, 2, 7, '2021-07-15', '2021-10-22'),
(674, 36, 528, 1, 3, 7, '2021-11-18', '2021-01-23'),
(675, 16, 505, 2, 3, 7, '2021-03-16', '2021-07-27'),
(676, 125, 572, 3, 1, 6, '2021-10-16', '2021-02-28'),
(677, 475, 758, 4, 2, 9, '2021-07-17', '2021-07-29'),
(678, 186, 45, 4, 1, 4, '2021-04-10', '2021-04-01'),
(679, 265, 945, 3, 1, 6, '2020-12-22', '2021-10-12'),
(680, 802, 323, 4, 1, 9, '2021-03-04', '2021-10-28'),
(681, 939, 950, 1, 1, 8, '2021-03-15', '2021-05-20'),
(682, 637, 182, 3, 2, 6, '2021-03-03', '2021-02-19'),
(683, 841, 325, 2, 2, 5, '2021-09-11', '2021-06-04'),
(684, 854, 559, 2, 1, 7, '2021-06-07', '2020-12-29'),
(685, 376, 46, 3, 2, 4, '2021-12-02', '2021-07-25'),
(686, 102, 220, 4, 2, 8, '2021-05-28', '2021-09-15'),
(687, 481, 917, 3, 1, 9, '2021-03-31', '2021-10-27'),
(688, 109, 372, 4, 3, 5, '2021-07-31', '2021-09-30'),
(689, 435, 547, 1, 3, 6, '2021-08-17', '2021-10-19'),
(690, 535, 141, 1, 2, 3, '2021-11-05', '2021-05-18'),
(691, 459, 260, 4, 2, 9, '2021-11-16', '2020-12-26'),
(692, 823, 606, 3, 2, 9, '2021-10-09', '2021-05-31'),
(693, 685, 693, 2, 1, 4, '2021-07-31', '2021-06-11'),
(694, 978, 123, 2, 2, 3, '2021-06-12', '2021-03-12'),
(695, 985, 715, 4, 2, 7, '2021-11-18', '2020-12-30'),
(696, 975, 524, 1, 2, 7, '2021-01-05', '2021-01-29'),
(697, 19, 983, 3, 1, 9, '2021-09-27', '2021-02-03'),
(698, 374, 517, 3, 3, 8, '2021-09-07', '2021-05-24'),
(699, 810, 513, 2, 1, 6, '2021-06-26', '2021-09-14'),
(700, 93, 468, 1, 3, 7, '2021-12-08', '2021-11-17'),
(701, 659, 613, 3, 3, 5, '2021-08-21', '2021-01-16'),
(702, 867, 176, 4, 2, 5, '2021-06-28', '2020-12-16'),
(703, 869, 124, 3, 3, 7, '2021-04-24', '2021-05-26'),
(704, 488, 327, 2, 3, 7, '2021-01-30', '2020-12-26'),
(705, 356, 965, 3, 3, 9, '2021-11-06', '2021-11-18'),
(706, 364, 184, 1, 2, 4, '2020-12-24', '2020-12-23'),
(707, 107, 966, 1, 2, 5, '2021-07-13', '2021-02-13'),
(708, 391, 765, 2, 2, 6, '2021-11-14', '2021-04-05'),
(709, 14, 36, 3, 1, 8, '2021-04-23', '2021-01-23'),
(710, 357, 160, 2, 2, 5, '2021-01-05', '2021-06-03'),
(711, 99, 743, 4, 2, 3, '2021-02-16', '2021-01-02'),
(712, 776, 248, 3, 3, 6, '2021-08-13', '2021-08-11'),
(713, 911, 728, 2, 2, 5, '2021-03-16', '2021-10-30'),
(714, 100, 331, 4, 3, 9, '2021-04-09', '2021-04-12'),
(715, 778, 314, 1, 1, 4, '2020-12-11', '2021-11-23'),
(716, 442, 608, 4, 2, 7, '2021-01-22', '2021-02-10'),
(717, 875, 124, 4, 2, 6, '2021-11-15', '2021-07-11'),
(718, 7, 622, 3, 2, 8, '2020-12-26', '2020-12-30'),
(719, 272, 158, 2, 1, 9, '2021-10-12', '2021-10-19'),
(720, 353, 89, 3, 3, 5, '2021-06-24', '2021-09-22'),
(721, 868, 331, 1, 1, 4, '2021-08-13', '2021-03-26'),
(722, 335, 7, 4, 3, 9, '2021-02-06', '2021-10-06'),
(723, 53, 152, 3, 1, 5, '2021-12-10', '2021-08-01'),
(724, 992, 376, 2, 2, 7, '2021-10-03', '2021-02-14'),
(725, 921, 687, 3, 1, 3, '2021-07-30', '2021-07-17'),
(726, 549, 49, 3, 2, 3, '2021-11-19', '2021-07-25'),
(727, 144, 298, 4, 1, 4, '2021-04-03', '2021-03-02'),
(728, 99, 706, 1, 1, 7, '2021-03-30', '2021-07-27'),
(729, 381, 231, 4, 1, 5, '2021-10-21', '2021-03-14'),
(730, 352, 915, 1, 3, 3, '2020-12-18', '2021-04-21'),
(731, 525, 21, 2, 3, 4, '2021-03-29', '2021-06-21'),
(732, 699, 757, 3, 2, 3, '2021-05-10', '2021-11-10'),
(733, 680, 164, 4, 3, 8, '2021-02-01', '2021-03-04'),
(734, 627, 643, 4, 2, 7, '2021-10-22', '2021-03-13'),
(735, 815, 134, 3, 1, 4, '2021-03-03', '2021-06-26'),
(736, 23, 690, 4, 2, 7, '2020-12-21', '2021-10-30'),
(737, 210, 649, 3, 1, 3, '2021-10-10', '2021-03-15'),
(738, 740, 760, 2, 2, 9, '2021-06-27', '2021-02-26'),
(739, 69, 751, 1, 3, 5, '2021-10-26', '2021-12-03'),
(740, 603, 259, 4, 1, 8, '2021-05-05', '2021-02-12'),
(741, 465, 136, 1, 1, 3, '2021-08-25', '2021-12-02'),
(742, 592, 603, 3, 1, 3, '2021-07-26', '2021-08-17'),
(743, 325, 296, 2, 2, 5, '2021-07-15', '2021-11-25'),
(744, 967, 479, 1, 1, 4, '2021-10-13', '2021-06-11'),
(745, 624, 451, 4, 3, 3, '2021-10-27', '2021-02-03'),
(746, 198, 710, 3, 1, 8, '2021-06-18', '2021-04-18'),
(747, 97, 856, 2, 3, 8, '2021-02-19', '2021-04-23'),
(748, 634, 193, 2, 1, 6, '2021-03-05', '2021-04-10'),
(749, 501, 843, 1, 1, 5, '2021-06-20', '2021-04-14'),
(750, 519, 495, 2, 3, 3, '2021-10-19', '2021-06-18'),
(751, 435, 128, 1, 1, 6, '2021-09-25', '2021-05-13'),
(752, 925, 814, 2, 1, 4, '2021-08-13', '2021-02-17'),
(753, 150, 514, 2, 3, 8, '2021-03-06', '2021-05-01'),
(754, 88, 314, 3, 1, 3, '2021-05-26', '2021-11-17'),
(755, 266, 115, 2, 2, 9, '2021-04-21', '2021-06-03'),
(756, 225, 211, 2, 1, 7, '2021-10-15', '2021-05-31'),
(757, 705, 433, 3, 1, 3, '2021-12-09', '2021-11-14'),
(758, 612, 475, 1, 1, 5, '2021-08-30', '2021-08-19'),
(759, 105, 94, 4, 2, 9, '2021-09-03', '2021-02-24'),
(760, 471, 459, 3, 3, 9, '2021-03-17', '2021-07-14'),
(761, 504, 22, 4, 3, 5, '2021-11-20', '2021-10-06'),
(762, 969, 583, 2, 2, 5, '2021-09-03', '2021-05-03'),
(763, 340, 324, 1, 2, 5, '2021-10-27', '2021-08-31'),
(764, 218, 951, 2, 1, 9, '2021-08-05', '2021-10-13'),
(765, 551, 935, 1, 2, 7, '2021-10-28', '2021-06-04'),
(766, 662, 719, 4, 1, 6, '2021-07-23', '2021-07-12'),
(767, 817, 901, 1, 1, 5, '2021-09-19', '2021-04-29'),
(768, 409, 39, 2, 1, 7, '2021-05-26', '2021-03-30'),
(769, 605, 943, 4, 1, 4, '2021-08-26', '2021-04-17'),
(770, 951, 135, 3, 2, 7, '2021-04-06', '2021-03-29'),
(771, 234, 783, 4, 2, 6, '2021-02-12', '2021-09-26'),
(772, 846, 314, 4, 3, 9, '2021-08-14', '2021-01-23'),
(773, 296, 827, 1, 3, 4, '2021-04-20', '2021-04-23'),
(774, 580, 220, 4, 3, 7, '2021-06-01', '2021-01-22'),
(775, 205, 896, 1, 3, 6, '2021-05-11', '2021-04-30'),
(776, 844, 702, 4, 1, 6, '2021-08-03', '2021-10-18'),
(777, 155, 901, 4, 1, 7, '2021-05-07', '2021-06-30'),
(778, 438, 977, 3, 3, 8, '2021-03-26', '2021-06-26'),
(779, 144, 891, 1, 3, 7, '2021-05-27', '2020-12-24'),
(780, 25, 417, 3, 3, 4, '2021-08-09', '2021-06-09'),
(781, 339, 866, 3, 1, 5, '2021-02-10', '2021-06-20'),
(782, 602, 821, 4, 2, 3, '2021-10-26', '2021-01-02'),
(783, 719, 755, 3, 2, 4, '2021-12-10', '2021-03-02'),
(784, 400, 58, 3, 2, 5, '2021-09-15', '2021-06-15'),
(785, 209, 186, 1, 3, 9, '2021-04-21', '2021-11-07'),
(786, 661, 939, 2, 1, 9, '2021-04-07', '2021-03-30'),
(787, 151, 997, 3, 2, 4, '2021-07-11', '2021-02-16'),
(788, 569, 9, 2, 3, 8, '2021-02-26', '2021-06-18'),
(789, 543, 128, 2, 2, 4, '2021-04-04', '2021-11-25'),
(790, 760, 123, 4, 2, 5, '2021-02-13', '2021-03-12'),
(791, 63, 363, 3, 2, 8, '2021-06-07', '2021-03-27'),
(792, 954, 592, 1, 1, 4, '2021-09-16', '2021-07-02'),
(793, 99, 735, 1, 3, 7, '2021-02-12', '2021-01-11'),
(794, 17, 531, 2, 3, 6, '2021-06-22', '2021-02-24'),
(795, 544, 883, 3, 1, 3, '2021-06-23', '2021-10-10'),
(796, 300, 73, 4, 3, 8, '2021-01-02', '2021-05-19'),
(797, 626, 451, 2, 1, 3, '2021-09-16', '2021-01-18'),
(798, 851, 48, 1, 3, 8, '2021-07-10', '2021-03-03'),
(799, 271, 421, 2, 1, 6, '2021-05-03', '2021-08-21'),
(800, 821, 933, 3, 2, 8, '2021-03-16', '2021-10-23'),
(801, 891, 920, 4, 3, 7, '2020-12-30', '2021-05-20'),
(802, 431, 823, 4, 3, 4, '2021-03-25', '2021-04-12'),
(803, 239, 903, 2, 3, 9, '2021-07-18', '2021-06-17'),
(804, 10, 236, 1, 2, 7, '2021-06-05', '2021-03-24'),
(805, 352, 62, 3, 3, 7, '2021-07-12', '2021-05-12'),
(806, 40, 86, 4, 3, 7, '2021-09-15', '2020-12-26'),
(807, 633, 395, 2, 3, 9, '2021-10-21', '2021-08-15'),
(808, 23, 249, 1, 3, 9, '2021-05-30', '2021-08-15'),
(809, 458, 207, 1, 2, 9, '2021-11-12', '2021-10-02'),
(810, 787, 875, 2, 1, 6, '2021-01-17', '2021-12-03'),
(811, 660, 710, 2, 2, 8, '2021-08-26', '2021-05-13'),
(812, 333, 651, 2, 2, 4, '2021-12-08', '2021-03-08'),
(813, 264, 313, 2, 3, 4, '2021-03-18', '2021-01-27'),
(814, 349, 853, 4, 2, 3, '2021-01-20', '2021-07-08'),
(815, 725, 155, 4, 2, 3, '2021-11-18', '2021-06-18'),
(816, 769, 413, 3, 3, 9, '2021-04-03', '2020-12-15'),
(817, 825, 378, 3, 2, 7, '2021-01-20', '2021-09-24'),
(818, 696, 265, 4, 1, 3, '2021-06-15', '2021-02-20'),
(819, 390, 747, 2, 3, 7, '2021-09-15', '2021-10-20'),
(820, 104, 456, 2, 1, 7, '2021-03-17', '2021-10-15'),
(821, 264, 968, 1, 3, 5, '2021-02-21', '2021-09-23'),
(822, 904, 117, 2, 2, 9, '2021-04-05', '2020-12-30'),
(823, 182, 845, 1, 2, 6, '2021-05-03', '2021-06-12'),
(824, 929, 339, 1, 2, 8, '2021-08-07', '2021-11-13'),
(825, 962, 356, 2, 3, 8, '2021-11-17', '2021-06-05'),
(826, 188, 605, 1, 2, 3, '2021-04-02', '2021-08-31'),
(827, 143, 207, 1, 2, 3, '2021-03-17', '2021-09-29'),
(828, 584, 312, 3, 1, 4, '2021-07-09', '2021-09-14'),
(829, 179, 86, 4, 3, 8, '2021-08-24', '2021-07-18'),
(830, 396, 991, 4, 3, 4, '2021-08-25', '2021-03-28'),
(831, 304, 896, 3, 2, 9, '2021-05-18', '2021-07-16'),
(832, 88, 93, 1, 1, 8, '2021-08-17', '2021-05-15'),
(833, 694, 345, 1, 3, 8, '2021-09-27', '2021-07-10'),
(834, 380, 74, 4, 2, 9, '2021-09-13', '2021-03-06'),
(835, 404, 749, 3, 1, 4, '2021-01-12', '2021-11-18'),
(836, 693, 723, 2, 3, 5, '2020-12-16', '2021-05-19'),
(837, 320, 28, 2, 3, 6, '2021-05-01', '2021-03-10'),
(838, 695, 312, 1, 3, 7, '2021-07-19', '2021-02-06'),
(839, 752, 556, 3, 2, 3, '2021-01-21', '2021-01-21'),
(840, 265, 893, 2, 1, 4, '2021-08-30', '2021-05-11'),
(841, 660, 780, 2, 3, 8, '2021-06-18', '2021-01-21'),
(842, 358, 483, 4, 2, 6, '2021-06-06', '2021-04-11'),
(843, 725, 906, 4, 1, 7, '2021-08-09', '2021-03-05'),
(844, 544, 344, 4, 3, 4, '2021-06-16', '2021-01-25'),
(845, 622, 890, 2, 2, 3, '2021-06-11', '2021-05-17'),
(846, 403, 230, 1, 2, 8, '2021-03-09', '2020-12-18'),
(847, 53, 87, 2, 2, 9, '2021-11-15', '2021-08-27'),
(848, 808, 18, 3, 1, 6, '2021-11-27', '2021-04-13'),
(849, 907, 310, 2, 2, 5, '2021-03-16', '2021-11-27'),
(850, 349, 88, 4, 3, 9, '2021-04-24', '2021-11-04'),
(851, 151, 321, 3, 3, 7, '2021-10-31', '2021-07-27'),
(852, 414, 22, 2, 2, 9, '2021-05-28', '2021-05-26'),
(853, 421, 111, 2, 2, 9, '2021-03-13', '2020-12-11'),
(854, 334, 265, 2, 3, 8, '2021-06-15', '2021-06-16'),
(855, 462, 953, 4, 1, 7, '2021-08-11', '2021-08-06'),
(856, 512, 36, 1, 1, 8, '2021-06-04', '2020-12-11'),
(857, 91, 739, 1, 3, 3, '2021-02-23', '2021-09-03'),
(858, 236, 211, 2, 1, 3, '2021-06-11', '2020-12-23'),
(859, 149, 443, 4, 3, 4, '2021-01-21', '2021-09-20'),
(860, 788, 214, 1, 2, 8, '2021-03-27', '2021-02-22'),
(861, 352, 709, 4, 2, 5, '2021-10-07', '2021-10-02'),
(862, 579, 845, 1, 1, 6, '2021-08-14', '2021-09-13'),
(863, 677, 195, 3, 1, 6, '2021-04-10', '2021-01-11'),
(864, 536, 114, 2, 2, 3, '2021-09-19', '2021-05-19'),
(865, 536, 483, 2, 3, 9, '2020-12-30', '2021-10-25'),
(866, 944, 93, 1, 1, 7, '2021-03-15', '2021-10-05'),
(867, 476, 441, 3, 3, 5, '2021-10-17', '2021-01-10'),
(868, 752, 569, 4, 1, 7, '2021-04-14', '2021-09-14'),
(869, 108, 64, 2, 1, 5, '2021-03-27', '2021-06-14'),
(870, 67, 225, 3, 2, 9, '2021-03-25', '2021-07-06'),
(871, 812, 674, 3, 2, 9, '2021-11-07', '2021-02-28'),
(872, 425, 31, 3, 3, 5, '2021-04-14', '2021-08-20'),
(873, 724, 376, 3, 3, 9, '2021-08-27', '2021-03-03'),
(874, 602, 472, 1, 2, 6, '2021-08-08', '2021-11-07'),
(875, 481, 662, 3, 1, 4, '2021-08-17', '2021-10-27'),
(876, 420, 482, 4, 1, 5, '2021-04-19', '2021-11-07'),
(877, 935, 707, 4, 1, 7, '2021-07-08', '2021-09-16'),
(878, 137, 64, 2, 2, 6, '2021-11-06', '2021-02-08'),
(879, 786, 444, 3, 1, 9, '2021-09-30', '2021-10-29'),
(880, 755, 256, 2, 2, 9, '2021-07-12', '2021-08-01'),
(881, 255, 967, 4, 2, 8, '2021-05-26', '2021-06-24'),
(882, 438, 157, 4, 1, 7, '2021-03-02', '2021-03-02'),
(883, 316, 828, 2, 1, 5, '2021-02-05', '2021-04-27'),
(884, 842, 940, 2, 3, 9, '2020-12-11', '2021-06-25'),
(885, 138, 152, 3, 1, 7, '2021-02-17', '2020-12-13'),
(886, 67, 438, 4, 3, 6, '2021-02-09', '2021-05-16'),
(887, 351, 748, 2, 3, 8, '2021-07-18', '2021-08-15'),
(888, 436, 476, 1, 2, 9, '2021-03-12', '2021-03-22'),
(889, 21, 756, 3, 3, 8, '2021-05-29', '2021-06-23'),
(890, 830, 694, 2, 2, 4, '2021-06-18', '2021-05-07'),
(891, 212, 739, 3, 3, 7, '2021-05-04', '2021-05-21'),
(892, 807, 20, 1, 2, 3, '2021-01-09', '2021-03-02'),
(893, 607, 934, 1, 2, 4, '2021-05-13', '2020-12-24'),
(894, 355, 964, 1, 3, 6, '2021-11-30', '2021-06-29'),
(895, 278, 894, 2, 3, 8, '2021-03-22', '2021-04-12'),
(896, 253, 703, 2, 1, 8, '2021-02-09', '2021-01-14'),
(897, 961, 349, 4, 2, 9, '2021-01-09', '2020-12-12'),
(898, 458, 711, 4, 1, 4, '2021-09-20', '2021-07-05'),
(899, 860, 467, 3, 2, 7, '2021-02-14', '2021-05-31'),
(900, 672, 659, 4, 1, 9, '2021-12-08', '2021-07-21'),
(901, 835, 705, 3, 1, 7, '2020-12-22', '2021-09-27'),
(902, 386, 312, 3, 3, 7, '2021-06-11', '2021-01-24'),
(903, 382, 222, 3, 2, 8, '2021-09-06', '2021-09-16'),
(904, 927, 584, 1, 2, 8, '2021-08-10', '2021-07-06'),
(905, 552, 261, 1, 3, 3, '2021-05-14', '2021-04-04'),
(906, 909, 762, 3, 3, 7, '2021-09-25', '2021-03-24'),
(907, 796, 416, 2, 1, 9, '2021-02-09', '2021-06-03'),
(908, 288, 449, 2, 2, 8, '2021-07-24', '2021-06-26'),
(909, 776, 599, 3, 1, 8, '2021-02-08', '2020-12-28'),
(910, 886, 442, 1, 2, 7, '2021-08-28', '2021-05-03'),
(911, 73, 436, 3, 1, 9, '2021-06-10', '2021-01-20'),
(912, 222, 7, 3, 1, 8, '2021-03-12', '2021-08-02'),
(913, 273, 960, 3, 3, 6, '2021-07-22', '2021-04-08'),
(914, 35, 842, 3, 2, 3, '2021-05-11', '2021-05-10'),
(915, 204, 546, 2, 2, 4, '2021-12-03', '2021-05-22'),
(916, 531, 168, 4, 3, 5, '2021-07-03', '2021-06-03'),
(917, 515, 934, 1, 2, 7, '2021-08-18', '2021-05-25'),
(918, 504, 153, 4, 1, 3, '2021-06-22', '2021-01-30'),
(919, 841, 740, 3, 3, 7, '2021-03-31', '2020-12-17'),
(920, 176, 967, 1, 3, 8, '2021-07-14', '2021-04-05'),
(921, 636, 812, 3, 3, 6, '2021-09-28', '2021-06-13'),
(922, 157, 856, 2, 2, 7, '2021-10-25', '2021-05-29'),
(923, 881, 418, 1, 2, 7, '2021-06-01', '2021-07-18'),
(924, 832, 3, 3, 3, 7, '2021-01-04', '2021-01-13'),
(925, 559, 756, 3, 2, 7, '2021-02-19', '2021-06-23'),
(926, 130, 122, 1, 3, 6, '2021-10-09', '2021-01-13'),
(927, 246, 714, 1, 1, 4, '2021-07-07', '2021-01-16'),
(928, 506, 408, 1, 1, 4, '2021-05-25', '2021-09-29'),
(929, 441, 104, 1, 2, 6, '2021-01-28', '2021-04-29'),
(930, 206, 713, 2, 1, 9, '2021-11-25', '2021-04-07'),
(931, 990, 615, 3, 1, 5, '2021-07-09', '2021-08-24'),
(932, 188, 817, 1, 1, 7, '2021-06-04', '2021-06-08'),
(933, 119, 987, 2, 3, 4, '2021-10-06', '2021-09-10'),
(934, 64, 159, 2, 1, 8, '2021-11-29', '2021-12-06'),
(935, 833, 890, 3, 2, 4, '2021-02-20', '2021-08-20'),
(936, 373, 730, 1, 1, 3, '2021-08-03', '2021-03-02'),
(937, 927, 589, 1, 2, 4, '2021-05-05', '2021-09-03'),
(938, 110, 360, 3, 3, 8, '2021-07-02', '2021-06-17'),
(939, 647, 862, 3, 3, 3, '2021-11-15', '2021-04-17'),
(940, 760, 285, 4, 3, 4, '2020-12-13', '2021-08-04'),
(941, 999, 248, 4, 3, 9, '2021-08-08', '2021-02-11'),
(942, 620, 978, 1, 2, 7, '2021-10-07', '2021-07-06'),
(943, 142, 84, 3, 2, 7, '2021-06-28', '2021-08-03'),
(944, 396, 789, 1, 2, 4, '2021-03-13', '2021-11-30'),
(945, 648, 133, 4, 2, 6, '2021-01-17', '2020-12-26'),
(946, 917, 786, 4, 3, 5, '2021-02-21', '2021-11-23'),
(947, 331, 598, 2, 2, 6, '2021-07-20', '2021-07-12'),
(948, 966, 478, 4, 2, 5, '2021-04-27', '2021-09-14'),
(949, 608, 506, 1, 2, 7, '2021-06-16', '2021-10-21'),
(950, 412, 852, 1, 2, 9, '2021-10-02', '2021-10-27'),
(951, 265, 728, 1, 3, 4, '2021-09-01', '2021-04-22'),
(952, 140, 85, 3, 3, 7, '2021-08-04', '2021-10-12'),
(953, 537, 268, 3, 2, 5, '2021-02-27', '2021-08-02'),
(954, 342, 698, 4, 3, 3, '2021-05-30', '2021-02-05'),
(955, 34, 463, 2, 3, 3, '2021-11-12', '2021-09-12'),
(956, 511, 391, 4, 1, 5, '2020-12-16', '2021-03-10'),
(957, 966, 426, 3, 1, 8, '2020-12-17', '2021-05-07'),
(958, 395, 105, 4, 1, 5, '2021-08-14', '2021-09-11'),
(959, 101, 97, 3, 2, 5, '2021-04-25', '2021-04-18'),
(960, 833, 372, 3, 2, 3, '2021-02-03', '2021-08-14'),
(961, 483, 111, 1, 2, 4, '2021-06-26', '2021-08-06'),
(962, 875, 573, 3, 1, 4, '2020-12-30', '2021-06-07'),
(963, 26, 859, 2, 2, 7, '2020-12-31', '2021-06-22'),
(964, 992, 271, 3, 1, 6, '2021-04-19', '2021-03-04');
INSERT INTO `orders_detail` (`id`, `transaction_id`, `product_id`, `subcribe_id`, `discount_id`, `price`, `created_at`, `modified_at`) VALUES
(965, 59, 949, 4, 3, 6, '2021-04-06', '2021-05-16'),
(966, 992, 189, 4, 3, 7, '2021-03-29', '2021-12-02'),
(967, 929, 408, 4, 3, 6, '2021-06-06', '2021-01-18'),
(968, 755, 677, 1, 3, 9, '2021-04-09', '2021-11-27'),
(969, 152, 359, 1, 1, 3, '2021-07-23', '2021-11-14'),
(970, 315, 202, 3, 3, 3, '2021-07-23', '2021-10-06'),
(971, 453, 524, 4, 1, 3, '2021-04-29', '2021-10-07'),
(972, 292, 366, 2, 2, 8, '2021-06-26', '2021-10-09'),
(973, 788, 152, 4, 2, 6, '2021-04-22', '2021-05-26'),
(974, 11, 438, 3, 1, 4, '2021-11-20', '2021-07-09'),
(975, 56, 830, 2, 3, 3, '2021-11-02', '2021-08-04'),
(976, 307, 296, 4, 3, 6, '2021-04-25', '2021-11-23'),
(977, 602, 929, 4, 2, 9, '2021-03-27', '2021-02-26'),
(978, 744, 363, 1, 1, 6, '2021-03-18', '2021-12-02'),
(979, 381, 845, 2, 1, 6, '2021-01-28', '2021-07-08'),
(980, 745, 789, 1, 3, 3, '2021-07-09', '2021-05-28'),
(981, 570, 566, 2, 3, 4, '2021-08-09', '2021-05-21'),
(982, 742, 632, 4, 1, 3, '2021-05-08', '2021-04-24'),
(983, 694, 131, 3, 3, 3, '2021-05-17', '2021-06-27'),
(984, 576, 508, 4, 1, 5, '2021-05-04', '2021-09-26'),
(985, 82, 915, 1, 2, 4, '2021-05-20', '2021-03-10'),
(986, 640, 211, 1, 1, 7, '2021-01-05', '2021-09-07'),
(987, 26, 911, 4, 3, 3, '2021-01-17', '2021-09-16'),
(988, 697, 288, 4, 1, 6, '2021-06-14', '2021-01-02'),
(989, 948, 279, 2, 1, 4, '2020-12-15', '2020-12-23'),
(990, 454, 558, 1, 3, 7, '2021-08-22', '2021-09-19'),
(991, 520, 162, 3, 1, 9, '2021-04-08', '2020-12-28'),
(992, 990, 985, 3, 3, 5, '2020-12-28', '2021-09-21'),
(993, 428, 883, 1, 2, 4, '2021-07-10', '2021-03-30'),
(994, 594, 262, 3, 3, 4, '2021-02-18', '2021-11-14'),
(995, 341, 135, 3, 3, 6, '2021-06-16', '2021-02-21'),
(996, 172, 977, 1, 1, 5, '2021-06-12', '2021-02-13'),
(997, 860, 918, 3, 3, 3, '2021-01-26', '2021-02-23'),
(998, 345, 598, 4, 2, 4, '2021-08-16', '2021-02-05'),
(999, 802, 521, 4, 1, 3, '2021-04-07', '2021-05-14'),
(1000, 205, 985, 3, 3, 3, '2021-05-20', '2021-04-02');

-- --------------------------------------------------------

--
-- Table structure for table `order_tracking`
--

DROP TABLE IF EXISTS `order_tracking`;
CREATE TABLE `order_tracking` (
  `id` int(6) NOT NULL,
  `order-num` int(6) NOT NULL,
  `user-id` varchar(20) NOT NULL,
  `date` datetime NOT NULL,
  `payment-status` varchar(10) NOT NULL,
  `payment-method` varchar(10) NOT NULL,
  `order-status` varchar(20) NOT NULL,
  `sum` varchar(10) NOT NULL
) ENGINE=InnoDB DEFAULT CHARSET=utf8mb4;

--
-- Dumping data for table `order_tracking`
--

INSERT INTO `order_tracking` (`id`, `order-num`, `user-id`, `date`, `payment-status`, `payment-method`, `order-status`, `sum`) VALUES
(1, 202101, '', '2021-12-07 07:59:51', 'Paid', 'Swipe', '/', '400'),
(2, 202102, '', '2021-12-08 10:45:02', 'Paid', 'Swipe', '/', '600'),
(3, 202103, '', '2021-12-08 15:23:50', 'Paid', 'Swipe', '/', '200');

-- --------------------------------------------------------

--
-- Table structure for table `payment`
--

DROP TABLE IF EXISTS `payment`;
CREATE TABLE `payment` (
  `id` int(6) NOT NULL,
  `description` varchar(30) DEFAULT NULL,
  `valid` tinyint(4) NOT NULL DEFAULT 1
) ENGINE=InnoDB DEFAULT CHARSET=utf8mb4;

--
-- Dumping data for table `payment`
--

INSERT INTO `payment` (`id`, `description`, `valid`) VALUES
(1, '', 1),
(2, '', 1),
(3, 'Line Pay', 1),
(4, 'Apple Pay', 1),
(5, 'Google Pay', 1),
(6, 'Paypal', 1);

-- --------------------------------------------------------

--
-- Table structure for table `products`
--

DROP TABLE IF EXISTS `products`;
CREATE TABLE `products` (
  `id` int(3) UNSIGNED NOT NULL,
  `name` varchar(30) CHARACTER SET utf8mb4 COLLATE utf8mb4_unicode_ci NOT NULL,
  `price` int(5) NOT NULL,
  `descriptions` varchar(50) CHARACTER SET utf8mb4 COLLATE utf8mb4_unicode_ci NOT NULL,
  `image_before` varchar(50) CHARACTER SET utf8mb4 COLLATE utf8mb4_unicode_ci NOT NULL,
  `image_after` varchar(50) NOT NULL,
  `dng_pkg` varchar(50) NOT NULL,
  `category_id` int(3) UNSIGNED DEFAULT NULL,
  `sold_total` int(10) NOT NULL,
  `create_date` datetime NOT NULL,
  `auto_create_date` datetime NOT NULL,
  `auto_delete_date` datetime NOT NULL,
  `valid` tinyint(4) DEFAULT NULL
) ENGINE=InnoDB DEFAULT CHARSET=utf8mb4;

--
-- Dumping data for table `products`
--

INSERT INTO `products` (`id`, `name`, `price`, `descriptions`, `image_before`, `image_after`, `dng_pkg`, `category_id`, `sold_total`, `create_date`, `auto_create_date`, `auto_delete_date`, `valid`) VALUES
(1, '1', 100, '', 'image1.jpg', '', '', 1, 5, '2021-12-07 11:49:55', '2021-12-07 11:49:55', '2021-12-07 11:49:55', 1),
(2, '2', 100, '', 'image2.jpg', '', '', 2, 10, '2021-12-07 11:49:55', '2021-12-07 11:49:55', '2021-12-07 11:49:55', 0),
(3, '3', 100, '', 'image3.jpg', '', '', 3, 15, '2021-12-07 11:51:52', '2021-12-07 11:51:52', '2021-12-07 11:51:52', 1),
(4, '4', 100, '', 'image4.jpg', '', '', 4, 20, '2021-12-07 11:51:52', '2021-12-07 11:51:52', '2021-12-07 11:51:52', 2),
(5, '5', 100, '', 'image5.jpg', '', '', 5, 0, '2021-12-07 11:53:15', '2021-12-07 11:53:15', '2021-12-07 11:53:15', 0),
(25, '1', 100, '1', 'A_1.jpg', 'B_1.jpg', '_1.dng', 1, 0, '2021-12-09 16:14:57', '2021-12-09 16:14:57', '2021-12-09 16:14:57', 1),
(26, '2', 100, '2', 'B_2.jpg', 'A_2.jpg', '_2.dng', 2, 0, '2021-12-09 16:16:05', '2021-12-09 16:16:05', '2021-12-09 16:16:05', 1),
(27, '1', 100, '1', 'b-Film_1.jpg', 'a-Film_1.jpg', 'Film_1.dng', 3, 0, '2021-12-09 16:18:31', '2021-12-09 16:18:31', '2021-12-09 16:18:31', 1),
(28, '', 0, '', '', '', '', 0, 0, '2021-12-09 16:19:07', '2021-12-09 16:19:07', '2021-12-09 16:19:07', 1),
(29, '', 0, '', '', '', '', 0, 0, '2021-12-09 16:19:08', '2021-12-09 16:19:08', '2021-12-09 16:19:08', 1),
(30, '1', 100, '1', 'AFTER.jpg', 'BEFORE.jpg', ' DNG.dng', 0, 0, '2021-12-10 09:22:57', '2021-12-10 09:22:57', '2021-12-10 09:22:57', 1),
(31, '1', 100, '1', 'BEFORE.jpg', 'AFTER.jpg', ' DNG.dng', 4, 0, '2021-12-10 09:24:00', '2021-12-10 09:24:00', '2021-12-10 09:24:00', 1),
(32, '1', 100, '1', '01BRFORE.jpg', '01AFTER.jpg', '01.dng', 3, 0, '2021-12-10 09:26:10', '2021-12-10 09:26:10', '2021-12-10 09:26:10', 1);

-- --------------------------------------------------------

--
-- Table structure for table `subscribe`
--

DROP TABLE IF EXISTS `subscribe`;
CREATE TABLE `subscribe` (
  `id` int(3) UNSIGNED NOT NULL,
  `subscribe_name` varchar(20) CHARACTER SET utf8mb4 COLLATE utf8mb4_unicode_ci NOT NULL,
  `subscribe_describe` varchar(20) CHARACTER SET utf8mb4 COLLATE utf8mb4_unicode_ci NOT NULL
) ENGINE=InnoDB DEFAULT CHARSET=utf8mb4;

--
-- Dumping data for table `subscribe`
--

INSERT INTO `subscribe` (`id`, `subscribe_name`, `subscribe_describe`) VALUES
(1, '1', '30'),
(2, '2', '60'),
(3, '3', '90'),
(4, '4', '1');

-- --------------------------------------------------------

--
-- Table structure for table `tag`
--

DROP TABLE IF EXISTS `tag`;
CREATE TABLE `tag` (
  `id` int(6) UNSIGNED NOT NULL,
  `name` varchar(20) CHARACTER SET utf8mb4 COLLATE utf8mb4_unicode_ci NOT NULL
) ENGINE=InnoDB DEFAULT CHARSET=utf8mb4;

--
-- Dumping data for table `tag`
--

INSERT INTO `tag` (`id`, `name`) VALUES
(1, 'VIP'),
(2, '');

--
-- Indexes for dumped tables
--

--
-- Indexes for table `admin`
--
ALTER TABLE `admin`
  ADD PRIMARY KEY (`admin_id`);

--
-- Indexes for table `category`
--
ALTER TABLE `category`
  ADD PRIMARY KEY (`category_id`);

--
-- Indexes for table `customer`
--
ALTER TABLE `customer`
  ADD PRIMARY KEY (`id`);

--
-- Indexes for table `discount`
--
ALTER TABLE `discount`
  ADD PRIMARY KEY (`id`);

--
-- Indexes for table `orders`
--
ALTER TABLE `orders`
  ADD PRIMARY KEY (`id`);

--
-- Indexes for table `orders_detail`
--
ALTER TABLE `orders_detail`
  ADD PRIMARY KEY (`id`);

--
-- Indexes for table `order_tracking`
--
ALTER TABLE `order_tracking`
  ADD PRIMARY KEY (`id`);

--
-- Indexes for table `payment`
--
ALTER TABLE `payment`
  ADD PRIMARY KEY (`id`);

--
-- Indexes for table `products`
--
ALTER TABLE `products`
  ADD PRIMARY KEY (`id`);

--
-- Indexes for table `subscribe`
--
ALTER TABLE `subscribe`
  ADD PRIMARY KEY (`id`);

--
-- Indexes for table `tag`
--
ALTER TABLE `tag`
  ADD PRIMARY KEY (`id`);

--
-- AUTO_INCREMENT for dumped tables
--

--
-- AUTO_INCREMENT for table `admin`
--
ALTER TABLE `admin`
  MODIFY `admin_id` int(6) UNSIGNED NOT NULL AUTO_INCREMENT, AUTO_INCREMENT=2;

--
-- AUTO_INCREMENT for table `category`
--
ALTER TABLE `category`
  MODIFY `category_id` int(6) UNSIGNED NOT NULL AUTO_INCREMENT, AUTO_INCREMENT=6;

--
-- AUTO_INCREMENT for table `customer`
--
ALTER TABLE `customer`
  MODIFY `id` int(6) UNSIGNED NOT NULL AUTO_INCREMENT, AUTO_INCREMENT=2;

--
-- AUTO_INCREMENT for table `discount`
--
ALTER TABLE `discount`
  MODIFY `id` int(11) NOT NULL AUTO_INCREMENT, AUTO_INCREMENT=4;

--
-- AUTO_INCREMENT for table `orders`
--
ALTER TABLE `orders`
  MODIFY `id` int(11) NOT NULL AUTO_INCREMENT, AUTO_INCREMENT=1001;

--
-- AUTO_INCREMENT for table `orders_detail`
--
ALTER TABLE `orders_detail`
  MODIFY `id` int(11) NOT NULL AUTO_INCREMENT, AUTO_INCREMENT=1001;

--
-- AUTO_INCREMENT for table `order_tracking`
--
ALTER TABLE `order_tracking`
  MODIFY `id` int(6) NOT NULL AUTO_INCREMENT, AUTO_INCREMENT=4;

--
-- AUTO_INCREMENT for table `payment`
--
ALTER TABLE `payment`
  MODIFY `id` int(6) NOT NULL AUTO_INCREMENT, AUTO_INCREMENT=7;

--
-- AUTO_INCREMENT for table `products`
--
ALTER TABLE `products`
  MODIFY `id` int(3) UNSIGNED NOT NULL AUTO_INCREMENT, AUTO_INCREMENT=33;

--
-- AUTO_INCREMENT for table `subscribe`
--
ALTER TABLE `subscribe`
  MODIFY `id` int(3) UNSIGNED NOT NULL AUTO_INCREMENT, AUTO_INCREMENT=7;

--
-- AUTO_INCREMENT for table `tag`
--
ALTER TABLE `tag`
  MODIFY `id` int(6) UNSIGNED NOT NULL AUTO_INCREMENT, AUTO_INCREMENT=3;
COMMIT;

/*!40101 SET CHARACTER_SET_CLIENT=@OLD_CHARACTER_SET_CLIENT */;
/*!40101 SET CHARACTER_SET_RESULTS=@OLD_CHARACTER_SET_RESULTS */;
/*!40101 SET COLLATION_CONNECTION=@OLD_COLLATION_CONNECTION */;
